<?xml version="1.0" encoding="UTF-8" ?>
<!-- This is a WordPress eXtended RSS file generated by WordPress as an export of your site. -->
<!-- It contains information about your site's posts, pages, comments, categories, and other content. -->
<!-- You may use this file to transfer that content from one site to another. -->
<!-- This file is not intended to serve as a complete backup of your site. -->

<!-- To import this information into a WordPress site follow these steps: -->
<!-- 1. Log in to that site as an administrator. -->
<!-- 2. Go to Tools: Import in the WordPress admin panel. -->
<!-- 3. Install the "WordPress" importer from the list. -->
<!-- 4. Activate & Run Importer. -->
<!-- 5. Upload this file using the form provided on that page. -->
<!-- 6. You will first be asked to map the authors in this export file to users -->
<!--    on the site. For each author, you may choose to map to an -->
<!--    existing user on the site or to create a new user. -->
<!-- 7. WordPress will then import each of the posts, pages, comments, categories, etc. -->
<!--    contained in this file into your site. -->

<!-- generator="WordPress/4.2.2" created="2015-05-21 10:59" -->
<rss version="2.0"
	xmlns:excerpt="http://wordpress.org/export/1.2/excerpt/"
	xmlns:content="http://purl.org/rss/1.0/modules/content/"
	xmlns:wfw="http://wellformedweb.org/CommentAPI/"
	xmlns:dc="http://purl.org/dc/elements/1.1/"
	xmlns:wp="http://wordpress.org/export/1.2/"
>

<channel>
	<title>Traveler</title>
	<link>http://travelerdata.wpengine.com</link>
	<description>Just another WordPress site</description>
	<pubDate>Thu, 21 May 2015 10:59:16 +0000</pubDate>
	<language>en-US</language>
	<wp:wxr_version>1.2</wp:wxr_version>
	<wp:base_site_url>http://travelerdata.wpengine.com</wp:base_site_url>
	<wp:base_blog_url>http://travelerdata.wpengine.com</wp:base_blog_url>

	<wp:author><wp:author_id>1</wp:author_id><wp:author_login>admin</wp:author_login><wp:author_email>test@gmail.com</wp:author_email><wp:author_display_name><![CDATA[admin]]></wp:author_display_name><wp:author_first_name><![CDATA[Hanh]]></wp:author_first_name><wp:author_last_name><![CDATA[Hanh]]></wp:author_last_name></wp:author>


	<generator>http://wordpress.org/?v=4.2.2</generator>

	<item>
		<title>Maserati GranTurismo</title>
		<link>http://travelerdata.wpengine.com/st_car/maserati-granturismo/</link>
		<pubDate>Mon, 22 Dec 2014 03:24:55 +0000</pubDate>
		<dc:creator><![CDATA[admin]]></dc:creator>
		<guid isPermaLink="false">http://traveler.shinethemedev.com/wordpress/?post_type=st_cars&#038;p=679</guid>
		<description></description>
		<content:encoded><![CDATA[]]></content:encoded>
		<excerpt:encoded><![CDATA[Arrive at your destination in style with this air-conditioned automatic. With room for 4 passengers and 2 pieces of luggage, it's ideal for small groups looking to get from A to B in comfort. Price can change at any moment so book now to avoid disappointment!]]></excerpt:encoded>
		<wp:post_id>679</wp:post_id>
		<wp:post_date>2014-12-22 03:24:55</wp:post_date>
		<wp:post_date_gmt>2014-12-22 03:24:55</wp:post_date_gmt>
		<wp:comment_status>closed</wp:comment_status>
		<wp:ping_status>closed</wp:ping_status>
		<wp:post_name>maserati-granturismo</wp:post_name>
		<wp:status>publish</wp:status>
		<wp:post_parent>0</wp:post_parent>
		<wp:menu_order>0</wp:menu_order>
		<wp:post_type>st_cars</wp:post_type>
		<wp:post_password></wp:post_password>
		<wp:is_sticky>0</wp:is_sticky>
		<category domain="car_features" nicename="2-pieces-of-laggage"><![CDATA[2 Pieces of Laggage]]></category>
		<category domain="car_features" nicename="3-doors"><![CDATA[3 Doors]]></category>
		<category domain="default_equipment" nicename="climate-control"><![CDATA[Climate Control]]></category>
		<category domain="st_category_cars" nicename="economy"><![CDATA[Premium]]></category>
		<category domain="st_cars_pickup_features" nicename="terminal-pickup"><![CDATA[Terminal Pickup]]></category>
		<wp:postmeta>
			<wp:meta_key>_edit_last</wp:meta_key>
			<wp:meta_value><![CDATA[1]]></wp:meta_value>
		</wp:postmeta>
		<wp:postmeta>
			<wp:meta_key>st_custom_layout</wp:meta_key>
			<wp:meta_value><![CDATA[678]]></wp:meta_value>
		</wp:postmeta>
		<wp:postmeta>
			<wp:meta_key>cars_price</wp:meta_key>
			<wp:meta_value><![CDATA[70]]></wp:meta_value>
		</wp:postmeta>
		<wp:postmeta>
			<wp:meta_key>cars_equipment_list</wp:meta_key>
			<wp:meta_value><![CDATA[a:5:{i:0;a:2:{s:5:"title";s:18:"Child Toddler Seat";s:25:"cars_equipment_list_price";s:2:"35";}i:1;a:2:{s:5:"title";s:8:"Ski Rack";s:25:"cars_equipment_list_price";s:2:"40";}i:2;a:2:{s:5:"title";s:17:"Infant Child Seat";s:25:"cars_equipment_list_price";s:2:"35";}i:3;a:2:{s:5:"title";s:13:"GPS Satellite";s:25:"cars_equipment_list_price";s:3:"100";}i:4;a:2:{s:5:"title";s:11:"Show Chains";s:25:"cars_equipment_list_price";s:3:"120";}}]]></wp:meta_value>
		</wp:postmeta>
		<wp:postmeta>
			<wp:meta_key>cars_set_as_featured</wp:meta_key>
			<wp:meta_value><![CDATA[off]]></wp:meta_value>
		</wp:postmeta>
		<wp:postmeta>
			<wp:meta_key>cars_email</wp:meta_key>
			<wp:meta_value><![CDATA[doquangquan93@gmail.com]]></wp:meta_value>
		</wp:postmeta>
		<wp:postmeta>
			<wp:meta_key>cars_phone</wp:meta_key>
			<wp:meta_value><![CDATA[+84 1644188984]]></wp:meta_value>
		</wp:postmeta>
		<wp:postmeta>
			<wp:meta_key>post_views_count</wp:meta_key>
			<wp:meta_value><![CDATA[]]></wp:meta_value>
		</wp:postmeta>
		<wp:postmeta>
			<wp:meta_key>_thumbnail_id</wp:meta_key>
			<wp:meta_value><![CDATA[5053]]></wp:meta_value>
		</wp:postmeta>
		<wp:postmeta>
			<wp:meta_key>id_location</wp:meta_key>
			<wp:meta_value><![CDATA[287]]></wp:meta_value>
		</wp:postmeta>
		<wp:postmeta>
			<wp:meta_key>cars_address</wp:meta_key>
			<wp:meta_value><![CDATA[Paris]]></wp:meta_value>
		</wp:postmeta>
		<wp:postmeta>
			<wp:meta_key>is_sale_schedule</wp:meta_key>
			<wp:meta_value><![CDATA[off]]></wp:meta_value>
		</wp:postmeta>
		<wp:postmeta>
			<wp:meta_key>rate_review</wp:meta_key>
			<wp:meta_value><![CDATA[0]]></wp:meta_value>
		</wp:postmeta>
		<wp:postmeta>
			<wp:meta_key>sale_price</wp:meta_key>
			<wp:meta_value><![CDATA[70]]></wp:meta_value>
		</wp:postmeta>
		<wp:postmeta>
			<wp:meta_key>number_car</wp:meta_key>
			<wp:meta_value><![CDATA[1]]></wp:meta_value>
		</wp:postmeta>
		<wp:postmeta>
			<wp:meta_key>is_featured</wp:meta_key>
			<wp:meta_value><![CDATA[on]]></wp:meta_value>
		</wp:postmeta>
		<wp:postmeta>
			<wp:meta_key>_vc_post_settings</wp:meta_key>
			<wp:meta_value><![CDATA[a:2:{s:7:"vc_grid";a:0:{}s:10:"vc_grid_id";a:0:{}}]]></wp:meta_value>
		</wp:postmeta>
	</item>
	<item>
		<title>BMW-X6-facelift</title>
		<link>http://travelerdata.wpengine.com/st_car/bmw-x6-facelift/</link>
		<pubDate>Wed, 24 Dec 2014 09:40:06 +0000</pubDate>
		<dc:creator><![CDATA[admin]]></dc:creator>
		<guid isPermaLink="false">http://traveler.shinethemedev.com/wordpress/?post_type=st_cars&#038;p=904</guid>
		<description></description>
		<content:encoded><![CDATA[]]></content:encoded>
		<excerpt:encoded><![CDATA[Arrive at your destination in style with this air-conditioned automatic. With room for 4 passengers and 2 pieces of luggage, it's ideal for small groups looking to get from A to B in comfort. Price can change at any moment so book now to avoid disappointment!]]></excerpt:encoded>
		<wp:post_id>904</wp:post_id>
		<wp:post_date>2014-12-24 09:40:06</wp:post_date>
		<wp:post_date_gmt>2014-12-24 09:40:06</wp:post_date_gmt>
		<wp:comment_status>closed</wp:comment_status>
		<wp:ping_status>closed</wp:ping_status>
		<wp:post_name>bmw-x6-facelift</wp:post_name>
		<wp:status>publish</wp:status>
		<wp:post_parent>0</wp:post_parent>
		<wp:menu_order>0</wp:menu_order>
		<wp:post_type>st_cars</wp:post_type>
		<wp:post_password></wp:post_password>
		<wp:is_sticky>0</wp:is_sticky>
		<category domain="car_features" nicename="2-pieces-of-laggage"><![CDATA[2 Pieces of Laggage]]></category>
		<category domain="car_features" nicename="3-doors"><![CDATA[3 Doors]]></category>
		<category domain="default_equipment" nicename="climate-control"><![CDATA[Climate Control]]></category>
		<category domain="st_category_cars" nicename="economy"><![CDATA[Premium]]></category>
		<category domain="st_cars_pickup_features" nicename="terminal-pickup"><![CDATA[Terminal Pickup]]></category>
		<wp:postmeta>
			<wp:meta_key>_edit_last</wp:meta_key>
			<wp:meta_value><![CDATA[1]]></wp:meta_value>
		</wp:postmeta>
		<wp:postmeta>
			<wp:meta_key>st_custom_layout</wp:meta_key>
			<wp:meta_value><![CDATA[678]]></wp:meta_value>
		</wp:postmeta>
		<wp:postmeta>
			<wp:meta_key>cars_price</wp:meta_key>
			<wp:meta_value><![CDATA[90]]></wp:meta_value>
		</wp:postmeta>
		<wp:postmeta>
			<wp:meta_key>cars_equipment_list</wp:meta_key>
			<wp:meta_value><![CDATA[a:5:{i:0;a:2:{s:5:"title";s:18:"Child Toddler Seat";s:25:"cars_equipment_list_price";s:2:"35";}i:1;a:2:{s:5:"title";s:8:"Ski Rack";s:25:"cars_equipment_list_price";s:2:"40";}i:2;a:2:{s:5:"title";s:17:"Infant Child Seat";s:25:"cars_equipment_list_price";s:2:"35";}i:3;a:2:{s:5:"title";s:13:"GPS Satellite";s:25:"cars_equipment_list_price";s:3:"100";}i:4;a:2:{s:5:"title";s:11:"Show Chains";s:25:"cars_equipment_list_price";s:3:"120";}}]]></wp:meta_value>
		</wp:postmeta>
		<wp:postmeta>
			<wp:meta_key>cars_set_as_featured</wp:meta_key>
			<wp:meta_value><![CDATA[off]]></wp:meta_value>
		</wp:postmeta>
		<wp:postmeta>
			<wp:meta_key>cars_email</wp:meta_key>
			<wp:meta_value><![CDATA[doquangquan93@gmail.com]]></wp:meta_value>
		</wp:postmeta>
		<wp:postmeta>
			<wp:meta_key>cars_phone</wp:meta_key>
			<wp:meta_value><![CDATA[+84 1644188984]]></wp:meta_value>
		</wp:postmeta>
		<wp:postmeta>
			<wp:meta_key>post_views_count</wp:meta_key>
			<wp:meta_value><![CDATA[]]></wp:meta_value>
		</wp:postmeta>
		<wp:postmeta>
			<wp:meta_key>_thumbnail_id</wp:meta_key>
			<wp:meta_value><![CDATA[5051]]></wp:meta_value>
		</wp:postmeta>
		<wp:postmeta>
			<wp:meta_key>id_location</wp:meta_key>
			<wp:meta_value><![CDATA[287]]></wp:meta_value>
		</wp:postmeta>
		<wp:postmeta>
			<wp:meta_key>cars_address</wp:meta_key>
			<wp:meta_value><![CDATA[Paris]]></wp:meta_value>
		</wp:postmeta>
		<wp:postmeta>
			<wp:meta_key>_dp_original</wp:meta_key>
			<wp:meta_value><![CDATA[679]]></wp:meta_value>
		</wp:postmeta>
		<wp:postmeta>
			<wp:meta_key>is_sale_schedule</wp:meta_key>
			<wp:meta_value><![CDATA[off]]></wp:meta_value>
		</wp:postmeta>
		<wp:postmeta>
			<wp:meta_key>discount</wp:meta_key>
			<wp:meta_value><![CDATA[50]]></wp:meta_value>
		</wp:postmeta>
		<wp:postmeta>
			<wp:meta_key>rate_review</wp:meta_key>
			<wp:meta_value><![CDATA[0]]></wp:meta_value>
		</wp:postmeta>
		<wp:postmeta>
			<wp:meta_key>_alp_processed</wp:meta_key>
			<wp:meta_value><![CDATA[1423036134]]></wp:meta_value>
		</wp:postmeta>
		<wp:postmeta>
			<wp:meta_key>sale_price_from</wp:meta_key>
			<wp:meta_value><![CDATA[2015-02-04]]></wp:meta_value>
		</wp:postmeta>
		<wp:postmeta>
			<wp:meta_key>sale_price_to</wp:meta_key>
			<wp:meta_value><![CDATA[2015-02-05]]></wp:meta_value>
		</wp:postmeta>
		<wp:postmeta>
			<wp:meta_key>sale_price</wp:meta_key>
			<wp:meta_value><![CDATA[45]]></wp:meta_value>
		</wp:postmeta>
		<wp:postmeta>
			<wp:meta_key>number_car</wp:meta_key>
			<wp:meta_value><![CDATA[1]]></wp:meta_value>
		</wp:postmeta>
		<wp:postmeta>
			<wp:meta_key>_vc_post_settings</wp:meta_key>
			<wp:meta_value><![CDATA[a:2:{s:7:"vc_grid";a:0:{}s:10:"vc_grid_id";a:0:{}}]]></wp:meta_value>
		</wp:postmeta>
		<wp:postmeta>
			<wp:meta_key>is_featured</wp:meta_key>
			<wp:meta_value><![CDATA[off]]></wp:meta_value>
		</wp:postmeta>
	</item>
	<item>
		<title>Chevrolet Camaro</title>
		<link>http://travelerdata.wpengine.com/st_car/chevrolet-camaro/</link>
		<pubDate>Wed, 24 Dec 2014 09:40:32 +0000</pubDate>
		<dc:creator><![CDATA[admin]]></dc:creator>
		<guid isPermaLink="false">http://traveler.shinethemedev.com/wordpress/?post_type=st_cars&#038;p=905</guid>
		<description></description>
		<content:encoded><![CDATA[]]></content:encoded>
		<excerpt:encoded><![CDATA[Arrive at your destination in style with this air-conditioned automatic. With room for 4 passengers and 2 pieces of luggage, it's ideal for small groups looking to get from A to B in comfort. Price can change at any moment so book now to avoid disappointment!]]></excerpt:encoded>
		<wp:post_id>905</wp:post_id>
		<wp:post_date>2014-12-24 09:40:32</wp:post_date>
		<wp:post_date_gmt>2014-12-24 09:40:32</wp:post_date_gmt>
		<wp:comment_status>closed</wp:comment_status>
		<wp:ping_status>closed</wp:ping_status>
		<wp:post_name>chevrolet-camaro</wp:post_name>
		<wp:status>publish</wp:status>
		<wp:post_parent>0</wp:post_parent>
		<wp:menu_order>0</wp:menu_order>
		<wp:post_type>st_cars</wp:post_type>
		<wp:post_password></wp:post_password>
		<wp:is_sticky>0</wp:is_sticky>
		<category domain="car_features" nicename="2-pieces-of-laggage"><![CDATA[2 Pieces of Laggage]]></category>
		<category domain="car_features" nicename="3-doors"><![CDATA[3 Doors]]></category>
		<category domain="default_equipment" nicename="climate-control"><![CDATA[Climate Control]]></category>
		<category domain="st_category_cars" nicename="economy"><![CDATA[Premium]]></category>
		<category domain="st_cars_pickup_features" nicename="terminal-pickup"><![CDATA[Terminal Pickup]]></category>
		<wp:postmeta>
			<wp:meta_key>_edit_last</wp:meta_key>
			<wp:meta_value><![CDATA[1]]></wp:meta_value>
		</wp:postmeta>
		<wp:postmeta>
			<wp:meta_key>st_custom_layout</wp:meta_key>
			<wp:meta_value><![CDATA[678]]></wp:meta_value>
		</wp:postmeta>
		<wp:postmeta>
			<wp:meta_key>cars_price</wp:meta_key>
			<wp:meta_value><![CDATA[100]]></wp:meta_value>
		</wp:postmeta>
		<wp:postmeta>
			<wp:meta_key>cars_equipment_list</wp:meta_key>
			<wp:meta_value><![CDATA[a:5:{i:0;a:2:{s:5:"title";s:18:"Child Toddler Seat";s:25:"cars_equipment_list_price";s:2:"35";}i:1;a:2:{s:5:"title";s:8:"Ski Rack";s:25:"cars_equipment_list_price";s:2:"40";}i:2;a:2:{s:5:"title";s:17:"Infant Child Seat";s:25:"cars_equipment_list_price";s:2:"35";}i:3;a:2:{s:5:"title";s:13:"GPS Satellite";s:25:"cars_equipment_list_price";s:3:"100";}i:4;a:2:{s:5:"title";s:11:"Show Chains";s:25:"cars_equipment_list_price";s:3:"120";}}]]></wp:meta_value>
		</wp:postmeta>
		<wp:postmeta>
			<wp:meta_key>cars_set_as_featured</wp:meta_key>
			<wp:meta_value><![CDATA[off]]></wp:meta_value>
		</wp:postmeta>
		<wp:postmeta>
			<wp:meta_key>cars_email</wp:meta_key>
			<wp:meta_value><![CDATA[doquangquan93@gmail.com]]></wp:meta_value>
		</wp:postmeta>
		<wp:postmeta>
			<wp:meta_key>cars_phone</wp:meta_key>
			<wp:meta_value><![CDATA[+84 1644188984]]></wp:meta_value>
		</wp:postmeta>
		<wp:postmeta>
			<wp:meta_key>post_views_count</wp:meta_key>
			<wp:meta_value><![CDATA[]]></wp:meta_value>
		</wp:postmeta>
		<wp:postmeta>
			<wp:meta_key>_thumbnail_id</wp:meta_key>
			<wp:meta_value><![CDATA[5052]]></wp:meta_value>
		</wp:postmeta>
		<wp:postmeta>
			<wp:meta_key>id_location</wp:meta_key>
			<wp:meta_value><![CDATA[287]]></wp:meta_value>
		</wp:postmeta>
		<wp:postmeta>
			<wp:meta_key>cars_address</wp:meta_key>
			<wp:meta_value><![CDATA[Paris]]></wp:meta_value>
		</wp:postmeta>
		<wp:postmeta>
			<wp:meta_key>_dp_original</wp:meta_key>
			<wp:meta_value><![CDATA[679]]></wp:meta_value>
		</wp:postmeta>
		<wp:postmeta>
			<wp:meta_key>is_sale_schedule</wp:meta_key>
			<wp:meta_value><![CDATA[off]]></wp:meta_value>
		</wp:postmeta>
		<wp:postmeta>
			<wp:meta_key>rate_review</wp:meta_key>
			<wp:meta_value><![CDATA[0]]></wp:meta_value>
		</wp:postmeta>
		<wp:postmeta>
			<wp:meta_key>sale_price</wp:meta_key>
			<wp:meta_value><![CDATA[100]]></wp:meta_value>
		</wp:postmeta>
		<wp:postmeta>
			<wp:meta_key>number_car</wp:meta_key>
			<wp:meta_value><![CDATA[1]]></wp:meta_value>
		</wp:postmeta>
		<wp:postmeta>
			<wp:meta_key>_vc_post_settings</wp:meta_key>
			<wp:meta_value><![CDATA[a:2:{s:7:"vc_grid";a:0:{}s:10:"vc_grid_id";a:0:{}}]]></wp:meta_value>
		</wp:postmeta>
		<wp:postmeta>
			<wp:meta_key>is_featured</wp:meta_key>
			<wp:meta_value><![CDATA[off]]></wp:meta_value>
		</wp:postmeta>
	</item>
	<item>
		<title>Honda Civic</title>
		<link>http://travelerdata.wpengine.com/st_car/honda-civic/</link>
		<pubDate>Wed, 24 Dec 2014 09:40:49 +0000</pubDate>
		<dc:creator><![CDATA[admin]]></dc:creator>
		<guid isPermaLink="false">http://traveler.shinethemedev.com/wordpress/?post_type=st_cars&#038;p=906</guid>
		<description></description>
		<content:encoded><![CDATA[]]></content:encoded>
		<excerpt:encoded><![CDATA[Arrive at your destination in style with this air-conditioned automatic. With room for 4 passengers and 2 pieces of luggage, it's ideal for small groups looking to get from A to B in comfort. Price can change at any moment so book now to avoid disappointment!]]></excerpt:encoded>
		<wp:post_id>906</wp:post_id>
		<wp:post_date>2014-12-24 09:40:49</wp:post_date>
		<wp:post_date_gmt>2014-12-24 09:40:49</wp:post_date_gmt>
		<wp:comment_status>closed</wp:comment_status>
		<wp:ping_status>closed</wp:ping_status>
		<wp:post_name>honda-civic</wp:post_name>
		<wp:status>publish</wp:status>
		<wp:post_parent>0</wp:post_parent>
		<wp:menu_order>0</wp:menu_order>
		<wp:post_type>st_cars</wp:post_type>
		<wp:post_password></wp:post_password>
		<wp:is_sticky>0</wp:is_sticky>
		<category domain="car_features" nicename="2-pieces-of-laggage"><![CDATA[2 Pieces of Laggage]]></category>
		<category domain="car_features" nicename="3-doors"><![CDATA[3 Doors]]></category>
		<category domain="default_equipment" nicename="climate-control"><![CDATA[Climate Control]]></category>
		<category domain="st_category_cars" nicename="economy"><![CDATA[Premium]]></category>
		<category domain="st_cars_pickup_features" nicename="terminal-pickup"><![CDATA[Terminal Pickup]]></category>
		<wp:postmeta>
			<wp:meta_key>_edit_last</wp:meta_key>
			<wp:meta_value><![CDATA[1]]></wp:meta_value>
		</wp:postmeta>
		<wp:postmeta>
			<wp:meta_key>st_custom_layout</wp:meta_key>
			<wp:meta_value><![CDATA[678]]></wp:meta_value>
		</wp:postmeta>
		<wp:postmeta>
			<wp:meta_key>cars_price</wp:meta_key>
			<wp:meta_value><![CDATA[200]]></wp:meta_value>
		</wp:postmeta>
		<wp:postmeta>
			<wp:meta_key>cars_equipment_list</wp:meta_key>
			<wp:meta_value><![CDATA[a:5:{i:0;a:2:{s:5:"title";s:18:"Child Toddler Seat";s:25:"cars_equipment_list_price";s:2:"35";}i:1;a:2:{s:5:"title";s:8:"Ski Rack";s:25:"cars_equipment_list_price";s:2:"40";}i:2;a:2:{s:5:"title";s:17:"Infant Child Seat";s:25:"cars_equipment_list_price";s:2:"35";}i:3;a:2:{s:5:"title";s:13:"GPS Satellite";s:25:"cars_equipment_list_price";s:3:"100";}i:4;a:2:{s:5:"title";s:11:"Show Chains";s:25:"cars_equipment_list_price";s:3:"120";}}]]></wp:meta_value>
		</wp:postmeta>
		<wp:postmeta>
			<wp:meta_key>cars_set_as_featured</wp:meta_key>
			<wp:meta_value><![CDATA[off]]></wp:meta_value>
		</wp:postmeta>
		<wp:postmeta>
			<wp:meta_key>cars_email</wp:meta_key>
			<wp:meta_value><![CDATA[doquangquan93@gmail.com]]></wp:meta_value>
		</wp:postmeta>
		<wp:postmeta>
			<wp:meta_key>cars_phone</wp:meta_key>
			<wp:meta_value><![CDATA[+84 1644188984]]></wp:meta_value>
		</wp:postmeta>
		<wp:postmeta>
			<wp:meta_key>post_views_count</wp:meta_key>
			<wp:meta_value><![CDATA[]]></wp:meta_value>
		</wp:postmeta>
		<wp:postmeta>
			<wp:meta_key>_thumbnail_id</wp:meta_key>
			<wp:meta_value><![CDATA[5053]]></wp:meta_value>
		</wp:postmeta>
		<wp:postmeta>
			<wp:meta_key>id_location</wp:meta_key>
			<wp:meta_value><![CDATA[287]]></wp:meta_value>
		</wp:postmeta>
		<wp:postmeta>
			<wp:meta_key>cars_address</wp:meta_key>
			<wp:meta_value><![CDATA[Paris]]></wp:meta_value>
		</wp:postmeta>
		<wp:postmeta>
			<wp:meta_key>_dp_original</wp:meta_key>
			<wp:meta_value><![CDATA[679]]></wp:meta_value>
		</wp:postmeta>
		<wp:postmeta>
			<wp:meta_key>is_sale_schedule</wp:meta_key>
			<wp:meta_value><![CDATA[off]]></wp:meta_value>
		</wp:postmeta>
		<wp:postmeta>
			<wp:meta_key>rate_review</wp:meta_key>
			<wp:meta_value><![CDATA[0]]></wp:meta_value>
		</wp:postmeta>
		<wp:postmeta>
			<wp:meta_key>sale_price</wp:meta_key>
			<wp:meta_value><![CDATA[200]]></wp:meta_value>
		</wp:postmeta>
		<wp:postmeta>
			<wp:meta_key>number_car</wp:meta_key>
			<wp:meta_value><![CDATA[1]]></wp:meta_value>
		</wp:postmeta>
		<wp:postmeta>
			<wp:meta_key>_vc_post_settings</wp:meta_key>
			<wp:meta_value><![CDATA[a:2:{s:7:"vc_grid";a:0:{}s:10:"vc_grid_id";a:0:{}}]]></wp:meta_value>
		</wp:postmeta>
		<wp:postmeta>
			<wp:meta_key>is_featured</wp:meta_key>
			<wp:meta_value><![CDATA[off]]></wp:meta_value>
		</wp:postmeta>
	</item>
	<item>
		<title>Lamborghini Mansory Aventador</title>
		<link>http://travelerdata.wpengine.com/st_car/lamborghini-mansory-aventador/</link>
		<pubDate>Wed, 24 Dec 2014 09:41:16 +0000</pubDate>
		<dc:creator><![CDATA[admin]]></dc:creator>
		<guid isPermaLink="false">http://traveler.shinethemedev.com/wordpress/?post_type=st_cars&#038;p=907</guid>
		<description></description>
		<content:encoded><![CDATA[]]></content:encoded>
		<excerpt:encoded><![CDATA[Arrive at your destination in style with this air-conditioned automatic. With room for 4 passengers and 2 pieces of luggage, it's ideal for small groups looking to get from A to B in comfort. Price can change at any moment so book now to avoid disappointment!]]></excerpt:encoded>
		<wp:post_id>907</wp:post_id>
		<wp:post_date>2014-12-24 09:41:16</wp:post_date>
		<wp:post_date_gmt>2014-12-24 09:41:16</wp:post_date_gmt>
		<wp:comment_status>closed</wp:comment_status>
		<wp:ping_status>closed</wp:ping_status>
		<wp:post_name>lamborghini-mansory-aventador</wp:post_name>
		<wp:status>publish</wp:status>
		<wp:post_parent>0</wp:post_parent>
		<wp:menu_order>0</wp:menu_order>
		<wp:post_type>st_cars</wp:post_type>
		<wp:post_password></wp:post_password>
		<wp:is_sticky>0</wp:is_sticky>
		<category domain="car_features" nicename="2-pieces-of-laggage"><![CDATA[2 Pieces of Laggage]]></category>
		<category domain="car_features" nicename="3-doors"><![CDATA[3 Doors]]></category>
		<category domain="car_features" nicename="automatic-transmission"><![CDATA[Automatic Transmission]]></category>
		<category domain="default_equipment" nicename="climate-control"><![CDATA[Climate Control]]></category>
		<category domain="default_equipment" nicename="fm-radio"><![CDATA[FM Radio]]></category>
		<category domain="car_features" nicename="gas-vehicle"><![CDATA[Gas Vehicle]]></category>
		<category domain="st_cars_pickup_features" nicename="meet-and-greet"><![CDATA[Meet and Greet]]></category>
		<category domain="default_equipment" nicename="power-door-locks"><![CDATA[Power Door Locks]]></category>
		<category domain="default_equipment" nicename="power-windows"><![CDATA[Power Windows]]></category>
		<category domain="st_category_cars" nicename="economy"><![CDATA[Premium]]></category>
		<category domain="default_equipment" nicename="stereo-cdmp3"><![CDATA[Stereo CD/MP3]]></category>
		<category domain="st_cars_pickup_features" nicename="terminal-pickup"><![CDATA[Terminal Pickup]]></category>
		<category domain="car_features" nicename="up-to-4-passengers"><![CDATA[Up to 4 Passengers]]></category>
		<wp:postmeta>
			<wp:meta_key>_edit_last</wp:meta_key>
			<wp:meta_value><![CDATA[1]]></wp:meta_value>
		</wp:postmeta>
		<wp:postmeta>
			<wp:meta_key>st_custom_layout</wp:meta_key>
			<wp:meta_value><![CDATA[678]]></wp:meta_value>
		</wp:postmeta>
		<wp:postmeta>
			<wp:meta_key>cars_price</wp:meta_key>
			<wp:meta_value><![CDATA[400]]></wp:meta_value>
		</wp:postmeta>
		<wp:postmeta>
			<wp:meta_key>cars_equipment_list</wp:meta_key>
			<wp:meta_value><![CDATA[a:5:{i:0;a:2:{s:5:"title";s:18:"Child Toddler Seat";s:25:"cars_equipment_list_price";s:2:"35";}i:1;a:2:{s:5:"title";s:8:"Ski Rack";s:25:"cars_equipment_list_price";s:2:"40";}i:2;a:2:{s:5:"title";s:17:"Infant Child Seat";s:25:"cars_equipment_list_price";s:2:"35";}i:3;a:2:{s:5:"title";s:13:"GPS Satellite";s:25:"cars_equipment_list_price";s:3:"100";}i:4;a:2:{s:5:"title";s:11:"Show Chains";s:25:"cars_equipment_list_price";s:3:"120";}}]]></wp:meta_value>
		</wp:postmeta>
		<wp:postmeta>
			<wp:meta_key>cars_set_as_featured</wp:meta_key>
			<wp:meta_value><![CDATA[off]]></wp:meta_value>
		</wp:postmeta>
		<wp:postmeta>
			<wp:meta_key>cars_email</wp:meta_key>
			<wp:meta_value><![CDATA[doquangquan93@gmail.com]]></wp:meta_value>
		</wp:postmeta>
		<wp:postmeta>
			<wp:meta_key>cars_phone</wp:meta_key>
			<wp:meta_value><![CDATA[+84 1644188984]]></wp:meta_value>
		</wp:postmeta>
		<wp:postmeta>
			<wp:meta_key>post_views_count</wp:meta_key>
			<wp:meta_value><![CDATA[]]></wp:meta_value>
		</wp:postmeta>
		<wp:postmeta>
			<wp:meta_key>_thumbnail_id</wp:meta_key>
			<wp:meta_value><![CDATA[5052]]></wp:meta_value>
		</wp:postmeta>
		<wp:postmeta>
			<wp:meta_key>id_location</wp:meta_key>
			<wp:meta_value><![CDATA[287]]></wp:meta_value>
		</wp:postmeta>
		<wp:postmeta>
			<wp:meta_key>cars_address</wp:meta_key>
			<wp:meta_value><![CDATA[New York: JFK International Airport Federal Circle Bldf. 312, Jamaica, NY (NY), United States, 11430]]></wp:meta_value>
		</wp:postmeta>
		<wp:postmeta>
			<wp:meta_key>_dp_original</wp:meta_key>
			<wp:meta_value><![CDATA[679]]></wp:meta_value>
		</wp:postmeta>
		<wp:postmeta>
			<wp:meta_key>discount</wp:meta_key>
			<wp:meta_value><![CDATA[50]]></wp:meta_value>
		</wp:postmeta>
		<wp:postmeta>
			<wp:meta_key>rate_review</wp:meta_key>
			<wp:meta_value><![CDATA[0]]></wp:meta_value>
		</wp:postmeta>
		<wp:postmeta>
			<wp:meta_key>cars_logo</wp:meta_key>
			<wp:meta_value><![CDATA[http://travelerdata.wpengine.com/wp-content/uploads/2015/01/car.gif]]></wp:meta_value>
		</wp:postmeta>
		<wp:postmeta>
			<wp:meta_key>cars_name</wp:meta_key>
			<wp:meta_value><![CDATA[Lamborghini]]></wp:meta_value>
		</wp:postmeta>
		<wp:postmeta>
			<wp:meta_key>is_sale_schedule</wp:meta_key>
			<wp:meta_value><![CDATA[off]]></wp:meta_value>
		</wp:postmeta>
		<wp:postmeta>
			<wp:meta_key>sale_price</wp:meta_key>
			<wp:meta_value><![CDATA[200]]></wp:meta_value>
		</wp:postmeta>
		<wp:postmeta>
			<wp:meta_key>number_car</wp:meta_key>
			<wp:meta_value><![CDATA[10]]></wp:meta_value>
		</wp:postmeta>
		<wp:postmeta>
			<wp:meta_key>_vc_post_settings</wp:meta_key>
			<wp:meta_value><![CDATA[a:2:{s:7:"vc_grid";a:0:{}s:10:"vc_grid_id";a:0:{}}]]></wp:meta_value>
		</wp:postmeta>
		<wp:postmeta>
			<wp:meta_key>is_featured</wp:meta_key>
			<wp:meta_value><![CDATA[off]]></wp:meta_value>
		</wp:postmeta>
	</item>
	<item>
		<title>Land Rover Range Rover Evoque</title>
		<link>http://travelerdata.wpengine.com/st_car/land-rover-range-rover-evoque/</link>
		<pubDate>Wed, 24 Dec 2014 09:41:43 +0000</pubDate>
		<dc:creator><![CDATA[admin]]></dc:creator>
		<guid isPermaLink="false">http://traveler.shinethemedev.com/wordpress/?post_type=st_cars&#038;p=908</guid>
		<description></description>
		<content:encoded><![CDATA[]]></content:encoded>
		<excerpt:encoded><![CDATA[Arrive at your destination in style with this air-conditioned automatic. With room for 4 passengers and 2 pieces of luggage, it's ideal for small groups looking to get from A to B in comfort. Price can change at any moment so book now to avoid disappointment!]]></excerpt:encoded>
		<wp:post_id>908</wp:post_id>
		<wp:post_date>2014-12-24 09:41:43</wp:post_date>
		<wp:post_date_gmt>2014-12-24 09:41:43</wp:post_date_gmt>
		<wp:comment_status>closed</wp:comment_status>
		<wp:ping_status>closed</wp:ping_status>
		<wp:post_name>land-rover-range-rover-evoque</wp:post_name>
		<wp:status>publish</wp:status>
		<wp:post_parent>0</wp:post_parent>
		<wp:menu_order>0</wp:menu_order>
		<wp:post_type>st_cars</wp:post_type>
		<wp:post_password></wp:post_password>
		<wp:is_sticky>0</wp:is_sticky>
		<category domain="car_features" nicename="2-pieces-of-laggage"><![CDATA[2 Pieces of Laggage]]></category>
		<category domain="car_features" nicename="3-doors"><![CDATA[3 Doors]]></category>
		<category domain="car_features" nicename="automatic-transmission"><![CDATA[Automatic Transmission]]></category>
		<category domain="default_equipment" nicename="climate-control"><![CDATA[Climate Control]]></category>
		<category domain="st_category_cars" nicename="suv"><![CDATA[Compact]]></category>
		<category domain="default_equipment" nicename="fm-radio"><![CDATA[FM Radio]]></category>
		<category domain="car_features" nicename="gas-vehicle"><![CDATA[Gas Vehicle]]></category>
		<category domain="st_cars_pickup_features" nicename="meet-and-greet"><![CDATA[Meet and Greet]]></category>
		<category domain="default_equipment" nicename="power-door-locks"><![CDATA[Power Door Locks]]></category>
		<category domain="default_equipment" nicename="power-windows"><![CDATA[Power Windows]]></category>
		<category domain="st_category_cars" nicename="economy"><![CDATA[Premium]]></category>
		<category domain="default_equipment" nicename="stereo-cdmp3"><![CDATA[Stereo CD/MP3]]></category>
		<category domain="st_cars_pickup_features" nicename="terminal-pickup"><![CDATA[Terminal Pickup]]></category>
		<category domain="car_features" nicename="up-to-4-passengers"><![CDATA[Up to 4 Passengers]]></category>
		<wp:postmeta>
			<wp:meta_key>_edit_last</wp:meta_key>
			<wp:meta_value><![CDATA[1]]></wp:meta_value>
		</wp:postmeta>
		<wp:postmeta>
			<wp:meta_key>st_custom_layout</wp:meta_key>
			<wp:meta_value><![CDATA[678]]></wp:meta_value>
		</wp:postmeta>
		<wp:postmeta>
			<wp:meta_key>cars_price</wp:meta_key>
			<wp:meta_value><![CDATA[45]]></wp:meta_value>
		</wp:postmeta>
		<wp:postmeta>
			<wp:meta_key>cars_equipment_list</wp:meta_key>
			<wp:meta_value><![CDATA[a:5:{i:0;a:2:{s:5:"title";s:18:"Child Toddler Seat";s:25:"cars_equipment_list_price";s:2:"35";}i:1;a:2:{s:5:"title";s:8:"Ski Rack";s:25:"cars_equipment_list_price";s:2:"40";}i:2;a:2:{s:5:"title";s:17:"Infant Child Seat";s:25:"cars_equipment_list_price";s:2:"35";}i:3;a:2:{s:5:"title";s:13:"GPS Satellite";s:25:"cars_equipment_list_price";s:3:"100";}i:4;a:2:{s:5:"title";s:11:"Show Chains";s:25:"cars_equipment_list_price";s:3:"120";}}]]></wp:meta_value>
		</wp:postmeta>
		<wp:postmeta>
			<wp:meta_key>cars_set_as_featured</wp:meta_key>
			<wp:meta_value><![CDATA[off]]></wp:meta_value>
		</wp:postmeta>
		<wp:postmeta>
			<wp:meta_key>cars_email</wp:meta_key>
			<wp:meta_value><![CDATA[doquangquan93@gmail.com]]></wp:meta_value>
		</wp:postmeta>
		<wp:postmeta>
			<wp:meta_key>cars_phone</wp:meta_key>
			<wp:meta_value><![CDATA[+84 1644188984]]></wp:meta_value>
		</wp:postmeta>
		<wp:postmeta>
			<wp:meta_key>post_views_count</wp:meta_key>
			<wp:meta_value><![CDATA[]]></wp:meta_value>
		</wp:postmeta>
		<wp:postmeta>
			<wp:meta_key>_thumbnail_id</wp:meta_key>
			<wp:meta_value><![CDATA[5052]]></wp:meta_value>
		</wp:postmeta>
		<wp:postmeta>
			<wp:meta_key>id_location</wp:meta_key>
			<wp:meta_value><![CDATA[287]]></wp:meta_value>
		</wp:postmeta>
		<wp:postmeta>
			<wp:meta_key>cars_address</wp:meta_key>
			<wp:meta_value><![CDATA[Paris]]></wp:meta_value>
		</wp:postmeta>
		<wp:postmeta>
			<wp:meta_key>_dp_original</wp:meta_key>
			<wp:meta_value><![CDATA[679]]></wp:meta_value>
		</wp:postmeta>
		<wp:postmeta>
			<wp:meta_key>cars_equipment_info</wp:meta_key>
			<wp:meta_value><![CDATA[a:4:{i:0;a:3:{s:5:"title";s:19:"2 Pieces of Laggage";s:26:"cars_equipment_taxonomy_id";s:2:"34";s:28:"cars_equipment_taxonomy_info";s:2:"x5";}i:1;a:3:{s:5:"title";s:7:"3 Doors";s:26:"cars_equipment_taxonomy_id";s:2:"34";s:28:"cars_equipment_taxonomy_info";s:2:"x3";}i:2;a:3:{s:5:"title";s:18:"Up to 4 Passengers";s:26:"cars_equipment_taxonomy_id";s:2:"34";s:28:"cars_equipment_taxonomy_info";s:2:"x5";}i:3;a:3:{s:5:"title";s:22:"Automatic Transmission";s:26:"cars_equipment_taxonomy_id";s:2:"34";s:28:"cars_equipment_taxonomy_info";s:4:"Auto";}}]]></wp:meta_value>
		</wp:postmeta>
		<wp:postmeta>
			<wp:meta_key>rate_review</wp:meta_key>
			<wp:meta_value><![CDATA[0]]></wp:meta_value>
		</wp:postmeta>
		<wp:postmeta>
			<wp:meta_key>is_sale_schedule</wp:meta_key>
			<wp:meta_value><![CDATA[off]]></wp:meta_value>
		</wp:postmeta>
		<wp:postmeta>
			<wp:meta_key>sale_price</wp:meta_key>
			<wp:meta_value><![CDATA[45]]></wp:meta_value>
		</wp:postmeta>
		<wp:postmeta>
			<wp:meta_key>number_car</wp:meta_key>
			<wp:meta_value><![CDATA[1]]></wp:meta_value>
		</wp:postmeta>
		<wp:postmeta>
			<wp:meta_key>_vc_post_settings</wp:meta_key>
			<wp:meta_value><![CDATA[a:2:{s:7:"vc_grid";a:0:{}s:10:"vc_grid_id";a:0:{}}]]></wp:meta_value>
		</wp:postmeta>
		<wp:postmeta>
			<wp:meta_key>is_featured</wp:meta_key>
			<wp:meta_value><![CDATA[off]]></wp:meta_value>
		</wp:postmeta>
	</item>
	<item>
		<title>Nissan GT R</title>
		<link>http://travelerdata.wpengine.com/st_car/nissan-gt-r/</link>
		<pubDate>Sat, 10 Jan 2015 07:10:42 +0000</pubDate>
		<dc:creator><![CDATA[admin]]></dc:creator>
		<guid isPermaLink="false">http://traveler.shinethemedev.com/wordpress/?post_type=st_cars&#038;p=1531</guid>
		<description></description>
		<content:encoded><![CDATA[]]></content:encoded>
		<excerpt:encoded><![CDATA[Arrive at your destination in style with this air-conditioned automatic. With room for 4 passengers and 2 pieces of luggage, it's ideal for small groups looking to get from A to B in comfort. Price can change at any moment so book now to avoid disappointment!]]></excerpt:encoded>
		<wp:post_id>1531</wp:post_id>
		<wp:post_date>2015-01-10 07:10:42</wp:post_date>
		<wp:post_date_gmt>2015-01-10 07:10:42</wp:post_date_gmt>
		<wp:comment_status>closed</wp:comment_status>
		<wp:ping_status>closed</wp:ping_status>
		<wp:post_name>nissan-gt-r</wp:post_name>
		<wp:status>publish</wp:status>
		<wp:post_parent>0</wp:post_parent>
		<wp:menu_order>0</wp:menu_order>
		<wp:post_type>st_cars</wp:post_type>
		<wp:post_password></wp:post_password>
		<wp:is_sticky>0</wp:is_sticky>
		<category domain="car_features" nicename="2-pieces-of-laggage"><![CDATA[2 Pieces of Laggage]]></category>
		<category domain="car_features" nicename="3-doors"><![CDATA[3 Doors]]></category>
		<category domain="car_features" nicename="automatic-transmission"><![CDATA[Automatic Transmission]]></category>
		<category domain="default_equipment" nicename="climate-control"><![CDATA[Climate Control]]></category>
		<category domain="st_category_cars" nicename="suv"><![CDATA[Compact]]></category>
		<category domain="default_equipment" nicename="fm-radio"><![CDATA[FM Radio]]></category>
		<category domain="car_features" nicename="gas-vehicle"><![CDATA[Gas Vehicle]]></category>
		<category domain="st_cars_pickup_features" nicename="meet-and-greet"><![CDATA[Meet and Greet]]></category>
		<category domain="default_equipment" nicename="power-door-locks"><![CDATA[Power Door Locks]]></category>
		<category domain="default_equipment" nicename="power-windows"><![CDATA[Power Windows]]></category>
		<category domain="st_category_cars" nicename="economy"><![CDATA[Premium]]></category>
		<category domain="default_equipment" nicename="stereo-cdmp3"><![CDATA[Stereo CD/MP3]]></category>
		<category domain="st_cars_pickup_features" nicename="terminal-pickup"><![CDATA[Terminal Pickup]]></category>
		<category domain="car_features" nicename="up-to-4-passengers"><![CDATA[Up to 4 Passengers]]></category>
		<wp:postmeta>
			<wp:meta_key>rate_review</wp:meta_key>
			<wp:meta_value><![CDATA[0]]></wp:meta_value>
		</wp:postmeta>
		<wp:postmeta>
			<wp:meta_key>_edit_last</wp:meta_key>
			<wp:meta_value><![CDATA[1]]></wp:meta_value>
		</wp:postmeta>
		<wp:postmeta>
			<wp:meta_key>st_custom_layout</wp:meta_key>
			<wp:meta_value><![CDATA[678]]></wp:meta_value>
		</wp:postmeta>
		<wp:postmeta>
			<wp:meta_key>cars_price</wp:meta_key>
			<wp:meta_value><![CDATA[45]]></wp:meta_value>
		</wp:postmeta>
		<wp:postmeta>
			<wp:meta_key>cars_equipment_list</wp:meta_key>
			<wp:meta_value><![CDATA[a:5:{i:0;a:2:{s:5:"title";s:18:"Child Toddler Seat";s:25:"cars_equipment_list_price";s:2:"35";}i:1;a:2:{s:5:"title";s:8:"Ski Rack";s:25:"cars_equipment_list_price";s:2:"40";}i:2;a:2:{s:5:"title";s:17:"Infant Child Seat";s:25:"cars_equipment_list_price";s:2:"35";}i:3;a:2:{s:5:"title";s:13:"GPS Satellite";s:25:"cars_equipment_list_price";s:3:"100";}i:4;a:2:{s:5:"title";s:11:"Show Chains";s:25:"cars_equipment_list_price";s:3:"120";}}]]></wp:meta_value>
		</wp:postmeta>
		<wp:postmeta>
			<wp:meta_key>cars_set_as_featured</wp:meta_key>
			<wp:meta_value><![CDATA[off]]></wp:meta_value>
		</wp:postmeta>
		<wp:postmeta>
			<wp:meta_key>cars_email</wp:meta_key>
			<wp:meta_value><![CDATA[abc@domain.com]]></wp:meta_value>
		</wp:postmeta>
		<wp:postmeta>
			<wp:meta_key>cars_phone</wp:meta_key>
			<wp:meta_value><![CDATA[+123456789]]></wp:meta_value>
		</wp:postmeta>
		<wp:postmeta>
			<wp:meta_key>post_views_count</wp:meta_key>
			<wp:meta_value><![CDATA[]]></wp:meta_value>
		</wp:postmeta>
		<wp:postmeta>
			<wp:meta_key>_thumbnail_id</wp:meta_key>
			<wp:meta_value><![CDATA[5051]]></wp:meta_value>
		</wp:postmeta>
		<wp:postmeta>
			<wp:meta_key>id_location</wp:meta_key>
			<wp:meta_value><![CDATA[287]]></wp:meta_value>
		</wp:postmeta>
		<wp:postmeta>
			<wp:meta_key>cars_address</wp:meta_key>
			<wp:meta_value><![CDATA[Paris]]></wp:meta_value>
		</wp:postmeta>
		<wp:postmeta>
			<wp:meta_key>cars_equipment_info</wp:meta_key>
			<wp:meta_value><![CDATA[a:4:{i:0;a:3:{s:5:"title";s:19:"2 Pieces of Laggage";s:26:"cars_equipment_taxonomy_id";s:2:"34";s:28:"cars_equipment_taxonomy_info";s:2:"x2";}i:1;a:3:{s:5:"title";s:7:"3 Doors";s:26:"cars_equipment_taxonomy_id";s:2:"34";s:28:"cars_equipment_taxonomy_info";s:2:"x3";}i:2;a:3:{s:5:"title";s:18:"Up to 4 Passengers";s:26:"cars_equipment_taxonomy_id";s:2:"34";s:28:"cars_equipment_taxonomy_info";s:2:"x4";}i:3;a:3:{s:5:"title";s:22:"Automatic Transmission";s:26:"cars_equipment_taxonomy_id";s:2:"34";s:28:"cars_equipment_taxonomy_info";s:4:"Auto";}}]]></wp:meta_value>
		</wp:postmeta>
		<wp:postmeta>
			<wp:meta_key>rate_review</wp:meta_key>
			<wp:meta_value><![CDATA[0]]></wp:meta_value>
		</wp:postmeta>
		<wp:postmeta>
			<wp:meta_key>_dp_original</wp:meta_key>
			<wp:meta_value><![CDATA[908]]></wp:meta_value>
		</wp:postmeta>
		<wp:postmeta>
			<wp:meta_key>cars_logo</wp:meta_key>
			<wp:meta_value><![CDATA[]]></wp:meta_value>
		</wp:postmeta>
		<wp:postmeta>
			<wp:meta_key>is_sale_schedule</wp:meta_key>
			<wp:meta_value><![CDATA[off]]></wp:meta_value>
		</wp:postmeta>
		<wp:postmeta>
			<wp:meta_key>sale_price</wp:meta_key>
			<wp:meta_value><![CDATA[45]]></wp:meta_value>
		</wp:postmeta>
		<wp:postmeta>
			<wp:meta_key>number_car</wp:meta_key>
			<wp:meta_value><![CDATA[1]]></wp:meta_value>
		</wp:postmeta>
		<wp:postmeta>
			<wp:meta_key>_vc_post_settings</wp:meta_key>
			<wp:meta_value><![CDATA[a:2:{s:7:"vc_grid";a:0:{}s:10:"vc_grid_id";a:0:{}}]]></wp:meta_value>
		</wp:postmeta>
		<wp:postmeta>
			<wp:meta_key>is_featured</wp:meta_key>
			<wp:meta_value><![CDATA[off]]></wp:meta_value>
		</wp:postmeta>
	</item>
	<item>
		<title>Mercedes Benz</title>
		<link>http://travelerdata.wpengine.com/st_car/mercedes-benz/</link>
		<pubDate>Sat, 10 Jan 2015 07:32:34 +0000</pubDate>
		<dc:creator><![CDATA[admin]]></dc:creator>
		<guid isPermaLink="false">http://traveler.shinethemedev.com/wordpress/?post_type=st_cars&#038;p=1536</guid>
		<description></description>
		<content:encoded><![CDATA[]]></content:encoded>
		<excerpt:encoded><![CDATA[Arrive at your destination in style with this air-conditioned automatic. With room for 4 passengers and 2 pieces of luggage, it's ideal for small groups looking to get from A to B in comfort. Price can change at any moment so book now to avoid disappointment!]]></excerpt:encoded>
		<wp:post_id>1536</wp:post_id>
		<wp:post_date>2015-01-10 07:32:34</wp:post_date>
		<wp:post_date_gmt>2015-01-10 07:32:34</wp:post_date_gmt>
		<wp:comment_status>closed</wp:comment_status>
		<wp:ping_status>closed</wp:ping_status>
		<wp:post_name>mercedes-benz</wp:post_name>
		<wp:status>publish</wp:status>
		<wp:post_parent>0</wp:post_parent>
		<wp:menu_order>0</wp:menu_order>
		<wp:post_type>st_cars</wp:post_type>
		<wp:post_password></wp:post_password>
		<wp:is_sticky>0</wp:is_sticky>
		<category domain="car_features" nicename="2-pieces-of-laggage"><![CDATA[2 Pieces of Laggage]]></category>
		<category domain="car_features" nicename="3-doors"><![CDATA[3 Doors]]></category>
		<category domain="car_features" nicename="automatic-transmission"><![CDATA[Automatic Transmission]]></category>
		<category domain="default_equipment" nicename="climate-control"><![CDATA[Climate Control]]></category>
		<category domain="st_category_cars" nicename="suv"><![CDATA[Compact]]></category>
		<category domain="default_equipment" nicename="fm-radio"><![CDATA[FM Radio]]></category>
		<category domain="car_features" nicename="gas-vehicle"><![CDATA[Gas Vehicle]]></category>
		<category domain="st_cars_pickup_features" nicename="meet-and-greet"><![CDATA[Meet and Greet]]></category>
		<category domain="default_equipment" nicename="power-door-locks"><![CDATA[Power Door Locks]]></category>
		<category domain="default_equipment" nicename="power-windows"><![CDATA[Power Windows]]></category>
		<category domain="st_category_cars" nicename="economy"><![CDATA[Premium]]></category>
		<category domain="default_equipment" nicename="stereo-cdmp3"><![CDATA[Stereo CD/MP3]]></category>
		<category domain="st_cars_pickup_features" nicename="terminal-pickup"><![CDATA[Terminal Pickup]]></category>
		<category domain="car_features" nicename="up-to-4-passengers"><![CDATA[Up to 4 Passengers]]></category>
		<wp:postmeta>
			<wp:meta_key>rate_review</wp:meta_key>
			<wp:meta_value><![CDATA[0]]></wp:meta_value>
		</wp:postmeta>
		<wp:postmeta>
			<wp:meta_key>_edit_last</wp:meta_key>
			<wp:meta_value><![CDATA[1]]></wp:meta_value>
		</wp:postmeta>
		<wp:postmeta>
			<wp:meta_key>st_custom_layout</wp:meta_key>
			<wp:meta_value><![CDATA[678]]></wp:meta_value>
		</wp:postmeta>
		<wp:postmeta>
			<wp:meta_key>cars_price</wp:meta_key>
			<wp:meta_value><![CDATA[100]]></wp:meta_value>
		</wp:postmeta>
		<wp:postmeta>
			<wp:meta_key>cars_equipment_list</wp:meta_key>
			<wp:meta_value><![CDATA[a:5:{i:0;a:2:{s:5:"title";s:18:"Child Toddler Seat";s:25:"cars_equipment_list_price";s:2:"35";}i:1;a:2:{s:5:"title";s:8:"Ski Rack";s:25:"cars_equipment_list_price";s:2:"40";}i:2;a:2:{s:5:"title";s:17:"Infant Child Seat";s:25:"cars_equipment_list_price";s:2:"35";}i:3;a:2:{s:5:"title";s:13:"GPS Satellite";s:25:"cars_equipment_list_price";s:3:"100";}i:4;a:2:{s:5:"title";s:11:"Show Chains";s:25:"cars_equipment_list_price";s:3:"120";}}]]></wp:meta_value>
		</wp:postmeta>
		<wp:postmeta>
			<wp:meta_key>cars_set_as_featured</wp:meta_key>
			<wp:meta_value><![CDATA[off]]></wp:meta_value>
		</wp:postmeta>
		<wp:postmeta>
			<wp:meta_key>cars_email</wp:meta_key>
			<wp:meta_value><![CDATA[doquangquan93@gmail.com]]></wp:meta_value>
		</wp:postmeta>
		<wp:postmeta>
			<wp:meta_key>cars_phone</wp:meta_key>
			<wp:meta_value><![CDATA[+84 1644188984]]></wp:meta_value>
		</wp:postmeta>
		<wp:postmeta>
			<wp:meta_key>post_views_count</wp:meta_key>
			<wp:meta_value><![CDATA[]]></wp:meta_value>
		</wp:postmeta>
		<wp:postmeta>
			<wp:meta_key>_thumbnail_id</wp:meta_key>
			<wp:meta_value><![CDATA[5053]]></wp:meta_value>
		</wp:postmeta>
		<wp:postmeta>
			<wp:meta_key>id_location</wp:meta_key>
			<wp:meta_value><![CDATA[287]]></wp:meta_value>
		</wp:postmeta>
		<wp:postmeta>
			<wp:meta_key>cars_address</wp:meta_key>
			<wp:meta_value><![CDATA[Paris]]></wp:meta_value>
		</wp:postmeta>
		<wp:postmeta>
			<wp:meta_key>discount</wp:meta_key>
			<wp:meta_value><![CDATA[50]]></wp:meta_value>
		</wp:postmeta>
		<wp:postmeta>
			<wp:meta_key>rate_review</wp:meta_key>
			<wp:meta_value><![CDATA[0]]></wp:meta_value>
		</wp:postmeta>
		<wp:postmeta>
			<wp:meta_key>_dp_original</wp:meta_key>
			<wp:meta_value><![CDATA[907]]></wp:meta_value>
		</wp:postmeta>
		<wp:postmeta>
			<wp:meta_key>is_sale_schedule</wp:meta_key>
			<wp:meta_value><![CDATA[off]]></wp:meta_value>
		</wp:postmeta>
		<wp:postmeta>
			<wp:meta_key>sale_price</wp:meta_key>
			<wp:meta_value><![CDATA[50]]></wp:meta_value>
		</wp:postmeta>
		<wp:postmeta>
			<wp:meta_key>number_car</wp:meta_key>
			<wp:meta_value><![CDATA[1]]></wp:meta_value>
		</wp:postmeta>
		<wp:postmeta>
			<wp:meta_key>_vc_post_settings</wp:meta_key>
			<wp:meta_value><![CDATA[a:2:{s:7:"vc_grid";a:0:{}s:10:"vc_grid_id";a:0:{}}]]></wp:meta_value>
		</wp:postmeta>
		<wp:postmeta>
			<wp:meta_key>is_featured</wp:meta_key>
			<wp:meta_value><![CDATA[off]]></wp:meta_value>
		</wp:postmeta>
	</item>
	<item>
		<title>Audi S8</title>
		<link>http://travelerdata.wpengine.com/st_car/audi-s8/</link>
		<pubDate>Sat, 10 Jan 2015 07:34:52 +0000</pubDate>
		<dc:creator><![CDATA[admin]]></dc:creator>
		<guid isPermaLink="false">http://traveler.shinethemedev.com/wordpress/?post_type=st_cars&#038;p=1537</guid>
		<description></description>
		<content:encoded><![CDATA[]]></content:encoded>
		<excerpt:encoded><![CDATA[Arrive at your destination in style with this air-conditioned automatic. With room for 4 passengers and 2 pieces of luggage, it's ideal for small groups looking to get from A to B in comfort. Price can change at any moment so book now to avoid disappointment!]]></excerpt:encoded>
		<wp:post_id>1537</wp:post_id>
		<wp:post_date>2015-01-10 07:34:52</wp:post_date>
		<wp:post_date_gmt>2015-01-10 07:34:52</wp:post_date_gmt>
		<wp:comment_status>closed</wp:comment_status>
		<wp:ping_status>closed</wp:ping_status>
		<wp:post_name>audi-s8</wp:post_name>
		<wp:status>publish</wp:status>
		<wp:post_parent>0</wp:post_parent>
		<wp:menu_order>0</wp:menu_order>
		<wp:post_type>st_cars</wp:post_type>
		<wp:post_password></wp:post_password>
		<wp:is_sticky>0</wp:is_sticky>
		<category domain="car_features" nicename="2-pieces-of-laggage"><![CDATA[2 Pieces of Laggage]]></category>
		<category domain="car_features" nicename="3-doors"><![CDATA[3 Doors]]></category>
		<category domain="default_equipment" nicename="climate-control"><![CDATA[Climate Control]]></category>
		<category domain="default_equipment" nicename="power-windows"><![CDATA[Power Windows]]></category>
		<category domain="st_category_cars" nicename="economy"><![CDATA[Premium]]></category>
		<category domain="default_equipment" nicename="stereo-cdmp3"><![CDATA[Stereo CD/MP3]]></category>
		<category domain="st_cars_pickup_features" nicename="terminal-pickup"><![CDATA[Terminal Pickup]]></category>
		<category domain="car_features" nicename="up-to-4-passengers"><![CDATA[Up to 4 Passengers]]></category>
		<wp:postmeta>
			<wp:meta_key>rate_review</wp:meta_key>
			<wp:meta_value><![CDATA[0]]></wp:meta_value>
		</wp:postmeta>
		<wp:postmeta>
			<wp:meta_key>_edit_last</wp:meta_key>
			<wp:meta_value><![CDATA[1]]></wp:meta_value>
		</wp:postmeta>
		<wp:postmeta>
			<wp:meta_key>st_custom_layout</wp:meta_key>
			<wp:meta_value><![CDATA[678]]></wp:meta_value>
		</wp:postmeta>
		<wp:postmeta>
			<wp:meta_key>cars_price</wp:meta_key>
			<wp:meta_value><![CDATA[90]]></wp:meta_value>
		</wp:postmeta>
		<wp:postmeta>
			<wp:meta_key>cars_equipment_list</wp:meta_key>
			<wp:meta_value><![CDATA[a:5:{i:0;a:2:{s:5:"title";s:18:"Child Toddler Seat";s:25:"cars_equipment_list_price";s:2:"35";}i:1;a:2:{s:5:"title";s:8:"Ski Rack";s:25:"cars_equipment_list_price";s:2:"40";}i:2;a:2:{s:5:"title";s:17:"Infant Child Seat";s:25:"cars_equipment_list_price";s:2:"35";}i:3;a:2:{s:5:"title";s:13:"GPS Satellite";s:25:"cars_equipment_list_price";s:3:"100";}i:4;a:2:{s:5:"title";s:11:"Show Chains";s:25:"cars_equipment_list_price";s:3:"120";}}]]></wp:meta_value>
		</wp:postmeta>
		<wp:postmeta>
			<wp:meta_key>cars_set_as_featured</wp:meta_key>
			<wp:meta_value><![CDATA[off]]></wp:meta_value>
		</wp:postmeta>
		<wp:postmeta>
			<wp:meta_key>cars_email</wp:meta_key>
			<wp:meta_value><![CDATA[doquangquan93@gmail.com]]></wp:meta_value>
		</wp:postmeta>
		<wp:postmeta>
			<wp:meta_key>cars_phone</wp:meta_key>
			<wp:meta_value><![CDATA[+84 1644188984]]></wp:meta_value>
		</wp:postmeta>
		<wp:postmeta>
			<wp:meta_key>post_views_count</wp:meta_key>
			<wp:meta_value><![CDATA[]]></wp:meta_value>
		</wp:postmeta>
		<wp:postmeta>
			<wp:meta_key>_thumbnail_id</wp:meta_key>
			<wp:meta_value><![CDATA[5052]]></wp:meta_value>
		</wp:postmeta>
		<wp:postmeta>
			<wp:meta_key>id_location</wp:meta_key>
			<wp:meta_value><![CDATA[287]]></wp:meta_value>
		</wp:postmeta>
		<wp:postmeta>
			<wp:meta_key>cars_address</wp:meta_key>
			<wp:meta_value><![CDATA[Paris]]></wp:meta_value>
		</wp:postmeta>
		<wp:postmeta>
			<wp:meta_key>_dp_original</wp:meta_key>
			<wp:meta_value><![CDATA[906]]></wp:meta_value>
		</wp:postmeta>
		<wp:postmeta>
			<wp:meta_key>is_sale_schedule</wp:meta_key>
			<wp:meta_value><![CDATA[off]]></wp:meta_value>
		</wp:postmeta>
		<wp:postmeta>
			<wp:meta_key>sale_price</wp:meta_key>
			<wp:meta_value><![CDATA[90]]></wp:meta_value>
		</wp:postmeta>
		<wp:postmeta>
			<wp:meta_key>number_car</wp:meta_key>
			<wp:meta_value><![CDATA[1]]></wp:meta_value>
		</wp:postmeta>
		<wp:postmeta>
			<wp:meta_key>_vc_post_settings</wp:meta_key>
			<wp:meta_value><![CDATA[a:2:{s:7:"vc_grid";a:0:{}s:10:"vc_grid_id";a:0:{}}]]></wp:meta_value>
		</wp:postmeta>
		<wp:postmeta>
			<wp:meta_key>is_featured</wp:meta_key>
			<wp:meta_value><![CDATA[off]]></wp:meta_value>
		</wp:postmeta>
	</item>
	<item>
		<title>Mitsubishi Outlander</title>
		<link>http://travelerdata.wpengine.com/st_car/mitsubishi-outlander/</link>
		<pubDate>Sat, 10 Jan 2015 07:36:06 +0000</pubDate>
		<dc:creator><![CDATA[admin]]></dc:creator>
		<guid isPermaLink="false">http://traveler.shinethemedev.com/wordpress/?post_type=st_cars&#038;p=1538</guid>
		<description></description>
		<content:encoded><![CDATA[]]></content:encoded>
		<excerpt:encoded><![CDATA[Arrive at your destination in style with this air-conditioned automatic. With room for 4 passengers and 2 pieces of luggage, it's ideal for small groups looking to get from A to B in comfort. Price can change at any moment so book now to avoid disappointment!]]></excerpt:encoded>
		<wp:post_id>1538</wp:post_id>
		<wp:post_date>2015-01-10 07:36:06</wp:post_date>
		<wp:post_date_gmt>2015-01-10 07:36:06</wp:post_date_gmt>
		<wp:comment_status>closed</wp:comment_status>
		<wp:ping_status>closed</wp:ping_status>
		<wp:post_name>mitsubishi-outlander</wp:post_name>
		<wp:status>publish</wp:status>
		<wp:post_parent>0</wp:post_parent>
		<wp:menu_order>0</wp:menu_order>
		<wp:post_type>st_cars</wp:post_type>
		<wp:post_password></wp:post_password>
		<wp:is_sticky>0</wp:is_sticky>
		<category domain="car_features" nicename="2-pieces-of-laggage"><![CDATA[2 Pieces of Laggage]]></category>
		<category domain="car_features" nicename="3-doors"><![CDATA[3 Doors]]></category>
		<category domain="default_equipment" nicename="climate-control"><![CDATA[Climate Control]]></category>
		<category domain="default_equipment" nicename="fm-radio"><![CDATA[FM Radio]]></category>
		<category domain="car_features" nicename="gas-vehicle"><![CDATA[Gas Vehicle]]></category>
		<category domain="st_cars_pickup_features" nicename="meet-and-greet"><![CDATA[Meet and Greet]]></category>
		<category domain="default_equipment" nicename="power-door-locks"><![CDATA[Power Door Locks]]></category>
		<category domain="default_equipment" nicename="power-windows"><![CDATA[Power Windows]]></category>
		<category domain="st_category_cars" nicename="economy"><![CDATA[Premium]]></category>
		<category domain="default_equipment" nicename="stereo-cdmp3"><![CDATA[Stereo CD/MP3]]></category>
		<category domain="st_cars_pickup_features" nicename="terminal-pickup"><![CDATA[Terminal Pickup]]></category>
		<category domain="car_features" nicename="up-to-4-passengers"><![CDATA[Up to 4 Passengers]]></category>
		<wp:postmeta>
			<wp:meta_key>rate_review</wp:meta_key>
			<wp:meta_value><![CDATA[0]]></wp:meta_value>
		</wp:postmeta>
		<wp:postmeta>
			<wp:meta_key>_edit_last</wp:meta_key>
			<wp:meta_value><![CDATA[1]]></wp:meta_value>
		</wp:postmeta>
		<wp:postmeta>
			<wp:meta_key>st_custom_layout</wp:meta_key>
			<wp:meta_value><![CDATA[678]]></wp:meta_value>
		</wp:postmeta>
		<wp:postmeta>
			<wp:meta_key>cars_price</wp:meta_key>
			<wp:meta_value><![CDATA[100]]></wp:meta_value>
		</wp:postmeta>
		<wp:postmeta>
			<wp:meta_key>cars_equipment_list</wp:meta_key>
			<wp:meta_value><![CDATA[a:5:{i:0;a:2:{s:5:"title";s:18:"Child Toddler Seat";s:25:"cars_equipment_list_price";s:2:"35";}i:1;a:2:{s:5:"title";s:8:"Ski Rack";s:25:"cars_equipment_list_price";s:2:"40";}i:2;a:2:{s:5:"title";s:17:"Infant Child Seat";s:25:"cars_equipment_list_price";s:2:"35";}i:3;a:2:{s:5:"title";s:13:"GPS Satellite";s:25:"cars_equipment_list_price";s:3:"100";}i:4;a:2:{s:5:"title";s:11:"Show Chains";s:25:"cars_equipment_list_price";s:3:"120";}}]]></wp:meta_value>
		</wp:postmeta>
		<wp:postmeta>
			<wp:meta_key>cars_set_as_featured</wp:meta_key>
			<wp:meta_value><![CDATA[off]]></wp:meta_value>
		</wp:postmeta>
		<wp:postmeta>
			<wp:meta_key>cars_email</wp:meta_key>
			<wp:meta_value><![CDATA[doquangquan93@gmail.com]]></wp:meta_value>
		</wp:postmeta>
		<wp:postmeta>
			<wp:meta_key>cars_phone</wp:meta_key>
			<wp:meta_value><![CDATA[+84 1644188984]]></wp:meta_value>
		</wp:postmeta>
		<wp:postmeta>
			<wp:meta_key>post_views_count</wp:meta_key>
			<wp:meta_value><![CDATA[]]></wp:meta_value>
		</wp:postmeta>
		<wp:postmeta>
			<wp:meta_key>_thumbnail_id</wp:meta_key>
			<wp:meta_value><![CDATA[5051]]></wp:meta_value>
		</wp:postmeta>
		<wp:postmeta>
			<wp:meta_key>id_location</wp:meta_key>
			<wp:meta_value><![CDATA[287]]></wp:meta_value>
		</wp:postmeta>
		<wp:postmeta>
			<wp:meta_key>cars_address</wp:meta_key>
			<wp:meta_value><![CDATA[Paris]]></wp:meta_value>
		</wp:postmeta>
		<wp:postmeta>
			<wp:meta_key>_dp_original</wp:meta_key>
			<wp:meta_value><![CDATA[905]]></wp:meta_value>
		</wp:postmeta>
		<wp:postmeta>
			<wp:meta_key>is_sale_schedule</wp:meta_key>
			<wp:meta_value><![CDATA[off]]></wp:meta_value>
		</wp:postmeta>
		<wp:postmeta>
			<wp:meta_key>sale_price</wp:meta_key>
			<wp:meta_value><![CDATA[100]]></wp:meta_value>
		</wp:postmeta>
		<wp:postmeta>
			<wp:meta_key>number_car</wp:meta_key>
			<wp:meta_value><![CDATA[1]]></wp:meta_value>
		</wp:postmeta>
		<wp:postmeta>
			<wp:meta_key>_vc_post_settings</wp:meta_key>
			<wp:meta_value><![CDATA[a:2:{s:7:"vc_grid";a:0:{}s:10:"vc_grid_id";a:0:{}}]]></wp:meta_value>
		</wp:postmeta>
		<wp:postmeta>
			<wp:meta_key>is_featured</wp:meta_key>
			<wp:meta_value><![CDATA[off]]></wp:meta_value>
		</wp:postmeta>
	</item>
	<item>
		<title>Toyota Prius Plus</title>
		<link>http://travelerdata.wpengine.com/st_car/toyota-prius-plus/</link>
		<pubDate>Sat, 10 Jan 2015 07:38:14 +0000</pubDate>
		<dc:creator><![CDATA[admin]]></dc:creator>
		<guid isPermaLink="false">http://traveler.shinethemedev.com/wordpress/?post_type=st_cars&#038;p=1539</guid>
		<description></description>
		<content:encoded><![CDATA[]]></content:encoded>
		<excerpt:encoded><![CDATA[Arrive at your destination in style with this air-conditioned automatic. With room for 4 passengers and 2 pieces of luggage, it's ideal for small groups looking to get from A to B in comfort. Price can change at any moment so book now to avoid disappointment!]]></excerpt:encoded>
		<wp:post_id>1539</wp:post_id>
		<wp:post_date>2015-01-10 07:38:14</wp:post_date>
		<wp:post_date_gmt>2015-01-10 07:38:14</wp:post_date_gmt>
		<wp:comment_status>closed</wp:comment_status>
		<wp:ping_status>closed</wp:ping_status>
		<wp:post_name>toyota-prius-plus</wp:post_name>
		<wp:status>publish</wp:status>
		<wp:post_parent>0</wp:post_parent>
		<wp:menu_order>0</wp:menu_order>
		<wp:post_type>st_cars</wp:post_type>
		<wp:post_password></wp:post_password>
		<wp:is_sticky>0</wp:is_sticky>
		<category domain="car_features" nicename="2-pieces-of-laggage"><![CDATA[2 Pieces of Laggage]]></category>
		<category domain="car_features" nicename="3-doors"><![CDATA[3 Doors]]></category>
		<category domain="car_features" nicename="automatic-transmission"><![CDATA[Automatic Transmission]]></category>
		<category domain="default_equipment" nicename="climate-control"><![CDATA[Climate Control]]></category>
		<category domain="st_category_cars" nicename="suv"><![CDATA[Compact]]></category>
		<category domain="default_equipment" nicename="fm-radio"><![CDATA[FM Radio]]></category>
		<category domain="st_cars_pickup_features" nicename="meet-and-greet"><![CDATA[Meet and Greet]]></category>
		<category domain="st_category_cars" nicename="economy"><![CDATA[Premium]]></category>
		<category domain="default_equipment" nicename="stereo-cdmp3"><![CDATA[Stereo CD/MP3]]></category>
		<category domain="st_cars_pickup_features" nicename="terminal-pickup"><![CDATA[Terminal Pickup]]></category>
		<wp:postmeta>
			<wp:meta_key>rate_review</wp:meta_key>
			<wp:meta_value><![CDATA[0]]></wp:meta_value>
		</wp:postmeta>
		<wp:postmeta>
			<wp:meta_key>rate_review</wp:meta_key>
			<wp:meta_value><![CDATA[0]]></wp:meta_value>
		</wp:postmeta>
		<wp:postmeta>
			<wp:meta_key>rate_review</wp:meta_key>
			<wp:meta_value><![CDATA[0]]></wp:meta_value>
		</wp:postmeta>
		<wp:postmeta>
			<wp:meta_key>_edit_last</wp:meta_key>
			<wp:meta_value><![CDATA[1]]></wp:meta_value>
		</wp:postmeta>
		<wp:postmeta>
			<wp:meta_key>st_custom_layout</wp:meta_key>
			<wp:meta_value><![CDATA[678]]></wp:meta_value>
		</wp:postmeta>
		<wp:postmeta>
			<wp:meta_key>cars_price</wp:meta_key>
			<wp:meta_value><![CDATA[70]]></wp:meta_value>
		</wp:postmeta>
		<wp:postmeta>
			<wp:meta_key>cars_equipment_list</wp:meta_key>
			<wp:meta_value><![CDATA[a:5:{i:0;a:2:{s:5:"title";s:18:"Child Toddler Seat";s:25:"cars_equipment_list_price";s:2:"35";}i:1;a:2:{s:5:"title";s:8:"Ski Rack";s:25:"cars_equipment_list_price";s:2:"40";}i:2;a:2:{s:5:"title";s:17:"Infant Child Seat";s:25:"cars_equipment_list_price";s:2:"35";}i:3;a:2:{s:5:"title";s:13:"GPS Satellite";s:25:"cars_equipment_list_price";s:3:"100";}i:4;a:2:{s:5:"title";s:11:"Show Chains";s:25:"cars_equipment_list_price";s:3:"120";}}]]></wp:meta_value>
		</wp:postmeta>
		<wp:postmeta>
			<wp:meta_key>cars_set_as_featured</wp:meta_key>
			<wp:meta_value><![CDATA[off]]></wp:meta_value>
		</wp:postmeta>
		<wp:postmeta>
			<wp:meta_key>cars_email</wp:meta_key>
			<wp:meta_value><![CDATA[abc@domain.com]]></wp:meta_value>
		</wp:postmeta>
		<wp:postmeta>
			<wp:meta_key>cars_phone</wp:meta_key>
			<wp:meta_value><![CDATA[+123456789]]></wp:meta_value>
		</wp:postmeta>
		<wp:postmeta>
			<wp:meta_key>post_views_count</wp:meta_key>
			<wp:meta_value><![CDATA[]]></wp:meta_value>
		</wp:postmeta>
		<wp:postmeta>
			<wp:meta_key>_thumbnail_id</wp:meta_key>
			<wp:meta_value><![CDATA[5053]]></wp:meta_value>
		</wp:postmeta>
		<wp:postmeta>
			<wp:meta_key>id_location</wp:meta_key>
			<wp:meta_value><![CDATA[287]]></wp:meta_value>
		</wp:postmeta>
		<wp:postmeta>
			<wp:meta_key>cars_address</wp:meta_key>
			<wp:meta_value><![CDATA[Paris]]></wp:meta_value>
		</wp:postmeta>
		<wp:postmeta>
			<wp:meta_key>cars_equipment_info</wp:meta_key>
			<wp:meta_value><![CDATA[a:4:{i:0;a:3:{s:5:"title";s:19:"2 Pieces of Laggage";s:26:"cars_equipment_taxonomy_id";s:2:"34";s:28:"cars_equipment_taxonomy_info";s:2:"x2";}i:1;a:3:{s:5:"title";s:7:"3 Doors";s:26:"cars_equipment_taxonomy_id";s:2:"34";s:28:"cars_equipment_taxonomy_info";s:2:"x3";}i:2;a:3:{s:5:"title";s:18:"Up to 4 Passengers";s:26:"cars_equipment_taxonomy_id";s:2:"34";s:28:"cars_equipment_taxonomy_info";s:2:"x4";}i:3;a:3:{s:5:"title";s:22:"Automatic Transmission";s:26:"cars_equipment_taxonomy_id";s:2:"34";s:28:"cars_equipment_taxonomy_info";s:4:"Auto";}}]]></wp:meta_value>
		</wp:postmeta>
		<wp:postmeta>
			<wp:meta_key>cars_logo</wp:meta_key>
			<wp:meta_value><![CDATA[]]></wp:meta_value>
		</wp:postmeta>
		<wp:postmeta>
			<wp:meta_key>_dp_original</wp:meta_key>
			<wp:meta_value><![CDATA[1531]]></wp:meta_value>
		</wp:postmeta>
		<wp:postmeta>
			<wp:meta_key>discount</wp:meta_key>
			<wp:meta_value><![CDATA[20]]></wp:meta_value>
		</wp:postmeta>
		<wp:postmeta>
			<wp:meta_key>is_sale_schedule</wp:meta_key>
			<wp:meta_value><![CDATA[off]]></wp:meta_value>
		</wp:postmeta>
		<wp:postmeta>
			<wp:meta_key>sale_price</wp:meta_key>
			<wp:meta_value><![CDATA[56]]></wp:meta_value>
		</wp:postmeta>
		<wp:postmeta>
			<wp:meta_key>number_car</wp:meta_key>
			<wp:meta_value><![CDATA[1]]></wp:meta_value>
		</wp:postmeta>
		<wp:postmeta>
			<wp:meta_key>_vc_post_settings</wp:meta_key>
			<wp:meta_value><![CDATA[a:2:{s:7:"vc_grid";a:0:{}s:10:"vc_grid_id";a:0:{}}]]></wp:meta_value>
		</wp:postmeta>
		<wp:postmeta>
			<wp:meta_key>is_featured</wp:meta_key>
			<wp:meta_value><![CDATA[off]]></wp:meta_value>
		</wp:postmeta>
	</item>
	<item>
		<title>Mercedes Benz G</title>
		<link>http://travelerdata.wpengine.com/st_car/mercedes-benz-g/</link>
		<pubDate>Sat, 10 Jan 2015 07:39:31 +0000</pubDate>
		<dc:creator><![CDATA[admin]]></dc:creator>
		<guid isPermaLink="false">http://traveler.shinethemedev.com/wordpress/?post_type=st_cars&#038;p=1540</guid>
		<description></description>
		<content:encoded><![CDATA[]]></content:encoded>
		<excerpt:encoded><![CDATA[Arrive at your destination in style with this air-conditioned automatic. With room for 4 passengers and 2 pieces of luggage, it's ideal for small groups looking to get from A to B in comfort. Price can change at any moment so book now to avoid disappointment!]]></excerpt:encoded>
		<wp:post_id>1540</wp:post_id>
		<wp:post_date>2015-01-10 07:39:31</wp:post_date>
		<wp:post_date_gmt>2015-01-10 07:39:31</wp:post_date_gmt>
		<wp:comment_status>closed</wp:comment_status>
		<wp:ping_status>closed</wp:ping_status>
		<wp:post_name>mercedes-benz-g</wp:post_name>
		<wp:status>publish</wp:status>
		<wp:post_parent>0</wp:post_parent>
		<wp:menu_order>0</wp:menu_order>
		<wp:post_type>st_cars</wp:post_type>
		<wp:post_password></wp:post_password>
		<wp:is_sticky>0</wp:is_sticky>
		<category domain="car_features" nicename="2-pieces-of-laggage"><![CDATA[2 Pieces of Laggage]]></category>
		<category domain="car_features" nicename="3-doors"><![CDATA[3 Doors]]></category>
		<category domain="default_equipment" nicename="climate-control"><![CDATA[Climate Control]]></category>
		<category domain="default_equipment" nicename="power-door-locks"><![CDATA[Power Door Locks]]></category>
		<category domain="default_equipment" nicename="power-windows"><![CDATA[Power Windows]]></category>
		<category domain="st_category_cars" nicename="economy"><![CDATA[Premium]]></category>
		<category domain="default_equipment" nicename="stereo-cdmp3"><![CDATA[Stereo CD/MP3]]></category>
		<category domain="st_cars_pickup_features" nicename="terminal-pickup"><![CDATA[Terminal Pickup]]></category>
		<category domain="car_features" nicename="up-to-4-passengers"><![CDATA[Up to 4 Passengers]]></category>
		<wp:postmeta>
			<wp:meta_key>rate_review</wp:meta_key>
			<wp:meta_value><![CDATA[0]]></wp:meta_value>
		</wp:postmeta>
		<wp:postmeta>
			<wp:meta_key>_edit_last</wp:meta_key>
			<wp:meta_value><![CDATA[1]]></wp:meta_value>
		</wp:postmeta>
		<wp:postmeta>
			<wp:meta_key>st_custom_layout</wp:meta_key>
			<wp:meta_value><![CDATA[678]]></wp:meta_value>
		</wp:postmeta>
		<wp:postmeta>
			<wp:meta_key>cars_price</wp:meta_key>
			<wp:meta_value><![CDATA[200]]></wp:meta_value>
		</wp:postmeta>
		<wp:postmeta>
			<wp:meta_key>cars_equipment_list</wp:meta_key>
			<wp:meta_value><![CDATA[a:5:{i:0;a:2:{s:5:"title";s:18:"Child Toddler Seat";s:25:"cars_equipment_list_price";s:2:"35";}i:1;a:2:{s:5:"title";s:8:"Ski Rack";s:25:"cars_equipment_list_price";s:2:"40";}i:2;a:2:{s:5:"title";s:17:"Infant Child Seat";s:25:"cars_equipment_list_price";s:2:"35";}i:3;a:2:{s:5:"title";s:13:"GPS Satellite";s:25:"cars_equipment_list_price";s:3:"100";}i:4;a:2:{s:5:"title";s:11:"Show Chains";s:25:"cars_equipment_list_price";s:3:"120";}}]]></wp:meta_value>
		</wp:postmeta>
		<wp:postmeta>
			<wp:meta_key>cars_set_as_featured</wp:meta_key>
			<wp:meta_value><![CDATA[off]]></wp:meta_value>
		</wp:postmeta>
		<wp:postmeta>
			<wp:meta_key>cars_email</wp:meta_key>
			<wp:meta_value><![CDATA[abc@domain.com]]></wp:meta_value>
		</wp:postmeta>
		<wp:postmeta>
			<wp:meta_key>cars_phone</wp:meta_key>
			<wp:meta_value><![CDATA[+123456789]]></wp:meta_value>
		</wp:postmeta>
		<wp:postmeta>
			<wp:meta_key>post_views_count</wp:meta_key>
			<wp:meta_value><![CDATA[]]></wp:meta_value>
		</wp:postmeta>
		<wp:postmeta>
			<wp:meta_key>_thumbnail_id</wp:meta_key>
			<wp:meta_value><![CDATA[5052]]></wp:meta_value>
		</wp:postmeta>
		<wp:postmeta>
			<wp:meta_key>id_location</wp:meta_key>
			<wp:meta_value><![CDATA[287]]></wp:meta_value>
		</wp:postmeta>
		<wp:postmeta>
			<wp:meta_key>cars_address</wp:meta_key>
			<wp:meta_value><![CDATA[Paris]]></wp:meta_value>
		</wp:postmeta>
		<wp:postmeta>
			<wp:meta_key>_dp_original</wp:meta_key>
			<wp:meta_value><![CDATA[906]]></wp:meta_value>
		</wp:postmeta>
		<wp:postmeta>
			<wp:meta_key>discount</wp:meta_key>
			<wp:meta_value><![CDATA[40]]></wp:meta_value>
		</wp:postmeta>
		<wp:postmeta>
			<wp:meta_key>cars_about</wp:meta_key>
			<wp:meta_value><![CDATA[Arrive at your destination in style with this air-conditioned automatic. With room for 4 passengers and 2 pieces of luggage, it's ideal for small groups looking to get from A to B in comfort. Price can change at any moment so book now to avoid disappointment!]]></wp:meta_value>
		</wp:postmeta>
		<wp:postmeta>
			<wp:meta_key>is_sale_schedule</wp:meta_key>
			<wp:meta_value><![CDATA[off]]></wp:meta_value>
		</wp:postmeta>
		<wp:postmeta>
			<wp:meta_key>sale_price</wp:meta_key>
			<wp:meta_value><![CDATA[120]]></wp:meta_value>
		</wp:postmeta>
		<wp:postmeta>
			<wp:meta_key>number_car</wp:meta_key>
			<wp:meta_value><![CDATA[1]]></wp:meta_value>
		</wp:postmeta>
		<wp:postmeta>
			<wp:meta_key>is_featured</wp:meta_key>
			<wp:meta_value><![CDATA[on]]></wp:meta_value>
		</wp:postmeta>
		<wp:postmeta>
			<wp:meta_key>_vc_post_settings</wp:meta_key>
			<wp:meta_value><![CDATA[a:2:{s:7:"vc_grid";a:0:{}s:10:"vc_grid_id";a:0:{}}]]></wp:meta_value>
		</wp:postmeta>
	</item>
	<item>
		<title>Maserati GranTurismo</title>
		<link>http://travelerdata.wpengine.com/st_car/maserati-granturismo-7/</link>
		<pubDate>Sat, 10 Jan 2015 07:49:22 +0000</pubDate>
		<dc:creator><![CDATA[admin]]></dc:creator>
		<guid isPermaLink="false">http://traveler.shinethemedev.com/wordpress/?post_type=st_cars&#038;p=1541</guid>
		<description></description>
		<content:encoded><![CDATA[]]></content:encoded>
		<excerpt:encoded><![CDATA[Arrive at your destination in style with this air-conditioned automatic. With room for 4 passengers and 2 pieces of luggage, it's ideal for small groups looking to get from A to B in comfort. Price can change at any moment so book now to avoid disappointment!]]></excerpt:encoded>
		<wp:post_id>1541</wp:post_id>
		<wp:post_date>2015-01-10 07:49:22</wp:post_date>
		<wp:post_date_gmt>2015-01-10 07:49:22</wp:post_date_gmt>
		<wp:comment_status>closed</wp:comment_status>
		<wp:ping_status>closed</wp:ping_status>
		<wp:post_name>maserati-granturismo-7</wp:post_name>
		<wp:status>publish</wp:status>
		<wp:post_parent>0</wp:post_parent>
		<wp:menu_order>0</wp:menu_order>
		<wp:post_type>st_cars</wp:post_type>
		<wp:post_password></wp:post_password>
		<wp:is_sticky>0</wp:is_sticky>
		<category domain="car_features" nicename="2-pieces-of-laggage"><![CDATA[2 Pieces of Laggage]]></category>
		<category domain="car_features" nicename="3-doors"><![CDATA[3 Doors]]></category>
		<category domain="default_equipment" nicename="climate-control"><![CDATA[Climate Control]]></category>
		<category domain="st_category_cars" nicename="economy"><![CDATA[Premium]]></category>
		<category domain="st_cars_pickup_features" nicename="terminal-pickup"><![CDATA[Terminal Pickup]]></category>
		<wp:postmeta>
			<wp:meta_key>rate_review</wp:meta_key>
			<wp:meta_value><![CDATA[0]]></wp:meta_value>
		</wp:postmeta>
		<wp:postmeta>
			<wp:meta_key>_edit_last</wp:meta_key>
			<wp:meta_value><![CDATA[1]]></wp:meta_value>
		</wp:postmeta>
		<wp:postmeta>
			<wp:meta_key>st_custom_layout</wp:meta_key>
			<wp:meta_value><![CDATA[678]]></wp:meta_value>
		</wp:postmeta>
		<wp:postmeta>
			<wp:meta_key>cars_price</wp:meta_key>
			<wp:meta_value><![CDATA[70]]></wp:meta_value>
		</wp:postmeta>
		<wp:postmeta>
			<wp:meta_key>cars_equipment_list</wp:meta_key>
			<wp:meta_value><![CDATA[a:5:{i:0;a:2:{s:5:"title";s:18:"Child Toddler Seat";s:25:"cars_equipment_list_price";s:2:"35";}i:1;a:2:{s:5:"title";s:8:"Ski Rack";s:25:"cars_equipment_list_price";s:2:"40";}i:2;a:2:{s:5:"title";s:17:"Infant Child Seat";s:25:"cars_equipment_list_price";s:2:"35";}i:3;a:2:{s:5:"title";s:13:"GPS Satellite";s:25:"cars_equipment_list_price";s:3:"100";}i:4;a:2:{s:5:"title";s:11:"Show Chains";s:25:"cars_equipment_list_price";s:3:"120";}}]]></wp:meta_value>
		</wp:postmeta>
		<wp:postmeta>
			<wp:meta_key>cars_set_as_featured</wp:meta_key>
			<wp:meta_value><![CDATA[off]]></wp:meta_value>
		</wp:postmeta>
		<wp:postmeta>
			<wp:meta_key>cars_email</wp:meta_key>
			<wp:meta_value><![CDATA[abc@domain.com]]></wp:meta_value>
		</wp:postmeta>
		<wp:postmeta>
			<wp:meta_key>cars_phone</wp:meta_key>
			<wp:meta_value><![CDATA[+123456789]]></wp:meta_value>
		</wp:postmeta>
		<wp:postmeta>
			<wp:meta_key>post_views_count</wp:meta_key>
			<wp:meta_value><![CDATA[]]></wp:meta_value>
		</wp:postmeta>
		<wp:postmeta>
			<wp:meta_key>_thumbnail_id</wp:meta_key>
			<wp:meta_value><![CDATA[5052]]></wp:meta_value>
		</wp:postmeta>
		<wp:postmeta>
			<wp:meta_key>id_location</wp:meta_key>
			<wp:meta_value><![CDATA[275]]></wp:meta_value>
		</wp:postmeta>
		<wp:postmeta>
			<wp:meta_key>cars_address</wp:meta_key>
			<wp:meta_value><![CDATA[New York City]]></wp:meta_value>
		</wp:postmeta>
		<wp:postmeta>
			<wp:meta_key>_dp_original</wp:meta_key>
			<wp:meta_value><![CDATA[679]]></wp:meta_value>
		</wp:postmeta>
		<wp:postmeta>
			<wp:meta_key>cars_logo</wp:meta_key>
			<wp:meta_value><![CDATA[http://travelerdata.wpengine.com/wp-content/uploads/2015/01/car.gif]]></wp:meta_value>
		</wp:postmeta>
		<wp:postmeta>
			<wp:meta_key>cars_name</wp:meta_key>
			<wp:meta_value><![CDATA[BWM]]></wp:meta_value>
		</wp:postmeta>
		<wp:postmeta>
			<wp:meta_key>is_sale_schedule</wp:meta_key>
			<wp:meta_value><![CDATA[off]]></wp:meta_value>
		</wp:postmeta>
		<wp:postmeta>
			<wp:meta_key>discount</wp:meta_key>
			<wp:meta_value><![CDATA[5]]></wp:meta_value>
		</wp:postmeta>
		<wp:postmeta>
			<wp:meta_key>sale_price</wp:meta_key>
			<wp:meta_value><![CDATA[66.5]]></wp:meta_value>
		</wp:postmeta>
		<wp:postmeta>
			<wp:meta_key>number_car</wp:meta_key>
			<wp:meta_value><![CDATA[1]]></wp:meta_value>
		</wp:postmeta>
		<wp:postmeta>
			<wp:meta_key>_vc_post_settings</wp:meta_key>
			<wp:meta_value><![CDATA[a:2:{s:7:"vc_grid";a:0:{}s:10:"vc_grid_id";a:0:{}}]]></wp:meta_value>
		</wp:postmeta>
		<wp:postmeta>
			<wp:meta_key>is_featured</wp:meta_key>
			<wp:meta_value><![CDATA[off]]></wp:meta_value>
		</wp:postmeta>
	</item>
	<item>
		<title>BMW-X6-facelift</title>
		<link>http://travelerdata.wpengine.com/st_car/bmw-x6-facelift-2/</link>
		<pubDate>Sat, 10 Jan 2015 07:47:39 +0000</pubDate>
		<dc:creator><![CDATA[admin]]></dc:creator>
		<guid isPermaLink="false">http://traveler.shinethemedev.com/wordpress/?post_type=st_cars&#038;p=1542</guid>
		<description></description>
		<content:encoded><![CDATA[]]></content:encoded>
		<excerpt:encoded><![CDATA[Arrive at your destination in style with this air-conditioned automatic. With room for 4 passengers and 2 pieces of luggage, it's ideal for small groups looking to get from A to B in comfort. Price can change at any moment so book now to avoid disappointment!]]></excerpt:encoded>
		<wp:post_id>1542</wp:post_id>
		<wp:post_date>2015-01-10 07:47:39</wp:post_date>
		<wp:post_date_gmt>2015-01-10 07:47:39</wp:post_date_gmt>
		<wp:comment_status>closed</wp:comment_status>
		<wp:ping_status>closed</wp:ping_status>
		<wp:post_name>bmw-x6-facelift-2</wp:post_name>
		<wp:status>publish</wp:status>
		<wp:post_parent>0</wp:post_parent>
		<wp:menu_order>0</wp:menu_order>
		<wp:post_type>st_cars</wp:post_type>
		<wp:post_password></wp:post_password>
		<wp:is_sticky>0</wp:is_sticky>
		<category domain="car_features" nicename="2-pieces-of-laggage"><![CDATA[2 Pieces of Laggage]]></category>
		<category domain="car_features" nicename="3-doors"><![CDATA[3 Doors]]></category>
		<category domain="car_features" nicename="automatic-transmission"><![CDATA[Automatic Transmission]]></category>
		<category domain="default_equipment" nicename="climate-control"><![CDATA[Climate Control]]></category>
		<category domain="car_features" nicename="gas-vehicle"><![CDATA[Gas Vehicle]]></category>
		<category domain="st_category_cars" nicename="economy"><![CDATA[Premium]]></category>
		<category domain="st_cars_pickup_features" nicename="terminal-pickup"><![CDATA[Terminal Pickup]]></category>
		<wp:postmeta>
			<wp:meta_key>rate_review</wp:meta_key>
			<wp:meta_value><![CDATA[0]]></wp:meta_value>
		</wp:postmeta>
		<wp:postmeta>
			<wp:meta_key>_edit_last</wp:meta_key>
			<wp:meta_value><![CDATA[1]]></wp:meta_value>
		</wp:postmeta>
		<wp:postmeta>
			<wp:meta_key>st_custom_layout</wp:meta_key>
			<wp:meta_value><![CDATA[678]]></wp:meta_value>
		</wp:postmeta>
		<wp:postmeta>
			<wp:meta_key>cars_price</wp:meta_key>
			<wp:meta_value><![CDATA[90]]></wp:meta_value>
		</wp:postmeta>
		<wp:postmeta>
			<wp:meta_key>cars_equipment_list</wp:meta_key>
			<wp:meta_value><![CDATA[a:5:{i:0;a:2:{s:5:"title";s:18:"Child Toddler Seat";s:25:"cars_equipment_list_price";s:2:"35";}i:1;a:2:{s:5:"title";s:8:"Ski Rack";s:25:"cars_equipment_list_price";s:2:"40";}i:2;a:2:{s:5:"title";s:17:"Infant Child Seat";s:25:"cars_equipment_list_price";s:2:"35";}i:3;a:2:{s:5:"title";s:13:"GPS Satellite";s:25:"cars_equipment_list_price";s:3:"100";}i:4;a:2:{s:5:"title";s:11:"Show Chains";s:25:"cars_equipment_list_price";s:3:"120";}}]]></wp:meta_value>
		</wp:postmeta>
		<wp:postmeta>
			<wp:meta_key>cars_set_as_featured</wp:meta_key>
			<wp:meta_value><![CDATA[off]]></wp:meta_value>
		</wp:postmeta>
		<wp:postmeta>
			<wp:meta_key>cars_email</wp:meta_key>
			<wp:meta_value><![CDATA[abc@domain.com]]></wp:meta_value>
		</wp:postmeta>
		<wp:postmeta>
			<wp:meta_key>cars_phone</wp:meta_key>
			<wp:meta_value><![CDATA[+123456789]]></wp:meta_value>
		</wp:postmeta>
		<wp:postmeta>
			<wp:meta_key>post_views_count</wp:meta_key>
			<wp:meta_value><![CDATA[]]></wp:meta_value>
		</wp:postmeta>
		<wp:postmeta>
			<wp:meta_key>_thumbnail_id</wp:meta_key>
			<wp:meta_value><![CDATA[5051]]></wp:meta_value>
		</wp:postmeta>
		<wp:postmeta>
			<wp:meta_key>id_location</wp:meta_key>
			<wp:meta_value><![CDATA[275]]></wp:meta_value>
		</wp:postmeta>
		<wp:postmeta>
			<wp:meta_key>cars_address</wp:meta_key>
			<wp:meta_value><![CDATA[New York City]]></wp:meta_value>
		</wp:postmeta>
		<wp:postmeta>
			<wp:meta_key>_dp_original</wp:meta_key>
			<wp:meta_value><![CDATA[904]]></wp:meta_value>
		</wp:postmeta>
		<wp:postmeta>
			<wp:meta_key>is_sale_schedule</wp:meta_key>
			<wp:meta_value><![CDATA[off]]></wp:meta_value>
		</wp:postmeta>
		<wp:postmeta>
			<wp:meta_key>sale_price</wp:meta_key>
			<wp:meta_value><![CDATA[90]]></wp:meta_value>
		</wp:postmeta>
		<wp:postmeta>
			<wp:meta_key>number_car</wp:meta_key>
			<wp:meta_value><![CDATA[1]]></wp:meta_value>
		</wp:postmeta>
		<wp:postmeta>
			<wp:meta_key>_vc_post_settings</wp:meta_key>
			<wp:meta_value><![CDATA[a:2:{s:7:"vc_grid";a:0:{}s:10:"vc_grid_id";a:0:{}}]]></wp:meta_value>
		</wp:postmeta>
		<wp:postmeta>
			<wp:meta_key>is_featured</wp:meta_key>
			<wp:meta_value><![CDATA[off]]></wp:meta_value>
		</wp:postmeta>
	</item>
	<item>
		<title>Chevrolet Camaro</title>
		<link>http://travelerdata.wpengine.com/st_car/chevrolet-camaro-2/</link>
		<pubDate>Sat, 10 Jan 2015 07:47:52 +0000</pubDate>
		<dc:creator><![CDATA[admin]]></dc:creator>
		<guid isPermaLink="false">http://traveler.shinethemedev.com/wordpress/?post_type=st_cars&#038;p=1543</guid>
		<description></description>
		<content:encoded><![CDATA[]]></content:encoded>
		<excerpt:encoded><![CDATA[Arrive at your destination in style with this air-conditioned automatic. With room for 4 passengers and 2 pieces of luggage, it's ideal for small groups looking to get from A to B in comfort. Price can change at any moment so book now to avoid disappointment!]]></excerpt:encoded>
		<wp:post_id>1543</wp:post_id>
		<wp:post_date>2015-01-10 07:47:52</wp:post_date>
		<wp:post_date_gmt>2015-01-10 07:47:52</wp:post_date_gmt>
		<wp:comment_status>closed</wp:comment_status>
		<wp:ping_status>closed</wp:ping_status>
		<wp:post_name>chevrolet-camaro-2</wp:post_name>
		<wp:status>publish</wp:status>
		<wp:post_parent>0</wp:post_parent>
		<wp:menu_order>0</wp:menu_order>
		<wp:post_type>st_cars</wp:post_type>
		<wp:post_password></wp:post_password>
		<wp:is_sticky>0</wp:is_sticky>
		<category domain="car_features" nicename="2-pieces-of-laggage"><![CDATA[2 Pieces of Laggage]]></category>
		<category domain="car_features" nicename="3-doors"><![CDATA[3 Doors]]></category>
		<category domain="default_equipment" nicename="climate-control"><![CDATA[Climate Control]]></category>
		<category domain="st_category_cars" nicename="economy"><![CDATA[Premium]]></category>
		<category domain="st_cars_pickup_features" nicename="terminal-pickup"><![CDATA[Terminal Pickup]]></category>
		<wp:postmeta>
			<wp:meta_key>rate_review</wp:meta_key>
			<wp:meta_value><![CDATA[0]]></wp:meta_value>
		</wp:postmeta>
		<wp:postmeta>
			<wp:meta_key>_edit_last</wp:meta_key>
			<wp:meta_value><![CDATA[1]]></wp:meta_value>
		</wp:postmeta>
		<wp:postmeta>
			<wp:meta_key>st_custom_layout</wp:meta_key>
			<wp:meta_value><![CDATA[678]]></wp:meta_value>
		</wp:postmeta>
		<wp:postmeta>
			<wp:meta_key>cars_price</wp:meta_key>
			<wp:meta_value><![CDATA[100]]></wp:meta_value>
		</wp:postmeta>
		<wp:postmeta>
			<wp:meta_key>cars_equipment_list</wp:meta_key>
			<wp:meta_value><![CDATA[a:5:{i:0;a:2:{s:5:"title";s:18:"Child Toddler Seat";s:25:"cars_equipment_list_price";s:2:"35";}i:1;a:2:{s:5:"title";s:8:"Ski Rack";s:25:"cars_equipment_list_price";s:2:"40";}i:2;a:2:{s:5:"title";s:17:"Infant Child Seat";s:25:"cars_equipment_list_price";s:2:"35";}i:3;a:2:{s:5:"title";s:13:"GPS Satellite";s:25:"cars_equipment_list_price";s:3:"100";}i:4;a:2:{s:5:"title";s:11:"Show Chains";s:25:"cars_equipment_list_price";s:3:"120";}}]]></wp:meta_value>
		</wp:postmeta>
		<wp:postmeta>
			<wp:meta_key>cars_set_as_featured</wp:meta_key>
			<wp:meta_value><![CDATA[off]]></wp:meta_value>
		</wp:postmeta>
		<wp:postmeta>
			<wp:meta_key>cars_email</wp:meta_key>
			<wp:meta_value><![CDATA[abc@domain.com]]></wp:meta_value>
		</wp:postmeta>
		<wp:postmeta>
			<wp:meta_key>cars_phone</wp:meta_key>
			<wp:meta_value><![CDATA[+123456789]]></wp:meta_value>
		</wp:postmeta>
		<wp:postmeta>
			<wp:meta_key>post_views_count</wp:meta_key>
			<wp:meta_value><![CDATA[]]></wp:meta_value>
		</wp:postmeta>
		<wp:postmeta>
			<wp:meta_key>_thumbnail_id</wp:meta_key>
			<wp:meta_value><![CDATA[5053]]></wp:meta_value>
		</wp:postmeta>
		<wp:postmeta>
			<wp:meta_key>id_location</wp:meta_key>
			<wp:meta_value><![CDATA[275]]></wp:meta_value>
		</wp:postmeta>
		<wp:postmeta>
			<wp:meta_key>cars_address</wp:meta_key>
			<wp:meta_value><![CDATA[Paris]]></wp:meta_value>
		</wp:postmeta>
		<wp:postmeta>
			<wp:meta_key>_dp_original</wp:meta_key>
			<wp:meta_value><![CDATA[905]]></wp:meta_value>
		</wp:postmeta>
		<wp:postmeta>
			<wp:meta_key>is_sale_schedule</wp:meta_key>
			<wp:meta_value><![CDATA[off]]></wp:meta_value>
		</wp:postmeta>
		<wp:postmeta>
			<wp:meta_key>sale_price</wp:meta_key>
			<wp:meta_value><![CDATA[100]]></wp:meta_value>
		</wp:postmeta>
		<wp:postmeta>
			<wp:meta_key>number_car</wp:meta_key>
			<wp:meta_value><![CDATA[1]]></wp:meta_value>
		</wp:postmeta>
		<wp:postmeta>
			<wp:meta_key>is_featured</wp:meta_key>
			<wp:meta_value><![CDATA[on]]></wp:meta_value>
		</wp:postmeta>
		<wp:postmeta>
			<wp:meta_key>_vc_post_settings</wp:meta_key>
			<wp:meta_value><![CDATA[a:2:{s:7:"vc_grid";a:0:{}s:10:"vc_grid_id";a:0:{}}]]></wp:meta_value>
		</wp:postmeta>
	</item>
	<item>
		<title>BMW-X6-facelift</title>
		<link>http://travelerdata.wpengine.com/st_car/bmw-x6-facelift-3/</link>
		<pubDate>Sat, 10 Jan 2015 10:34:26 +0000</pubDate>
		<dc:creator><![CDATA[admin]]></dc:creator>
		<guid isPermaLink="false">http://traveler.shinethemedev.com/wordpress/?post_type=st_cars&#038;p=1572</guid>
		<description></description>
		<content:encoded><![CDATA[]]></content:encoded>
		<excerpt:encoded><![CDATA[Arrive at your destination in style with this air-conditioned automatic. With room for 4 passengers and 2 pieces of luggage, it's ideal for small groups looking to get from A to B in comfort. Price can change at any moment so book now to avoid disappointment!]]></excerpt:encoded>
		<wp:post_id>1572</wp:post_id>
		<wp:post_date>2015-01-10 10:34:26</wp:post_date>
		<wp:post_date_gmt>2015-01-10 10:34:26</wp:post_date_gmt>
		<wp:comment_status>closed</wp:comment_status>
		<wp:ping_status>closed</wp:ping_status>
		<wp:post_name>bmw-x6-facelift-3</wp:post_name>
		<wp:status>publish</wp:status>
		<wp:post_parent>0</wp:post_parent>
		<wp:menu_order>0</wp:menu_order>
		<wp:post_type>st_cars</wp:post_type>
		<wp:post_password></wp:post_password>
		<wp:is_sticky>0</wp:is_sticky>
		<category domain="car_features" nicename="2-pieces-of-laggage"><![CDATA[2 Pieces of Laggage]]></category>
		<category domain="car_features" nicename="3-doors"><![CDATA[3 Doors]]></category>
		<category domain="default_equipment" nicename="climate-control"><![CDATA[Climate Control]]></category>
		<category domain="default_equipment" nicename="fm-radio"><![CDATA[FM Radio]]></category>
		<category domain="default_equipment" nicename="power-windows"><![CDATA[Power Windows]]></category>
		<category domain="st_category_cars" nicename="economy"><![CDATA[Premium]]></category>
		<category domain="default_equipment" nicename="stereo-cdmp3"><![CDATA[Stereo CD/MP3]]></category>
		<category domain="st_cars_pickup_features" nicename="terminal-pickup"><![CDATA[Terminal Pickup]]></category>
		<wp:postmeta>
			<wp:meta_key>rate_review</wp:meta_key>
			<wp:meta_value><![CDATA[0]]></wp:meta_value>
		</wp:postmeta>
		<wp:postmeta>
			<wp:meta_key>_edit_last</wp:meta_key>
			<wp:meta_value><![CDATA[1]]></wp:meta_value>
		</wp:postmeta>
		<wp:postmeta>
			<wp:meta_key>st_custom_layout</wp:meta_key>
			<wp:meta_value><![CDATA[678]]></wp:meta_value>
		</wp:postmeta>
		<wp:postmeta>
			<wp:meta_key>cars_price</wp:meta_key>
			<wp:meta_value><![CDATA[6]]></wp:meta_value>
		</wp:postmeta>
		<wp:postmeta>
			<wp:meta_key>cars_equipment_list</wp:meta_key>
			<wp:meta_value><![CDATA[a:6:{i:0;a:2:{s:5:"title";s:18:"Child Toddler Seat";s:25:"cars_equipment_list_price";s:2:"35";}i:1;a:2:{s:5:"title";s:8:"Ski Rack";s:25:"cars_equipment_list_price";s:2:"40";}i:2;a:2:{s:5:"title";s:17:"Infant Child Seat";s:25:"cars_equipment_list_price";s:2:"35";}i:3;a:2:{s:5:"title";s:13:"GPS Satellite";s:25:"cars_equipment_list_price";s:3:"100";}i:4;a:2:{s:5:"title";s:11:"Show Chains";s:25:"cars_equipment_list_price";s:3:"120";}i:5;a:2:{s:5:"title";s:20:"Driver Under 25 ages";s:25:"cars_equipment_list_price";s:2:"10";}}]]></wp:meta_value>
		</wp:postmeta>
		<wp:postmeta>
			<wp:meta_key>cars_set_as_featured</wp:meta_key>
			<wp:meta_value><![CDATA[on]]></wp:meta_value>
		</wp:postmeta>
		<wp:postmeta>
			<wp:meta_key>cars_email</wp:meta_key>
			<wp:meta_value><![CDATA[abc@domain.com]]></wp:meta_value>
		</wp:postmeta>
		<wp:postmeta>
			<wp:meta_key>cars_phone</wp:meta_key>
			<wp:meta_value><![CDATA[+123456789]]></wp:meta_value>
		</wp:postmeta>
		<wp:postmeta>
			<wp:meta_key>post_views_count</wp:meta_key>
			<wp:meta_value><![CDATA[]]></wp:meta_value>
		</wp:postmeta>
		<wp:postmeta>
			<wp:meta_key>_thumbnail_id</wp:meta_key>
			<wp:meta_value><![CDATA[5051]]></wp:meta_value>
		</wp:postmeta>
		<wp:postmeta>
			<wp:meta_key>id_location</wp:meta_key>
			<wp:meta_value><![CDATA[287]]></wp:meta_value>
		</wp:postmeta>
		<wp:postmeta>
			<wp:meta_key>cars_address</wp:meta_key>
			<wp:meta_value><![CDATA[Paris]]></wp:meta_value>
		</wp:postmeta>
		<wp:postmeta>
			<wp:meta_key>_dp_original</wp:meta_key>
			<wp:meta_value><![CDATA[904]]></wp:meta_value>
		</wp:postmeta>
		<wp:postmeta>
			<wp:meta_key>video</wp:meta_key>
			<wp:meta_value><![CDATA[https://www.youtube.com/watch?v=eoKCXwD00xg]]></wp:meta_value>
		</wp:postmeta>
		<wp:postmeta>
			<wp:meta_key>discount</wp:meta_key>
			<wp:meta_value><![CDATA[90]]></wp:meta_value>
		</wp:postmeta>
		<wp:postmeta>
			<wp:meta_key>cars_equipment_info</wp:meta_key>
			<wp:meta_value><![CDATA[a:4:{i:0;a:3:{s:5:"title";s:0:"";s:26:"cars_equipment_taxonomy_id";s:2:"34";s:28:"cars_equipment_taxonomy_info";s:2:"x2";}i:1;a:3:{s:5:"title";s:0:"";s:26:"cars_equipment_taxonomy_id";s:2:"34";s:28:"cars_equipment_taxonomy_info";s:2:"x3";}i:2;a:3:{s:5:"title";s:0:"";s:26:"cars_equipment_taxonomy_id";s:2:"34";s:28:"cars_equipment_taxonomy_info";s:4:"auto";}i:3;a:3:{s:5:"title";s:0:"";s:26:"cars_equipment_taxonomy_id";s:2:"34";s:28:"cars_equipment_taxonomy_info";s:2:"x1";}}]]></wp:meta_value>
		</wp:postmeta>
		<wp:postmeta>
			<wp:meta_key>_alp_processed</wp:meta_key>
			<wp:meta_value><![CDATA[1423036417]]></wp:meta_value>
		</wp:postmeta>
		<wp:postmeta>
			<wp:meta_key>is_sale_schedule</wp:meta_key>
			<wp:meta_value><![CDATA[off]]></wp:meta_value>
		</wp:postmeta>
		<wp:postmeta>
			<wp:meta_key>sale_price_from</wp:meta_key>
			<wp:meta_value><![CDATA[2015-02-14]]></wp:meta_value>
		</wp:postmeta>
		<wp:postmeta>
			<wp:meta_key>sale_price_to</wp:meta_key>
			<wp:meta_value><![CDATA[2015-02-28]]></wp:meta_value>
		</wp:postmeta>
		<wp:postmeta>
			<wp:meta_key>sale_price</wp:meta_key>
			<wp:meta_value><![CDATA[0.6]]></wp:meta_value>
		</wp:postmeta>
		<wp:postmeta>
			<wp:meta_key>number_car</wp:meta_key>
			<wp:meta_value><![CDATA[1]]></wp:meta_value>
		</wp:postmeta>
		<wp:postmeta>
			<wp:meta_key>is_featured</wp:meta_key>
			<wp:meta_value><![CDATA[on]]></wp:meta_value>
		</wp:postmeta>
		<wp:postmeta>
			<wp:meta_key>_vc_post_settings</wp:meta_key>
			<wp:meta_value><![CDATA[a:2:{s:7:"vc_grid";a:0:{}s:10:"vc_grid_id";a:0:{}}]]></wp:meta_value>
		</wp:postmeta>
	</item>
</channel>
</rss>
