<?xml version="1.0" encoding="UTF-8" ?>
<!-- This is a WordPress eXtended RSS file generated by WordPress as an export of your site. -->
<!-- It contains information about your site's posts, pages, comments, categories, and other content. -->
<!-- You may use this file to transfer that content from one site to another. -->
<!-- This file is not intended to serve as a complete backup of your site. -->

<!-- To import this information into a WordPress site follow these steps: -->
<!-- 1. Log in to that site as an administrator. -->
<!-- 2. Go to Tools: Import in the WordPress admin panel. -->
<!-- 3. Install the "WordPress" importer from the list. -->
<!-- 4. Activate & Run Importer. -->
<!-- 5. Upload this file using the form provided on that page. -->
<!-- 6. You will first be asked to map the authors in this export file to users -->
<!--    on the site. For each author, you may choose to map to an -->
<!--    existing user on the site or to create a new user. -->
<!-- 7. WordPress will then import each of the posts, pages, comments, categories, etc. -->
<!--    contained in this file into your site. -->

<!-- generator="WordPress/4.2.2" created="2015-05-21 10:58" -->
<rss version="2.0"
	xmlns:excerpt="http://wordpress.org/export/1.2/excerpt/"
	xmlns:content="http://purl.org/rss/1.0/modules/content/"
	xmlns:wfw="http://wellformedweb.org/CommentAPI/"
	xmlns:dc="http://purl.org/dc/elements/1.1/"
	xmlns:wp="http://wordpress.org/export/1.2/"
>

<channel>
	<title>Traveler</title>
	<link>http://travelerdata.wpengine.com</link>
	<description>Just another WordPress site</description>
	<pubDate>Thu, 21 May 2015 10:58:53 +0000</pubDate>
	<language>en-US</language>
	<wp:wxr_version>1.2</wp:wxr_version>
	<wp:base_site_url>http://travelerdata.wpengine.com</wp:base_site_url>
	<wp:base_blog_url>http://travelerdata.wpengine.com</wp:base_blog_url>

	<wp:author><wp:author_id>1</wp:author_id><wp:author_login>admin</wp:author_login><wp:author_email>test@gmail.com</wp:author_email><wp:author_display_name><![CDATA[admin]]></wp:author_display_name><wp:author_first_name><![CDATA[Hanh]]></wp:author_first_name><wp:author_last_name><![CDATA[Hanh]]></wp:author_last_name></wp:author>


	<generator>http://wordpress.org/?v=4.2.2</generator>

	<item>
		<title>New York City</title>
		<link>http://travelerdata.wpengine.com/location/united-states/new-york-city-hotels/</link>
		<pubDate>Thu, 27 Nov 2014 01:53:40 +0000</pubDate>
		<dc:creator><![CDATA[admin]]></dc:creator>
		<guid isPermaLink="false">http://localhost/shinetheme/Travel/travel-code/?post_type=location&#038;p=218</guid>
		<description></description>
		<content:encoded><![CDATA[New York – often called New York City or the City of New York to distinguish it from the State of New York, of which it is a part – is the most populous city in the United States and the center of the New York metropolitan area, the premier gateway for legal immigration to the United States and one of the most populous urban agglomerations in the world. A global power city, New York exerts a significant impact upon commerce, finance, media, art, fashion, research, technology, education, and entertainment. Home to the headquarters of the United Nations,New York is an important center for international diplomacy and has been described as the cultural and financial capital of the world.]]></content:encoded>
		<excerpt:encoded><![CDATA[Cursus faucibus egestas rutrum mauris vulputate consequat ante]]></excerpt:encoded>
		<wp:post_id>275</wp:post_id>
		<wp:post_date>2014-11-27 01:53:40</wp:post_date>
		<wp:post_date_gmt>2014-11-27 01:53:40</wp:post_date_gmt>
		<wp:comment_status>open</wp:comment_status>
		<wp:ping_status>open</wp:ping_status>
		<wp:post_name>new-york-city-hotels</wp:post_name>
		<wp:status>publish</wp:status>
		<wp:post_parent>1957</wp:post_parent>
		<wp:menu_order>0</wp:menu_order>
		<wp:post_type>location</wp:post_type>
		<wp:post_password></wp:post_password>
		<wp:is_sticky>0</wp:is_sticky>
		<wp:postmeta>
			<wp:meta_key>_edit_last</wp:meta_key>
			<wp:meta_value><![CDATA[1]]></wp:meta_value>
		</wp:postmeta>
		<wp:postmeta>
			<wp:meta_key>_thumbnail_id</wp:meta_key>
			<wp:meta_value><![CDATA[5084]]></wp:meta_value>
		</wp:postmeta>
		<wp:postmeta>
			<wp:meta_key>post_views_count</wp:meta_key>
			<wp:meta_value><![CDATA[]]></wp:meta_value>
		</wp:postmeta>
		<wp:postmeta>
			<wp:meta_key>is_featured</wp:meta_key>
			<wp:meta_value><![CDATA[off]]></wp:meta_value>
		</wp:postmeta>
		<wp:postmeta>
			<wp:meta_key>rate_review</wp:meta_key>
			<wp:meta_value><![CDATA[0]]></wp:meta_value>
		</wp:postmeta>
		<wp:postmeta>
			<wp:meta_key>review_cars</wp:meta_key>
			<wp:meta_value><![CDATA[0]]></wp:meta_value>
		</wp:postmeta>
		<wp:postmeta>
			<wp:meta_key>min_price_cars</wp:meta_key>
			<wp:meta_value><![CDATA[70]]></wp:meta_value>
		</wp:postmeta>
		<wp:postmeta>
			<wp:meta_key>offer_cars</wp:meta_key>
			<wp:meta_value><![CDATA[3]]></wp:meta_value>
		</wp:postmeta>
		<wp:postmeta>
			<wp:meta_key>review_activity</wp:meta_key>
			<wp:meta_value><![CDATA[3]]></wp:meta_value>
		</wp:postmeta>
		<wp:postmeta>
			<wp:meta_key>min_price_activity</wp:meta_key>
			<wp:meta_value><![CDATA[250]]></wp:meta_value>
		</wp:postmeta>
		<wp:postmeta>
			<wp:meta_key>offer_activity</wp:meta_key>
			<wp:meta_value><![CDATA[2]]></wp:meta_value>
		</wp:postmeta>
		<wp:postmeta>
			<wp:meta_key>review_tours</wp:meta_key>
			<wp:meta_value><![CDATA[0]]></wp:meta_value>
		</wp:postmeta>
		<wp:postmeta>
			<wp:meta_key>min_price_tours</wp:meta_key>
			<wp:meta_value><![CDATA[559]]></wp:meta_value>
		</wp:postmeta>
		<wp:postmeta>
			<wp:meta_key>offer_tours</wp:meta_key>
			<wp:meta_value><![CDATA[1]]></wp:meta_value>
		</wp:postmeta>
		<wp:postmeta>
			<wp:meta_key>review_st_cars</wp:meta_key>
			<wp:meta_value><![CDATA[0]]></wp:meta_value>
		</wp:postmeta>
		<wp:postmeta>
			<wp:meta_key>min_price_st_cars</wp:meta_key>
			<wp:meta_value><![CDATA[66.5]]></wp:meta_value>
		</wp:postmeta>
		<wp:postmeta>
			<wp:meta_key>offer_st_cars</wp:meta_key>
			<wp:meta_value><![CDATA[3]]></wp:meta_value>
		</wp:postmeta>
		<wp:postmeta>
			<wp:meta_key>review_st_tours</wp:meta_key>
			<wp:meta_value><![CDATA[2]]></wp:meta_value>
		</wp:postmeta>
		<wp:postmeta>
			<wp:meta_key>min_price_st_tours</wp:meta_key>
			<wp:meta_value><![CDATA[559]]></wp:meta_value>
		</wp:postmeta>
		<wp:postmeta>
			<wp:meta_key>offer_st_tours</wp:meta_key>
			<wp:meta_value><![CDATA[1]]></wp:meta_value>
		</wp:postmeta>
		<wp:postmeta>
			<wp:meta_key>total_sale_number</wp:meta_key>
			<wp:meta_value><![CDATA[]]></wp:meta_value>
		</wp:postmeta>
		<wp:postmeta>
			<wp:meta_key>zipcode</wp:meta_key>
			<wp:meta_value><![CDATA[10-14]]></wp:meta_value>
		</wp:postmeta>
		<wp:postmeta>
			<wp:meta_key>_alp_processed</wp:meta_key>
			<wp:meta_value><![CDATA[1422852010]]></wp:meta_value>
		</wp:postmeta>
		<wp:postmeta>
			<wp:meta_key>map_lat</wp:meta_key>
			<wp:meta_value><![CDATA[40.712784]]></wp:meta_value>
		</wp:postmeta>
		<wp:postmeta>
			<wp:meta_key>map_lng</wp:meta_key>
			<wp:meta_value><![CDATA[-74.005941]]></wp:meta_value>
		</wp:postmeta>
		<wp:postmeta>
			<wp:meta_key>review_st_activity</wp:meta_key>
			<wp:meta_value><![CDATA[1]]></wp:meta_value>
		</wp:postmeta>
		<wp:postmeta>
			<wp:meta_key>min_price_st_activity</wp:meta_key>
			<wp:meta_value><![CDATA[315]]></wp:meta_value>
		</wp:postmeta>
		<wp:postmeta>
			<wp:meta_key>offer_st_activity</wp:meta_key>
			<wp:meta_value><![CDATA[1]]></wp:meta_value>
		</wp:postmeta>
		<wp:postmeta>
			<wp:meta_key>review_rental</wp:meta_key>
			<wp:meta_value><![CDATA[0]]></wp:meta_value>
		</wp:postmeta>
		<wp:postmeta>
			<wp:meta_key>min_price_rental</wp:meta_key>
			<wp:meta_value><![CDATA[171]]></wp:meta_value>
		</wp:postmeta>
		<wp:postmeta>
			<wp:meta_key>offer_rental</wp:meta_key>
			<wp:meta_value><![CDATA[6]]></wp:meta_value>
		</wp:postmeta>
		<wp:postmeta>
			<wp:meta_key>review_st_rental</wp:meta_key>
			<wp:meta_value><![CDATA[6]]></wp:meta_value>
		</wp:postmeta>
		<wp:postmeta>
			<wp:meta_key>min_price_st_rental</wp:meta_key>
			<wp:meta_value><![CDATA[171]]></wp:meta_value>
		</wp:postmeta>
		<wp:postmeta>
			<wp:meta_key>offer_st_rental</wp:meta_key>
			<wp:meta_value><![CDATA[6]]></wp:meta_value>
		</wp:postmeta>
		<wp:postmeta>
			<wp:meta_key>_vc_post_settings</wp:meta_key>
			<wp:meta_value><![CDATA[a:2:{s:7:"vc_grid";a:0:{}s:10:"vc_grid_id";a:0:{}}]]></wp:meta_value>
		</wp:postmeta>
		<wp:postmeta>
			<wp:meta_key>review_st_hotel</wp:meta_key>
			<wp:meta_value><![CDATA[7]]></wp:meta_value>
		</wp:postmeta>
		<wp:postmeta>
			<wp:meta_key>offer_st_hotel</wp:meta_key>
			<wp:meta_value><![CDATA[7]]></wp:meta_value>
		</wp:postmeta>
		<wp:postmeta>
			<wp:meta_key>min_price_st_hotel</wp:meta_key>
			<wp:meta_value><![CDATA[128]]></wp:meta_value>
		</wp:postmeta>
		<wp:postmeta>
			<wp:meta_key>logo</wp:meta_key>
			<wp:meta_value><![CDATA[http://travelerdata.wpengine.com/wp-content/uploads/st_uploadfont/sm.png]]></wp:meta_value>
		</wp:postmeta>
	</item>
	<item>
		<title>Sydney</title>
		<link>http://travelerdata.wpengine.com/location/budapest/sydney-hotels/</link>
		<pubDate>Thu, 27 Nov 2014 01:54:57 +0000</pubDate>
		<dc:creator><![CDATA[admin]]></dc:creator>
		<guid isPermaLink="false">http://localhost/shinetheme/Travel/travel-code/?post_type=location&#038;p=219</guid>
		<description></description>
		<content:encoded><![CDATA[Sydney is a city on the east coast of Australia. Sydney is the capital city of New South Wales. About four million people live in Sydney which makes it the biggest city in Australia. Sydney started in 1788, when the Captain Arthur Phillip brought the First Fleet to settle in Australia. The settlers were mostly convicts from crowded prisons in England and Ireland, with a group of soldiers to guard them.

In Sydney, there are many famous buildings: the Sydney Opera House, the Queen Victoria Building and the Sydney Harbour Bridge. Sydney has a large harbour and many beaches. The most famous beach is Bondi Beach, some other famous beaches are Coogee Beach and Manly Beach. Famous parts of the harbour are Darling Harbour and Circular Quay.

The most famous sports ground in Sydney is ANZ Stadium (which used to be called "Stadium Australia") because it was built for the 2000 Summer Olympics. Another stadium in Sydney is the Sydney Cricket Ground (SCG).

Sydney has many things to see and do. These include visiting Taronga Zoo (a park for animals) on the northern side of the harbour, eating food, looking at art or watching sports (like cricket or rugby) or walking down George Street which has many nice shops. Sydney has some of Australia's best shopping, and the Blue Mountains are about two hours' drive away to the west. Many people go to Sydney City to watch the great fireworks display over the harbour on New Year's Eve.]]></content:encoded>
		<excerpt:encoded><![CDATA[faucibus egestas rutrum mauris vulputate consequat ante]]></excerpt:encoded>
		<wp:post_id>276</wp:post_id>
		<wp:post_date>2014-11-27 01:54:57</wp:post_date>
		<wp:post_date_gmt>2014-11-27 01:54:57</wp:post_date_gmt>
		<wp:comment_status>open</wp:comment_status>
		<wp:ping_status>open</wp:ping_status>
		<wp:post_name>sydney-hotels</wp:post_name>
		<wp:status>publish</wp:status>
		<wp:post_parent>285</wp:post_parent>
		<wp:menu_order>0</wp:menu_order>
		<wp:post_type>location</wp:post_type>
		<wp:post_password></wp:post_password>
		<wp:is_sticky>0</wp:is_sticky>
		<wp:postmeta>
			<wp:meta_key>_edit_last</wp:meta_key>
			<wp:meta_value><![CDATA[1]]></wp:meta_value>
		</wp:postmeta>
		<wp:postmeta>
			<wp:meta_key>_thumbnail_id</wp:meta_key>
			<wp:meta_value><![CDATA[5082]]></wp:meta_value>
		</wp:postmeta>
		<wp:postmeta>
			<wp:meta_key>post_views_count</wp:meta_key>
			<wp:meta_value><![CDATA[]]></wp:meta_value>
		</wp:postmeta>
		<wp:postmeta>
			<wp:meta_key>rate_review</wp:meta_key>
			<wp:meta_value><![CDATA[0]]></wp:meta_value>
		</wp:postmeta>
		<wp:postmeta>
			<wp:meta_key>is_featured</wp:meta_key>
			<wp:meta_value><![CDATA[off]]></wp:meta_value>
		</wp:postmeta>
		<wp:postmeta>
			<wp:meta_key>_alp_processed</wp:meta_key>
			<wp:meta_value><![CDATA[1422864623]]></wp:meta_value>
		</wp:postmeta>
		<wp:postmeta>
			<wp:meta_key>review_st_rental</wp:meta_key>
			<wp:meta_value><![CDATA[2]]></wp:meta_value>
		</wp:postmeta>
		<wp:postmeta>
			<wp:meta_key>min_price_st_rental</wp:meta_key>
			<wp:meta_value><![CDATA[360]]></wp:meta_value>
		</wp:postmeta>
		<wp:postmeta>
			<wp:meta_key>offer_st_rental</wp:meta_key>
			<wp:meta_value><![CDATA[2]]></wp:meta_value>
		</wp:postmeta>
		<wp:postmeta>
			<wp:meta_key>_vc_post_settings</wp:meta_key>
			<wp:meta_value><![CDATA[a:2:{s:7:"vc_grid";a:0:{}s:10:"vc_grid_id";a:0:{}}]]></wp:meta_value>
		</wp:postmeta>
		<wp:postmeta>
			<wp:meta_key>review_st_hotel</wp:meta_key>
			<wp:meta_value><![CDATA[0]]></wp:meta_value>
		</wp:postmeta>
		<wp:postmeta>
			<wp:meta_key>offer_st_hotel</wp:meta_key>
			<wp:meta_value><![CDATA[2]]></wp:meta_value>
		</wp:postmeta>
		<wp:postmeta>
			<wp:meta_key>min_price_st_hotel</wp:meta_key>
			<wp:meta_value><![CDATA[273]]></wp:meta_value>
		</wp:postmeta>
		<wp:postmeta>
			<wp:meta_key>logo</wp:meta_key>
			<wp:meta_value><![CDATA[http://travelerdata.wpengine.com/wp-content/uploads/st_uploadfont/sm.png]]></wp:meta_value>
		</wp:postmeta>
	</item>
	<item>
		<title>Russia</title>
		<link>http://travelerdata.wpengine.com/location/sydney-hotels-2/</link>
		<pubDate>Thu, 27 Nov 2014 01:55:16 +0000</pubDate>
		<dc:creator><![CDATA[admin]]></dc:creator>
		<guid isPermaLink="false">http://localhost/shinetheme/Travel/travel-code/?post_type=location&#038;p=220</guid>
		<description></description>
		<content:encoded><![CDATA[http://simple.wikipedia.org/wiki/Russia
Russia (also the Russian Federation) is a country which is mostly in Asia and partly in Eastern Europe. It is the largest country in the world by land area. About 145 million people live in Russia. The official name for Russia in English is The Russian Federation.[6] The capital city of Russia is Moscow. Russia shares borders with Norway, Finland, Estonia, Latvia, Lithuania and Poland (both via Kaliningrad Oblast), Belarus, Ukraine, Georgia, Azerbaijan, Kazakhstan, China, Mongolia, and North Korea. It also has borders over water with Japan by the Sea of Okhotsk, and the United States by the Bering Strait.

Russia is a very large and diverse country. Its government is now based on a democratic form of rule. The president is chosen in direct elections, and its current President is Vladimir Putin. The official language is Russian. Russia produces a lot of energy made from oil and natural gas.[7]]]></content:encoded>
		<excerpt:encoded><![CDATA[Cursus faucibus egestas rutrum mauris vulputate consequat ante]]></excerpt:encoded>
		<wp:post_id>277</wp:post_id>
		<wp:post_date>2014-11-27 01:55:16</wp:post_date>
		<wp:post_date_gmt>2014-11-27 01:55:16</wp:post_date_gmt>
		<wp:comment_status>open</wp:comment_status>
		<wp:ping_status>open</wp:ping_status>
		<wp:post_name>sydney-hotels-2</wp:post_name>
		<wp:status>publish</wp:status>
		<wp:post_parent>0</wp:post_parent>
		<wp:menu_order>0</wp:menu_order>
		<wp:post_type>location</wp:post_type>
		<wp:post_password></wp:post_password>
		<wp:is_sticky>0</wp:is_sticky>
		<wp:postmeta>
			<wp:meta_key>_edit_last</wp:meta_key>
			<wp:meta_value><![CDATA[1]]></wp:meta_value>
		</wp:postmeta>
		<wp:postmeta>
			<wp:meta_key>_thumbnail_id</wp:meta_key>
			<wp:meta_value><![CDATA[5051]]></wp:meta_value>
		</wp:postmeta>
		<wp:postmeta>
			<wp:meta_key>post_views_count</wp:meta_key>
			<wp:meta_value><![CDATA[]]></wp:meta_value>
		</wp:postmeta>
		<wp:postmeta>
			<wp:meta_key>rate_review</wp:meta_key>
			<wp:meta_value><![CDATA[0]]></wp:meta_value>
		</wp:postmeta>
		<wp:postmeta>
			<wp:meta_key>is_featured</wp:meta_key>
			<wp:meta_value><![CDATA[off]]></wp:meta_value>
		</wp:postmeta>
		<wp:postmeta>
			<wp:meta_key>review_activity</wp:meta_key>
			<wp:meta_value><![CDATA[2]]></wp:meta_value>
		</wp:postmeta>
		<wp:postmeta>
			<wp:meta_key>min_price_activity</wp:meta_key>
			<wp:meta_value><![CDATA[500]]></wp:meta_value>
		</wp:postmeta>
		<wp:postmeta>
			<wp:meta_key>offer_activity</wp:meta_key>
			<wp:meta_value><![CDATA[1]]></wp:meta_value>
		</wp:postmeta>
		<wp:postmeta>
			<wp:meta_key>review_st_tours</wp:meta_key>
			<wp:meta_value><![CDATA[1]]></wp:meta_value>
		</wp:postmeta>
		<wp:postmeta>
			<wp:meta_key>min_price_st_tours</wp:meta_key>
			<wp:meta_value><![CDATA[559]]></wp:meta_value>
		</wp:postmeta>
		<wp:postmeta>
			<wp:meta_key>offer_st_tours</wp:meta_key>
			<wp:meta_value><![CDATA[1]]></wp:meta_value>
		</wp:postmeta>
		<wp:postmeta>
			<wp:meta_key>review_st_activity</wp:meta_key>
			<wp:meta_value><![CDATA[1]]></wp:meta_value>
		</wp:postmeta>
		<wp:postmeta>
			<wp:meta_key>min_price_st_activity</wp:meta_key>
			<wp:meta_value><![CDATA[500]]></wp:meta_value>
		</wp:postmeta>
		<wp:postmeta>
			<wp:meta_key>offer_st_activity</wp:meta_key>
			<wp:meta_value><![CDATA[1]]></wp:meta_value>
		</wp:postmeta>
		<wp:postmeta>
			<wp:meta_key>total_sale_number</wp:meta_key>
			<wp:meta_value><![CDATA[]]></wp:meta_value>
		</wp:postmeta>
		<wp:postmeta>
			<wp:meta_key>_alp_processed</wp:meta_key>
			<wp:meta_value><![CDATA[1422865453]]></wp:meta_value>
		</wp:postmeta>
		<wp:postmeta>
			<wp:meta_key>_oembed_44d450b4f0e87904418f83d1e4fc6cdd</wp:meta_key>
			<wp:meta_value><![CDATA[{{unknown}}]]></wp:meta_value>
		</wp:postmeta>
		<wp:postmeta>
			<wp:meta_key>_vc_post_settings</wp:meta_key>
			<wp:meta_value><![CDATA[a:2:{s:7:"vc_grid";a:0:{}s:10:"vc_grid_id";a:0:{}}]]></wp:meta_value>
		</wp:postmeta>
		<wp:postmeta>
			<wp:meta_key>_oembed_718898d7f4771c7f3a333822590a8be0</wp:meta_key>
			<wp:meta_value><![CDATA[{{unknown}}]]></wp:meta_value>
		</wp:postmeta>
		<wp:postmeta>
			<wp:meta_key>review_st_hotel</wp:meta_key>
			<wp:meta_value><![CDATA[0]]></wp:meta_value>
		</wp:postmeta>
		<wp:postmeta>
			<wp:meta_key>offer_st_hotel</wp:meta_key>
			<wp:meta_value><![CDATA[1]]></wp:meta_value>
		</wp:postmeta>
		<wp:postmeta>
			<wp:meta_key>logo</wp:meta_key>
			<wp:meta_value><![CDATA[http://travelerdata.wpengine.com/wp-content/uploads/st_uploadfont/sm.png]]></wp:meta_value>
		</wp:postmeta>
	</item>
	<item>
		<title>Germany</title>
		<link>http://travelerdata.wpengine.com/location/seattle-hotels/</link>
		<pubDate>Thu, 27 Nov 2014 01:56:01 +0000</pubDate>
		<dc:creator><![CDATA[admin]]></dc:creator>
		<guid isPermaLink="false">http://localhost/shinetheme/Travel/travel-code/?post_type=location&#038;p=222</guid>
		<description></description>
		<content:encoded><![CDATA[The Federal Republic of Germany, also called Germany (German: Bundesrepublik Deutschland[10] or just Deutschland), is a country in Central Europe. The country's full name is sometimes shortened to the FRG (or the BRD, in German).

To the north of Germany are the North Sea, the Baltic Sea, and the country of Denmark. To the east of Germany are the countries of Poland and the Czech Republic. To the south of Germany are the countries of Austria and Switzerland. To the west of Germany are the countries of France, Luxembourg, Belgium, and the Netherlands. The total area of Germany is 137,847 square miles and has warm weather most of the year. In June 2013, Germany had a population of 80.6 million[6] people. After the United States, Germany is the second most popular country for migration in the world.[11]

Before it was called Germany, it was called Germania. In the years A.D. 900 until 1806, Germany was part of the Holy Roman Empire.

From 1949 to 1990, Germany was made up of two countries called the Federal Republic of Germany (inf. West Germany) and the German Democratic Republic (inf. East Germany). During this time, the capital city of Berlin was divided into a west and an east part. On 13 August 1961, East Germany started building the Berlin Wall between the two parts of Berlin. West Germany was one of the countries that started the European Union.[12]
http://simple.wikipedia.org/wiki/Germany]]></content:encoded>
		<excerpt:encoded><![CDATA[Cursus faucibus egestas rutrum mauris vulputate consequat ante]]></excerpt:encoded>
		<wp:post_id>279</wp:post_id>
		<wp:post_date>2014-11-27 01:56:01</wp:post_date>
		<wp:post_date_gmt>2014-11-27 01:56:01</wp:post_date_gmt>
		<wp:comment_status>open</wp:comment_status>
		<wp:ping_status>open</wp:ping_status>
		<wp:post_name>seattle-hotels</wp:post_name>
		<wp:status>publish</wp:status>
		<wp:post_parent>0</wp:post_parent>
		<wp:menu_order>0</wp:menu_order>
		<wp:post_type>location</wp:post_type>
		<wp:post_password></wp:post_password>
		<wp:is_sticky>0</wp:is_sticky>
		<wp:postmeta>
			<wp:meta_key>_edit_last</wp:meta_key>
			<wp:meta_value><![CDATA[1]]></wp:meta_value>
		</wp:postmeta>
		<wp:postmeta>
			<wp:meta_key>_thumbnail_id</wp:meta_key>
			<wp:meta_value><![CDATA[5053]]></wp:meta_value>
		</wp:postmeta>
		<wp:postmeta>
			<wp:meta_key>post_views_count</wp:meta_key>
			<wp:meta_value><![CDATA[]]></wp:meta_value>
		</wp:postmeta>
		<wp:postmeta>
			<wp:meta_key>logo</wp:meta_key>
			<wp:meta_value><![CDATA[http://travelerdata.wpengine.com/wp-content/uploads/st_uploadfont/sm.png]]></wp:meta_value>
		</wp:postmeta>
		<wp:postmeta>
			<wp:meta_key>rate_review</wp:meta_key>
			<wp:meta_value><![CDATA[0]]></wp:meta_value>
		</wp:postmeta>
		<wp:postmeta>
			<wp:meta_key>is_featured</wp:meta_key>
			<wp:meta_value><![CDATA[off]]></wp:meta_value>
		</wp:postmeta>
		<wp:postmeta>
			<wp:meta_key>_alp_processed</wp:meta_key>
			<wp:meta_value><![CDATA[1422866157]]></wp:meta_value>
		</wp:postmeta>
		<wp:postmeta>
			<wp:meta_key>_oembed_5f884a95a201a68d09cb33becb8d15be</wp:meta_key>
			<wp:meta_value><![CDATA[{{unknown}}]]></wp:meta_value>
		</wp:postmeta>
		<wp:postmeta>
			<wp:meta_key>total_sale_number</wp:meta_key>
			<wp:meta_value><![CDATA[]]></wp:meta_value>
		</wp:postmeta>
		<wp:postmeta>
			<wp:meta_key>_vc_post_settings</wp:meta_key>
			<wp:meta_value><![CDATA[a:2:{s:7:"vc_grid";a:0:{}s:10:"vc_grid_id";a:0:{}}]]></wp:meta_value>
		</wp:postmeta>
		<wp:postmeta>
			<wp:meta_key>_oembed_8aee4e8a3e8e13f2dedba740ca47ab0a</wp:meta_key>
			<wp:meta_value><![CDATA[{{unknown}}]]></wp:meta_value>
		</wp:postmeta>
		<wp:postmeta>
			<wp:meta_key>review_st_hotel</wp:meta_key>
			<wp:meta_value><![CDATA[1]]></wp:meta_value>
		</wp:postmeta>
		<wp:postmeta>
			<wp:meta_key>offer_st_hotel</wp:meta_key>
			<wp:meta_value><![CDATA[1]]></wp:meta_value>
		</wp:postmeta>
	</item>
	<item>
		<title>Italy</title>
		<link>http://travelerdata.wpengine.com/location/miami-hotels/</link>
		<pubDate>Thu, 27 Nov 2014 01:56:21 +0000</pubDate>
		<dc:creator><![CDATA[admin]]></dc:creator>
		<guid isPermaLink="false">http://localhost/shinetheme/Travel/travel-code/?post_type=location&#038;p=223</guid>
		<description></description>
		<content:encoded><![CDATA[Italy is a country in Southern Europe and a member of the European Union. Its official name is Repubblica Italiana. Italy is a democratic republic and is a founding member of the European Union.[7]

Italy is also a member of the G8, as it has the 8th largest Gross Domestic Product in the world. Its Acting President is Pietro Grasso and its Prime Minister is Matteo Renzi. Before 1861, it was made up of smaller kingdoms and city-states.
http://simple.wikipedia.org/wiki/Italy]]></content:encoded>
		<excerpt:encoded><![CDATA[Cursus faucibus egestas rutrum mauris vulputate consequat ante]]></excerpt:encoded>
		<wp:post_id>280</wp:post_id>
		<wp:post_date>2014-11-27 01:56:21</wp:post_date>
		<wp:post_date_gmt>2014-11-27 01:56:21</wp:post_date_gmt>
		<wp:comment_status>open</wp:comment_status>
		<wp:ping_status>open</wp:ping_status>
		<wp:post_name>miami-hotels</wp:post_name>
		<wp:status>publish</wp:status>
		<wp:post_parent>0</wp:post_parent>
		<wp:menu_order>0</wp:menu_order>
		<wp:post_type>location</wp:post_type>
		<wp:post_password></wp:post_password>
		<wp:is_sticky>0</wp:is_sticky>
		<wp:postmeta>
			<wp:meta_key>_edit_last</wp:meta_key>
			<wp:meta_value><![CDATA[1]]></wp:meta_value>
		</wp:postmeta>
		<wp:postmeta>
			<wp:meta_key>_thumbnail_id</wp:meta_key>
			<wp:meta_value><![CDATA[5013]]></wp:meta_value>
		</wp:postmeta>
		<wp:postmeta>
			<wp:meta_key>post_views_count</wp:meta_key>
			<wp:meta_value><![CDATA[]]></wp:meta_value>
		</wp:postmeta>
		<wp:postmeta>
			<wp:meta_key>logo</wp:meta_key>
			<wp:meta_value><![CDATA[http://travelerdata.wpengine.com/wp-content/uploads/2015/01/sm.png]]></wp:meta_value>
		</wp:postmeta>
		<wp:postmeta>
			<wp:meta_key>review_tours</wp:meta_key>
			<wp:meta_value><![CDATA[0]]></wp:meta_value>
		</wp:postmeta>
		<wp:postmeta>
			<wp:meta_key>min_price_tours</wp:meta_key>
			<wp:meta_value><![CDATA[7000]]></wp:meta_value>
		</wp:postmeta>
		<wp:postmeta>
			<wp:meta_key>offer_tours</wp:meta_key>
			<wp:meta_value><![CDATA[1]]></wp:meta_value>
		</wp:postmeta>
		<wp:postmeta>
			<wp:meta_key>rate_review</wp:meta_key>
			<wp:meta_value><![CDATA[0]]></wp:meta_value>
		</wp:postmeta>
		<wp:postmeta>
			<wp:meta_key>is_featured</wp:meta_key>
			<wp:meta_value><![CDATA[off]]></wp:meta_value>
		</wp:postmeta>
		<wp:postmeta>
			<wp:meta_key>_alp_processed</wp:meta_key>
			<wp:meta_value><![CDATA[1422865061]]></wp:meta_value>
		</wp:postmeta>
		<wp:postmeta>
			<wp:meta_key>_oembed_784d4c06d675ed78be042f7465af676c</wp:meta_key>
			<wp:meta_value><![CDATA[{{unknown}}]]></wp:meta_value>
		</wp:postmeta>
		<wp:postmeta>
			<wp:meta_key>total_sale_number</wp:meta_key>
			<wp:meta_value><![CDATA[]]></wp:meta_value>
		</wp:postmeta>
		<wp:postmeta>
			<wp:meta_key>_oembed_7dca9758da63932c2e547ab4cd03e443</wp:meta_key>
			<wp:meta_value><![CDATA[{{unknown}}]]></wp:meta_value>
		</wp:postmeta>
		<wp:postmeta>
			<wp:meta_key>_vc_post_settings</wp:meta_key>
			<wp:meta_value><![CDATA[a:2:{s:7:"vc_grid";a:0:{}s:10:"vc_grid_id";a:0:{}}]]></wp:meta_value>
		</wp:postmeta>
		<wp:postmeta>
			<wp:meta_key>_oembed_367635f438bfa6b5246d007006f0d868</wp:meta_key>
			<wp:meta_value><![CDATA[{{unknown}}]]></wp:meta_value>
		</wp:postmeta>
	</item>
	<item>
		<title>Vietnam</title>
		<link>http://travelerdata.wpengine.com/location/hotels/</link>
		<pubDate>Thu, 27 Nov 2014 01:56:44 +0000</pubDate>
		<dc:creator><![CDATA[admin]]></dc:creator>
		<guid isPermaLink="false">http://localhost/shinetheme/Travel/travel-code/?post_type=location&#038;p=224</guid>
		<description></description>
		<content:encoded><![CDATA[http://simple.wikipedia.org/wiki/Vietnam
Vietnam is a country in Southeast Asia. The long-form name of the country is the Socialist Republic of Vietnam. The neighboring countries of Vietnam are China, Laos, Cambodia, and the Philippines.]]></content:encoded>
		<excerpt:encoded><![CDATA[Cursus faucibus egestas rutrum mauris vulputate consequat ante]]></excerpt:encoded>
		<wp:post_id>281</wp:post_id>
		<wp:post_date>2014-11-27 01:56:44</wp:post_date>
		<wp:post_date_gmt>2014-11-27 01:56:44</wp:post_date_gmt>
		<wp:comment_status>open</wp:comment_status>
		<wp:ping_status>open</wp:ping_status>
		<wp:post_name>hotels</wp:post_name>
		<wp:status>publish</wp:status>
		<wp:post_parent>0</wp:post_parent>
		<wp:menu_order>0</wp:menu_order>
		<wp:post_type>location</wp:post_type>
		<wp:post_password></wp:post_password>
		<wp:is_sticky>0</wp:is_sticky>
		<wp:postmeta>
			<wp:meta_key>_edit_last</wp:meta_key>
			<wp:meta_value><![CDATA[1]]></wp:meta_value>
		</wp:postmeta>
		<wp:postmeta>
			<wp:meta_key>_thumbnail_id</wp:meta_key>
			<wp:meta_value><![CDATA[5013]]></wp:meta_value>
		</wp:postmeta>
		<wp:postmeta>
			<wp:meta_key>post_views_count</wp:meta_key>
			<wp:meta_value><![CDATA[]]></wp:meta_value>
		</wp:postmeta>
		<wp:postmeta>
			<wp:meta_key>logo</wp:meta_key>
			<wp:meta_value><![CDATA[http://travelerdata.wpengine.com/wp-content/uploads/st_uploadfont/sm.png]]></wp:meta_value>
		</wp:postmeta>
		<wp:postmeta>
			<wp:meta_key>rate_review</wp:meta_key>
			<wp:meta_value><![CDATA[0]]></wp:meta_value>
		</wp:postmeta>
		<wp:postmeta>
			<wp:meta_key>total_sale_number</wp:meta_key>
			<wp:meta_value><![CDATA[]]></wp:meta_value>
		</wp:postmeta>
		<wp:postmeta>
			<wp:meta_key>is_featured</wp:meta_key>
			<wp:meta_value><![CDATA[off]]></wp:meta_value>
		</wp:postmeta>
		<wp:postmeta>
			<wp:meta_key>_alp_processed</wp:meta_key>
			<wp:meta_value><![CDATA[1422865550]]></wp:meta_value>
		</wp:postmeta>
		<wp:postmeta>
			<wp:meta_key>_oembed_17bbcda445ea73da3861b39e44593bb1</wp:meta_key>
			<wp:meta_value><![CDATA[{{unknown}}]]></wp:meta_value>
		</wp:postmeta>
		<wp:postmeta>
			<wp:meta_key>_vc_post_settings</wp:meta_key>
			<wp:meta_value><![CDATA[a:2:{s:7:"vc_grid";a:0:{}s:10:"vc_grid_id";a:0:{}}]]></wp:meta_value>
		</wp:postmeta>
		<wp:postmeta>
			<wp:meta_key>_oembed_365cd47d6d20dcb8cb0449d8cd61b3e9</wp:meta_key>
			<wp:meta_value><![CDATA[{{unknown}}]]></wp:meta_value>
		</wp:postmeta>
	</item>
	<item>
		<title>Virginia Beach</title>
		<link>http://travelerdata.wpengine.com/location/united-states/virginia-state/virginia-beach-hotels/</link>
		<pubDate>Thu, 27 Nov 2014 01:57:08 +0000</pubDate>
		<dc:creator><![CDATA[admin]]></dc:creator>
		<guid isPermaLink="false">http://localhost/shinetheme/Travel/travel-code/?post_type=location&#038;p=225</guid>
		<description></description>
		<content:encoded><![CDATA[Virginia Beach is an independent city located in the U.S. state of Virginia. As of the 2010 census, the population was 437,994. In 2013, the population was estimated to be 448,479. It is the most populous city in Virginia as well as the 39th most populous in the United States.

Located on the Atlantic Ocean at the mouth of the Chesapeake Bay, Virginia Beach is included in the Hampton Roads metropolitan area. This area, known as "America's First Region", also includes the independent cities of Chesapeake, Hampton, Newport News, Norfolk, Portsmouth, and Suffolk, as well as other smaller cities, counties, and towns of Hampton Roads.

Virginia Beach is a resort city with miles of beaches and hundreds of hotels, motels, and restaurants along its oceanfront. Every year the city hosts the East Coast Surfing Championships as well as the North American Sand Soccer Championship, a beach soccer tournament. It is also home to several state parks, several long-protected beach areas, three military bases, a number of large corporations, two universities, International headquarters and site of the television broadcast studios for Pat Robertson's Christian Broadcasting Network (CBN), Edgar Cayce's Association for Research and Enlightenment, and numerous historic sites. Near the point where the Chesapeake Bay and the Atlantic Ocean meet, Cape Henry was the site of the first landing of the English colonists, who eventually settled in Jamestown, on April 26, 1607.

The city is listed in the Guinness Book of Records as having the longest pleasure beach in the world. It is located at the southern end of the Chesapeake Bay Bridge-Tunnel, the longest bridge-tunnel complex in the world.]]></content:encoded>
		<excerpt:encoded><![CDATA[Cursus faucibus egestas rutrum mauris vulputate consequat ante]]></excerpt:encoded>
		<wp:post_id>282</wp:post_id>
		<wp:post_date>2014-11-27 01:57:08</wp:post_date>
		<wp:post_date_gmt>2014-11-27 01:57:08</wp:post_date_gmt>
		<wp:comment_status>open</wp:comment_status>
		<wp:ping_status>open</wp:ping_status>
		<wp:post_name>virginia-beach-hotels</wp:post_name>
		<wp:status>publish</wp:status>
		<wp:post_parent>1952</wp:post_parent>
		<wp:menu_order>0</wp:menu_order>
		<wp:post_type>location</wp:post_type>
		<wp:post_password></wp:post_password>
		<wp:is_sticky>0</wp:is_sticky>
		<wp:postmeta>
			<wp:meta_key>_edit_last</wp:meta_key>
			<wp:meta_value><![CDATA[1]]></wp:meta_value>
		</wp:postmeta>
		<wp:postmeta>
			<wp:meta_key>_thumbnail_id</wp:meta_key>
			<wp:meta_value><![CDATA[5013]]></wp:meta_value>
		</wp:postmeta>
		<wp:postmeta>
			<wp:meta_key>post_views_count</wp:meta_key>
			<wp:meta_value><![CDATA[]]></wp:meta_value>
		</wp:postmeta>
		<wp:postmeta>
			<wp:meta_key>logo</wp:meta_key>
			<wp:meta_value><![CDATA[http://travelerdata.wpengine.com/wp-content/uploads/st_uploadfont/sm.png]]></wp:meta_value>
		</wp:postmeta>
		<wp:postmeta>
			<wp:meta_key>review_tours</wp:meta_key>
			<wp:meta_value><![CDATA[0]]></wp:meta_value>
		</wp:postmeta>
		<wp:postmeta>
			<wp:meta_key>min_price_tours</wp:meta_key>
			<wp:meta_value><![CDATA[300]]></wp:meta_value>
		</wp:postmeta>
		<wp:postmeta>
			<wp:meta_key>offer_tours</wp:meta_key>
			<wp:meta_value><![CDATA[1]]></wp:meta_value>
		</wp:postmeta>
		<wp:postmeta>
			<wp:meta_key>rate_review</wp:meta_key>
			<wp:meta_value><![CDATA[0]]></wp:meta_value>
		</wp:postmeta>
		<wp:postmeta>
			<wp:meta_key>is_featured</wp:meta_key>
			<wp:meta_value><![CDATA[off]]></wp:meta_value>
		</wp:postmeta>
		<wp:postmeta>
			<wp:meta_key>_alp_processed</wp:meta_key>
			<wp:meta_value><![CDATA[1422850085]]></wp:meta_value>
		</wp:postmeta>
		<wp:postmeta>
			<wp:meta_key>map_lat</wp:meta_key>
			<wp:meta_value><![CDATA[36.852926]]></wp:meta_value>
		</wp:postmeta>
		<wp:postmeta>
			<wp:meta_key>map_lng</wp:meta_key>
			<wp:meta_value><![CDATA[-75.977985]]></wp:meta_value>
		</wp:postmeta>
		<wp:postmeta>
			<wp:meta_key>_vc_post_settings</wp:meta_key>
			<wp:meta_value><![CDATA[a:2:{s:7:"vc_grid";a:0:{}s:10:"vc_grid_id";a:0:{}}]]></wp:meta_value>
		</wp:postmeta>
		<wp:postmeta>
			<wp:meta_key>review_st_hotel</wp:meta_key>
			<wp:meta_value><![CDATA[1]]></wp:meta_value>
		</wp:postmeta>
		<wp:postmeta>
			<wp:meta_key>offer_st_hotel</wp:meta_key>
			<wp:meta_value><![CDATA[1]]></wp:meta_value>
		</wp:postmeta>
	</item>
	<item>
		<title>Marseille</title>
		<link>http://travelerdata.wpengine.com/location/france/atlantic-city-hotels/</link>
		<pubDate>Thu, 27 Nov 2014 01:57:33 +0000</pubDate>
		<dc:creator><![CDATA[admin]]></dc:creator>
		<guid isPermaLink="false">http://localhost/shinetheme/Travel/travel-code/?post_type=location&#038;p=226</guid>
		<description></description>
		<content:encoded><![CDATA[Marseille is a city in the south of France in the Bouches-du-Rhône department. About 1.5 million people live in the country, and about 1.3 million in the city itself. This makes it the second largest city in France by number of people. It is the third largest by size. Marseille is all in the south, just at the Mediterranean sea. It has the biggest commercial port in France. The port is one of the most important ones in the Mediterranean.

Although part of the region of Provence, Marseilles has a soul of its own. Founded in 600 B.C. by the Greek sailors of Phocaea, this city is the oldest in France and probably the most complex.

The city was started around 600 BC by Greek sailors from (modern day) Foça. This was a Greek colony in Asia Minor. It is in what is now Turkey.

Marseille has a hot-summer Mediterranean climate
http://simple.wikipedia.org/wiki/Marseille]]></content:encoded>
		<excerpt:encoded><![CDATA[]]></excerpt:encoded>
		<wp:post_id>283</wp:post_id>
		<wp:post_date>2014-11-27 01:57:33</wp:post_date>
		<wp:post_date_gmt>2014-11-27 01:57:33</wp:post_date_gmt>
		<wp:comment_status>open</wp:comment_status>
		<wp:ping_status>open</wp:ping_status>
		<wp:post_name>atlantic-city-hotels</wp:post_name>
		<wp:status>publish</wp:status>
		<wp:post_parent>1680</wp:post_parent>
		<wp:menu_order>0</wp:menu_order>
		<wp:post_type>location</wp:post_type>
		<wp:post_password></wp:post_password>
		<wp:is_sticky>0</wp:is_sticky>
		<wp:postmeta>
			<wp:meta_key>_edit_last</wp:meta_key>
			<wp:meta_value><![CDATA[1]]></wp:meta_value>
		</wp:postmeta>
		<wp:postmeta>
			<wp:meta_key>_thumbnail_id</wp:meta_key>
			<wp:meta_value><![CDATA[5084]]></wp:meta_value>
		</wp:postmeta>
		<wp:postmeta>
			<wp:meta_key>post_views_count</wp:meta_key>
			<wp:meta_value><![CDATA[]]></wp:meta_value>
		</wp:postmeta>
		<wp:postmeta>
			<wp:meta_key>review_tours</wp:meta_key>
			<wp:meta_value><![CDATA[1]]></wp:meta_value>
		</wp:postmeta>
		<wp:postmeta>
			<wp:meta_key>min_price_tours</wp:meta_key>
			<wp:meta_value><![CDATA[560]]></wp:meta_value>
		</wp:postmeta>
		<wp:postmeta>
			<wp:meta_key>offer_tours</wp:meta_key>
			<wp:meta_value><![CDATA[1]]></wp:meta_value>
		</wp:postmeta>
		<wp:postmeta>
			<wp:meta_key>review_activity</wp:meta_key>
			<wp:meta_value><![CDATA[1]]></wp:meta_value>
		</wp:postmeta>
		<wp:postmeta>
			<wp:meta_key>min_price_activity</wp:meta_key>
			<wp:meta_value><![CDATA[100]]></wp:meta_value>
		</wp:postmeta>
		<wp:postmeta>
			<wp:meta_key>offer_activity</wp:meta_key>
			<wp:meta_value><![CDATA[1]]></wp:meta_value>
		</wp:postmeta>
		<wp:postmeta>
			<wp:meta_key>rate_review</wp:meta_key>
			<wp:meta_value><![CDATA[0]]></wp:meta_value>
		</wp:postmeta>
		<wp:postmeta>
			<wp:meta_key>is_featured</wp:meta_key>
			<wp:meta_value><![CDATA[off]]></wp:meta_value>
		</wp:postmeta>
		<wp:postmeta>
			<wp:meta_key>_alp_processed</wp:meta_key>
			<wp:meta_value><![CDATA[1422865156]]></wp:meta_value>
		</wp:postmeta>
		<wp:postmeta>
			<wp:meta_key>_oembed_db5cc5cd1609778b2b05fdeec3372e14</wp:meta_key>
			<wp:meta_value><![CDATA[{{unknown}}]]></wp:meta_value>
		</wp:postmeta>
		<wp:postmeta>
			<wp:meta_key>review_st_tours</wp:meta_key>
			<wp:meta_value><![CDATA[1]]></wp:meta_value>
		</wp:postmeta>
		<wp:postmeta>
			<wp:meta_key>min_price_st_tours</wp:meta_key>
			<wp:meta_value><![CDATA[560]]></wp:meta_value>
		</wp:postmeta>
		<wp:postmeta>
			<wp:meta_key>offer_st_tours</wp:meta_key>
			<wp:meta_value><![CDATA[1]]></wp:meta_value>
		</wp:postmeta>
		<wp:postmeta>
			<wp:meta_key>_vc_post_settings</wp:meta_key>
			<wp:meta_value><![CDATA[a:2:{s:7:"vc_grid";a:0:{}s:10:"vc_grid_id";a:0:{}}]]></wp:meta_value>
		</wp:postmeta>
		<wp:postmeta>
			<wp:meta_key>_oembed_9a40c10f4122b2a3b12d76e37879f7bb</wp:meta_key>
			<wp:meta_value><![CDATA[{{unknown}}]]></wp:meta_value>
		</wp:postmeta>
		<wp:postmeta>
			<wp:meta_key>logo</wp:meta_key>
			<wp:meta_value><![CDATA[http://travelerdata.wpengine.com/wp-content/uploads/2015/01/sm.png]]></wp:meta_value>
		</wp:postmeta>
	</item>
	<item>
		<title>Las Vegas</title>
		<link>http://travelerdata.wpengine.com/location/united-states/nevada/las-vegas/</link>
		<pubDate>Thu, 27 Nov 2014 01:58:01 +0000</pubDate>
		<dc:creator><![CDATA[admin]]></dc:creator>
		<guid isPermaLink="false">http://localhost/shinetheme/Travel/travel-code/?post_type=location&#038;p=227</guid>
		<description></description>
		<content:encoded><![CDATA[Las Vegas, officially the City of Las Vegas and often known as simply Vegas, is a city in the United States, the most populous city in the state of Nevada, the county seat of Clark County, and the city proper of the Las Vegas Valley. Las Vegas is an internationally renowned major resort city known primarily for gambling, shopping, fine dining and nightlife and is the leading financial and cultural center for Southern Nevada.

The city bills itself as The Entertainment Capital of the World, and is famous for its mega casino–hotels and associated entertainment. A growing retirement and family city, Las Vegas is the 30th-most populous city in the United States, with a population of 603,488 at the 2013 United States Census Estimates.The 2013 population of the Las Vegas metropolitan area was 2,027,828. The city is one of the top three leading destinations in the United States for conventions, business, and meetings and is one of the wealthiest major cities in the country. In addition, the city's metropolitan area has more AAA Five Diamond hotels than any other city in the world, and is a global leader in the hospitality industry. Today, Las Vegas is one of the top tourist destinations in the world]]></content:encoded>
		<excerpt:encoded><![CDATA[Cursus faucibus egestas rutrum mauris vulputate consequat ante]]></excerpt:encoded>
		<wp:post_id>284</wp:post_id>
		<wp:post_date>2014-11-27 01:58:01</wp:post_date>
		<wp:post_date_gmt>2014-11-27 01:58:01</wp:post_date_gmt>
		<wp:comment_status>open</wp:comment_status>
		<wp:ping_status>open</wp:ping_status>
		<wp:post_name>las-vegas</wp:post_name>
		<wp:status>publish</wp:status>
		<wp:post_parent>1947</wp:post_parent>
		<wp:menu_order>0</wp:menu_order>
		<wp:post_type>location</wp:post_type>
		<wp:post_password></wp:post_password>
		<wp:is_sticky>0</wp:is_sticky>
		<wp:postmeta>
			<wp:meta_key>_edit_last</wp:meta_key>
			<wp:meta_value><![CDATA[1]]></wp:meta_value>
		</wp:postmeta>
		<wp:postmeta>
			<wp:meta_key>_thumbnail_id</wp:meta_key>
			<wp:meta_value><![CDATA[5013]]></wp:meta_value>
		</wp:postmeta>
		<wp:postmeta>
			<wp:meta_key>post_views_count</wp:meta_key>
			<wp:meta_value><![CDATA[]]></wp:meta_value>
		</wp:postmeta>
		<wp:postmeta>
			<wp:meta_key>rate_review</wp:meta_key>
			<wp:meta_value><![CDATA[0]]></wp:meta_value>
		</wp:postmeta>
		<wp:postmeta>
			<wp:meta_key>map_lat</wp:meta_key>
			<wp:meta_value><![CDATA[36.169941]]></wp:meta_value>
		</wp:postmeta>
		<wp:postmeta>
			<wp:meta_key>map_lng</wp:meta_key>
			<wp:meta_value><![CDATA[-115.139830]]></wp:meta_value>
		</wp:postmeta>
		<wp:postmeta>
			<wp:meta_key>total_sale_number</wp:meta_key>
			<wp:meta_value><![CDATA[]]></wp:meta_value>
		</wp:postmeta>
		<wp:postmeta>
			<wp:meta_key>is_featured</wp:meta_key>
			<wp:meta_value><![CDATA[off]]></wp:meta_value>
		</wp:postmeta>
		<wp:postmeta>
			<wp:meta_key>_alp_processed</wp:meta_key>
			<wp:meta_value><![CDATA[1422849672]]></wp:meta_value>
		</wp:postmeta>
		<wp:postmeta>
			<wp:meta_key>_vc_post_settings</wp:meta_key>
			<wp:meta_value><![CDATA[a:2:{s:7:"vc_grid";a:0:{}s:10:"vc_grid_id";a:0:{}}]]></wp:meta_value>
		</wp:postmeta>
		<wp:postmeta>
			<wp:meta_key>review_st_hotel</wp:meta_key>
			<wp:meta_value><![CDATA[0]]></wp:meta_value>
		</wp:postmeta>
		<wp:postmeta>
			<wp:meta_key>offer_st_hotel</wp:meta_key>
			<wp:meta_value><![CDATA[1]]></wp:meta_value>
		</wp:postmeta>
		<wp:postmeta>
			<wp:meta_key>logo</wp:meta_key>
			<wp:meta_value><![CDATA[http://travelerdata.wpengine.com/wp-content/uploads/st_uploadfont/sm.png]]></wp:meta_value>
		</wp:postmeta>
	</item>
	<item>
		<title>Australia</title>
		<link>http://travelerdata.wpengine.com/location/budapest/</link>
		<pubDate>Thu, 27 Nov 2014 01:58:22 +0000</pubDate>
		<dc:creator><![CDATA[admin]]></dc:creator>
		<guid isPermaLink="false">http://localhost/shinetheme/Travel/travel-code/?post_type=location&#038;p=228</guid>
		<description></description>
		<content:encoded><![CDATA[Australia is a country in the Southern hemisphere between the Pacific Ocean and the Indian Ocean. Its official name is the Commonwealth of Australia. Australia is the sixth biggest country in the world by landmass, and is part of the Oceanic and Australasian regions. The Australian emblem is a flower called the Golden Wattle.

23–24 million people live in Australia, and about 80% of them live on the east coast. About 60% live in and around the mainland state capitals of Sydney, Melbourne, Brisbane, Perth and Adelaide. Australia's capital city is Canberra.

Australia is known for its mining and for its production of wool. Australia is the world's largest producer of bauxite.[9]

Australia, New Zealand, New Guinea and other islands on the Australian tectonic plate are together called Australasia. They form one of the world's great ecozones. When other Pacific islands are included, the term is Oceania.
http://simple.wikipedia.org/wiki/Australia]]></content:encoded>
		<excerpt:encoded><![CDATA[Cursus faucibus egestas rutrum mauris vulputate consequat ante]]></excerpt:encoded>
		<wp:post_id>285</wp:post_id>
		<wp:post_date>2014-11-27 01:58:22</wp:post_date>
		<wp:post_date_gmt>2014-11-27 01:58:22</wp:post_date_gmt>
		<wp:comment_status>open</wp:comment_status>
		<wp:ping_status>open</wp:ping_status>
		<wp:post_name>budapest</wp:post_name>
		<wp:status>publish</wp:status>
		<wp:post_parent>0</wp:post_parent>
		<wp:menu_order>0</wp:menu_order>
		<wp:post_type>location</wp:post_type>
		<wp:post_password></wp:post_password>
		<wp:is_sticky>0</wp:is_sticky>
		<wp:postmeta>
			<wp:meta_key>_edit_last</wp:meta_key>
			<wp:meta_value><![CDATA[1]]></wp:meta_value>
		</wp:postmeta>
		<wp:postmeta>
			<wp:meta_key>_thumbnail_id</wp:meta_key>
			<wp:meta_value><![CDATA[5080]]></wp:meta_value>
		</wp:postmeta>
		<wp:postmeta>
			<wp:meta_key>post_views_count</wp:meta_key>
			<wp:meta_value><![CDATA[]]></wp:meta_value>
		</wp:postmeta>
		<wp:postmeta>
			<wp:meta_key>rate_review</wp:meta_key>
			<wp:meta_value><![CDATA[0]]></wp:meta_value>
		</wp:postmeta>
		<wp:postmeta>
			<wp:meta_key>total_sale_number</wp:meta_key>
			<wp:meta_value><![CDATA[]]></wp:meta_value>
		</wp:postmeta>
		<wp:postmeta>
			<wp:meta_key>is_featured</wp:meta_key>
			<wp:meta_value><![CDATA[off]]></wp:meta_value>
		</wp:postmeta>
		<wp:postmeta>
			<wp:meta_key>_alp_processed</wp:meta_key>
			<wp:meta_value><![CDATA[1422865287]]></wp:meta_value>
		</wp:postmeta>
		<wp:postmeta>
			<wp:meta_key>_oembed_2733285f451a48cb7426087cd8a1d7cc</wp:meta_key>
			<wp:meta_value><![CDATA[{{unknown}}]]></wp:meta_value>
		</wp:postmeta>
		<wp:postmeta>
			<wp:meta_key>_vc_post_settings</wp:meta_key>
			<wp:meta_value><![CDATA[a:2:{s:7:"vc_grid";a:0:{}s:10:"vc_grid_id";a:0:{}}]]></wp:meta_value>
		</wp:postmeta>
		<wp:postmeta>
			<wp:meta_key>_oembed_72b92d7b0625e08f7b8a07c5bf6f6d27</wp:meta_key>
			<wp:meta_value><![CDATA[{{unknown}}]]></wp:meta_value>
		</wp:postmeta>
		<wp:postmeta>
			<wp:meta_key>logo</wp:meta_key>
			<wp:meta_value><![CDATA[http://travelerdata.wpengine.com/wp-content/uploads/st_uploadfont/sm.png]]></wp:meta_value>
		</wp:postmeta>
	</item>
	<item>
		<title>Boston</title>
		<link>http://travelerdata.wpengine.com/location/united-states/boston/</link>
		<pubDate>Thu, 27 Nov 2014 01:58:42 +0000</pubDate>
		<dc:creator><![CDATA[admin]]></dc:creator>
		<guid isPermaLink="false">http://localhost/shinetheme/Travel/travel-code/?post_type=location&#038;p=229</guid>
		<description></description>
		<content:encoded><![CDATA[Boston is the capital and largest city of the Commonwealth of Massachusetts in the United States. Boston also serves as county seat of Suffolk County. The largest city in New England, the city proper, covering 48 square miles (124 km2), had an estimated population of 645,966 in 2014, making it the 24th largest city in the United States.The city is the anchor of a substantially larger metropolitan area called Greater Boston, home to 4.5 million people and the tenth-largest metropolitan area in the country. Greater Boston as a commuting region is home to 7.6 million people, making it the sixth-largest Combined Statistical Area in the United States.

One of the oldest cities in the United States, Boston was founded on the Shawmut Peninsula in 1630 by Puritan settlers from England. It was the scene of several key events of the American Revolution, such as the Boston Massacre, the Boston Tea Party, the Battle of Bunker Hill, and the Siege of Boston. Upon American independence from Great Britain, the city continued to be an important port and manufacturing hub, as well as a center for education and culture. Through land reclamation and municipal annexation, Boston has expanded beyond the original peninsula. Its rich history helps attract many tourists, with Faneuil Hall alone attracting over 20 million visitors.Boston's many firsts include the United States' first public school, Boston Latin School (1635),and first subway system (1897).

The area's many colleges and universities make Boston an international center of higher education and medicine, and the city is considered to be a world leader in innovation for a variety of reasons. Boston's economic base also includes finance, professional and business services, and government activities. The city has one of the highest costs of living in the United States, though it remains high on world livability rankings. Boston is one of the eight cities in the United States considered an 'alpha city' by the study GaWC5.]]></content:encoded>
		<excerpt:encoded><![CDATA[Cursus faucibus egestas rutrum mauris vulputate consequat ante]]></excerpt:encoded>
		<wp:post_id>286</wp:post_id>
		<wp:post_date>2014-11-27 01:58:42</wp:post_date>
		<wp:post_date_gmt>2014-11-27 01:58:42</wp:post_date_gmt>
		<wp:comment_status>open</wp:comment_status>
		<wp:ping_status>open</wp:ping_status>
		<wp:post_name>boston</wp:post_name>
		<wp:status>publish</wp:status>
		<wp:post_parent>1957</wp:post_parent>
		<wp:menu_order>0</wp:menu_order>
		<wp:post_type>location</wp:post_type>
		<wp:post_password></wp:post_password>
		<wp:is_sticky>0</wp:is_sticky>
		<wp:postmeta>
			<wp:meta_key>_edit_last</wp:meta_key>
			<wp:meta_value><![CDATA[1]]></wp:meta_value>
		</wp:postmeta>
		<wp:postmeta>
			<wp:meta_key>_thumbnail_id</wp:meta_key>
			<wp:meta_value><![CDATA[5013]]></wp:meta_value>
		</wp:postmeta>
		<wp:postmeta>
			<wp:meta_key>post_views_count</wp:meta_key>
			<wp:meta_value><![CDATA[]]></wp:meta_value>
		</wp:postmeta>
		<wp:postmeta>
			<wp:meta_key>rate_review</wp:meta_key>
			<wp:meta_value><![CDATA[0]]></wp:meta_value>
		</wp:postmeta>
		<wp:postmeta>
			<wp:meta_key>total_sale_number</wp:meta_key>
			<wp:meta_value><![CDATA[]]></wp:meta_value>
		</wp:postmeta>
		<wp:postmeta>
			<wp:meta_key>is_featured</wp:meta_key>
			<wp:meta_value><![CDATA[off]]></wp:meta_value>
		</wp:postmeta>
		<wp:postmeta>
			<wp:meta_key>_alp_processed</wp:meta_key>
			<wp:meta_value><![CDATA[1422851775]]></wp:meta_value>
		</wp:postmeta>
		<wp:postmeta>
			<wp:meta_key>zipcode</wp:meta_key>
			<wp:meta_value><![CDATA[02109]]></wp:meta_value>
		</wp:postmeta>
		<wp:postmeta>
			<wp:meta_key>_vc_post_settings</wp:meta_key>
			<wp:meta_value><![CDATA[a:2:{s:7:"vc_grid";a:0:{}s:10:"vc_grid_id";a:0:{}}]]></wp:meta_value>
		</wp:postmeta>
		<wp:postmeta>
			<wp:meta_key>logo</wp:meta_key>
			<wp:meta_value><![CDATA[http://travelerdata.wpengine.com/wp-content/uploads/2015/01/sm.png]]></wp:meta_value>
		</wp:postmeta>
	</item>
	<item>
		<title>Paris</title>
		<link>http://travelerdata.wpengine.com/location/france/paris/</link>
		<pubDate>Thu, 27 Nov 2014 01:59:11 +0000</pubDate>
		<dc:creator><![CDATA[admin]]></dc:creator>
		<guid isPermaLink="false">http://localhost/shinetheme/Travel/travel-code/?post_type=location&#038;p=230</guid>
		<description></description>
		<content:encoded><![CDATA[Paris (nicknamed the City of light) is the capital city of France, and the largest city in that country. The area is 105 square km, and around 2.15 million people live there. If suburbs are counted, the population of the Paris area rises to 12 million people.

The Seine river runs through the oldest part of Paris, and divides it into two parts, known as the Left Bank and the Right Bank. It is surrounded by many forests.

Paris is also the centre of French economy, politics, traffic and culture. Paris has many art museums and historical buildings. As a traffic centre, Paris has a very good underground subway system (called the Metro). It also has two airports. The Metro was built in 1900, and its total length is more than 200 km.

The city has a multi-cultural style, because 20% of the people there are from outside France. There are many different restaurants with all kinds of food.
http://simple.wikipedia.org/wiki/Paris]]></content:encoded>
		<excerpt:encoded><![CDATA[Ut blandit pharetra suspendisse montes libero eleifend bibendum]]></excerpt:encoded>
		<wp:post_id>287</wp:post_id>
		<wp:post_date>2014-11-27 01:59:11</wp:post_date>
		<wp:post_date_gmt>2014-11-27 01:59:11</wp:post_date_gmt>
		<wp:comment_status>open</wp:comment_status>
		<wp:ping_status>open</wp:ping_status>
		<wp:post_name>paris</wp:post_name>
		<wp:status>publish</wp:status>
		<wp:post_parent>1680</wp:post_parent>
		<wp:menu_order>0</wp:menu_order>
		<wp:post_type>location</wp:post_type>
		<wp:post_password></wp:post_password>
		<wp:is_sticky>0</wp:is_sticky>
		<wp:postmeta>
			<wp:meta_key>_edit_last</wp:meta_key>
			<wp:meta_value><![CDATA[1]]></wp:meta_value>
		</wp:postmeta>
		<wp:postmeta>
			<wp:meta_key>_thumbnail_id</wp:meta_key>
			<wp:meta_value><![CDATA[5084]]></wp:meta_value>
		</wp:postmeta>
		<wp:postmeta>
			<wp:meta_key>post_views_count</wp:meta_key>
			<wp:meta_value><![CDATA[]]></wp:meta_value>
		</wp:postmeta>
		<wp:postmeta>
			<wp:meta_key>logo</wp:meta_key>
			<wp:meta_value><![CDATA[http://travelerdata.wpengine.com/wp-content/uploads/st_uploadfont/sm.png]]></wp:meta_value>
		</wp:postmeta>
		<wp:postmeta>
			<wp:meta_key>review_tours</wp:meta_key>
			<wp:meta_value><![CDATA[12]]></wp:meta_value>
		</wp:postmeta>
		<wp:postmeta>
			<wp:meta_key>min_price_tours</wp:meta_key>
			<wp:meta_value><![CDATA[1,126]]></wp:meta_value>
		</wp:postmeta>
		<wp:postmeta>
			<wp:meta_key>offer_tours</wp:meta_key>
			<wp:meta_value><![CDATA[9]]></wp:meta_value>
		</wp:postmeta>
		<wp:postmeta>
			<wp:meta_key>review_activity</wp:meta_key>
			<wp:meta_value><![CDATA[19]]></wp:meta_value>
		</wp:postmeta>
		<wp:postmeta>
			<wp:meta_key>min_price_activity</wp:meta_key>
			<wp:meta_value><![CDATA[123]]></wp:meta_value>
		</wp:postmeta>
		<wp:postmeta>
			<wp:meta_key>offer_activity</wp:meta_key>
			<wp:meta_value><![CDATA[10]]></wp:meta_value>
		</wp:postmeta>
		<wp:postmeta>
			<wp:meta_key>review_cars</wp:meta_key>
			<wp:meta_value><![CDATA[0]]></wp:meta_value>
		</wp:postmeta>
		<wp:postmeta>
			<wp:meta_key>min_price_cars</wp:meta_key>
			<wp:meta_value><![CDATA[45]]></wp:meta_value>
		</wp:postmeta>
		<wp:postmeta>
			<wp:meta_key>offer_cars</wp:meta_key>
			<wp:meta_value><![CDATA[10]]></wp:meta_value>
		</wp:postmeta>
		<wp:postmeta>
			<wp:meta_key>review_st_cars</wp:meta_key>
			<wp:meta_value><![CDATA[0]]></wp:meta_value>
		</wp:postmeta>
		<wp:postmeta>
			<wp:meta_key>min_price_st_cars</wp:meta_key>
			<wp:meta_value><![CDATA[0.6]]></wp:meta_value>
		</wp:postmeta>
		<wp:postmeta>
			<wp:meta_key>offer_st_cars</wp:meta_key>
			<wp:meta_value><![CDATA[13]]></wp:meta_value>
		</wp:postmeta>
		<wp:postmeta>
			<wp:meta_key>is_featured</wp:meta_key>
			<wp:meta_value><![CDATA[off]]></wp:meta_value>
		</wp:postmeta>
		<wp:postmeta>
			<wp:meta_key>rate_review</wp:meta_key>
			<wp:meta_value><![CDATA[0]]></wp:meta_value>
		</wp:postmeta>
		<wp:postmeta>
			<wp:meta_key>_alp_processed</wp:meta_key>
			<wp:meta_value><![CDATA[1422865247]]></wp:meta_value>
		</wp:postmeta>
		<wp:postmeta>
			<wp:meta_key>_oembed_b24434494a9cdfbcd669c02d8c6e191a</wp:meta_key>
			<wp:meta_value><![CDATA[{{unknown}}]]></wp:meta_value>
		</wp:postmeta>
		<wp:postmeta>
			<wp:meta_key>total_sale_number</wp:meta_key>
			<wp:meta_value><![CDATA[]]></wp:meta_value>
		</wp:postmeta>
		<wp:postmeta>
			<wp:meta_key>review_st_activity</wp:meta_key>
			<wp:meta_value><![CDATA[15]]></wp:meta_value>
		</wp:postmeta>
		<wp:postmeta>
			<wp:meta_key>min_price_st_activity</wp:meta_key>
			<wp:meta_value><![CDATA[123]]></wp:meta_value>
		</wp:postmeta>
		<wp:postmeta>
			<wp:meta_key>offer_st_activity</wp:meta_key>
			<wp:meta_value><![CDATA[13]]></wp:meta_value>
		</wp:postmeta>
		<wp:postmeta>
			<wp:meta_key>review_st_tours</wp:meta_key>
			<wp:meta_value><![CDATA[8]]></wp:meta_value>
		</wp:postmeta>
		<wp:postmeta>
			<wp:meta_key>min_price_st_tours</wp:meta_key>
			<wp:meta_value><![CDATA[1,126]]></wp:meta_value>
		</wp:postmeta>
		<wp:postmeta>
			<wp:meta_key>offer_st_tours</wp:meta_key>
			<wp:meta_value><![CDATA[8]]></wp:meta_value>
		</wp:postmeta>
		<wp:postmeta>
			<wp:meta_key>review_rental</wp:meta_key>
			<wp:meta_value><![CDATA[27]]></wp:meta_value>
		</wp:postmeta>
		<wp:postmeta>
			<wp:meta_key>min_price_rental</wp:meta_key>
			<wp:meta_value><![CDATA[235]]></wp:meta_value>
		</wp:postmeta>
		<wp:postmeta>
			<wp:meta_key>offer_rental</wp:meta_key>
			<wp:meta_value><![CDATA[12]]></wp:meta_value>
		</wp:postmeta>
		<wp:postmeta>
			<wp:meta_key>review_st_rental</wp:meta_key>
			<wp:meta_value><![CDATA[12]]></wp:meta_value>
		</wp:postmeta>
		<wp:postmeta>
			<wp:meta_key>min_price_st_rental</wp:meta_key>
			<wp:meta_value><![CDATA[235]]></wp:meta_value>
		</wp:postmeta>
		<wp:postmeta>
			<wp:meta_key>offer_st_rental</wp:meta_key>
			<wp:meta_value><![CDATA[12]]></wp:meta_value>
		</wp:postmeta>
		<wp:postmeta>
			<wp:meta_key>_vc_post_settings</wp:meta_key>
			<wp:meta_value><![CDATA[a:2:{s:7:"vc_grid";a:0:{}s:10:"vc_grid_id";a:0:{}}]]></wp:meta_value>
		</wp:postmeta>
		<wp:postmeta>
			<wp:meta_key>_oembed_645af8ae4ff7bfd9b63cd7102065ac53</wp:meta_key>
			<wp:meta_value><![CDATA[{{unknown}}]]></wp:meta_value>
		</wp:postmeta>
		<wp:postmeta>
			<wp:meta_key>review_st_hotel</wp:meta_key>
			<wp:meta_value><![CDATA[17]]></wp:meta_value>
		</wp:postmeta>
		<wp:postmeta>
			<wp:meta_key>offer_st_hotel</wp:meta_key>
			<wp:meta_value><![CDATA[14]]></wp:meta_value>
		</wp:postmeta>
		<wp:postmeta>
			<wp:meta_key>min_price_st_hotel</wp:meta_key>
			<wp:meta_value><![CDATA[57]]></wp:meta_value>
		</wp:postmeta>
	</item>
	<item>
		<title>France</title>
		<link>http://travelerdata.wpengine.com/location/france/</link>
		<pubDate>Thu, 22 Jan 2015 01:41:19 +0000</pubDate>
		<dc:creator><![CDATA[admin]]></dc:creator>
		<guid isPermaLink="false">http://traveler.shinethemedev.com/wordpress/?post_type=location&#038;p=1680</guid>
		<description></description>
		<content:encoded><![CDATA[France (French: France), officially the French Republic (French: République française), is a country in Western Europe. Its capital city is Paris. It is a member of the European Union. It is known for its culture, its many monuments and structures, and places such as the Louvre, the Eiffel Tower, the Arc de Triomphe, Giverny, Mont Saint Michel, Versailles, and Notre Dame de Paris. France is divided into 22 régions that are further subdivided départements.[6]

The country has been one of the great powers since the end of the 17th century. In the 18th and 19th centuries, it built a big colonial empire across West Africa and Southeast Asia. Nowadays, this does not exist. It is the most visited country in the world. About 82 million foreign tourists visit it every year.[7] France is a founding member of the European Union. It has the largest land area of any member. France is also a founding member of the United Nations, and a member of the G8 and NATO.[8] It is one of the five permanent members of the United Nations Security Council. It has nuclear weapons, including active warheads, and also has nuclear power plants.

Some well-known cities in France include Nice, Nancy, Marseille, Bordeaux, Lille, Lyon, Toulouse, Limoges, Strasbourg, Rennes, Nantes and Paris.
http://simple.wikipedia.org/wiki/France]]></content:encoded>
		<excerpt:encoded><![CDATA[]]></excerpt:encoded>
		<wp:post_id>1680</wp:post_id>
		<wp:post_date>2015-01-22 01:41:19</wp:post_date>
		<wp:post_date_gmt>2015-01-22 01:41:19</wp:post_date_gmt>
		<wp:comment_status>open</wp:comment_status>
		<wp:ping_status>open</wp:ping_status>
		<wp:post_name>france</wp:post_name>
		<wp:status>publish</wp:status>
		<wp:post_parent>0</wp:post_parent>
		<wp:menu_order>0</wp:menu_order>
		<wp:post_type>location</wp:post_type>
		<wp:post_password></wp:post_password>
		<wp:is_sticky>0</wp:is_sticky>
		<wp:postmeta>
			<wp:meta_key>rate_review</wp:meta_key>
			<wp:meta_value><![CDATA[0]]></wp:meta_value>
		</wp:postmeta>
		<wp:postmeta>
			<wp:meta_key>_edit_last</wp:meta_key>
			<wp:meta_value><![CDATA[1]]></wp:meta_value>
		</wp:postmeta>
		<wp:postmeta>
			<wp:meta_key>is_featured</wp:meta_key>
			<wp:meta_value><![CDATA[off]]></wp:meta_value>
		</wp:postmeta>
		<wp:postmeta>
			<wp:meta_key>post_views_count</wp:meta_key>
			<wp:meta_value><![CDATA[]]></wp:meta_value>
		</wp:postmeta>
		<wp:postmeta>
			<wp:meta_key>_alp_processed</wp:meta_key>
			<wp:meta_value><![CDATA[1422865244]]></wp:meta_value>
		</wp:postmeta>
		<wp:postmeta>
			<wp:meta_key>_oembed_84226eb685e68315a6a9e28d70491363</wp:meta_key>
			<wp:meta_value><![CDATA[{{unknown}}]]></wp:meta_value>
		</wp:postmeta>
		<wp:postmeta>
			<wp:meta_key>_thumbnail_id</wp:meta_key>
			<wp:meta_value><![CDATA[5083]]></wp:meta_value>
		</wp:postmeta>
		<wp:postmeta>
			<wp:meta_key>total_sale_number</wp:meta_key>
			<wp:meta_value><![CDATA[]]></wp:meta_value>
		</wp:postmeta>
		<wp:postmeta>
			<wp:meta_key>_vc_post_settings</wp:meta_key>
			<wp:meta_value><![CDATA[a:2:{s:7:"vc_grid";a:0:{}s:10:"vc_grid_id";a:0:{}}]]></wp:meta_value>
		</wp:postmeta>
		<wp:postmeta>
			<wp:meta_key>_oembed_6bcfb51eb3a460708f27f3cb76802533</wp:meta_key>
			<wp:meta_value><![CDATA[{{unknown}}]]></wp:meta_value>
		</wp:postmeta>
		<wp:postmeta>
			<wp:meta_key>logo</wp:meta_key>
			<wp:meta_value><![CDATA[http://travelerdata.wpengine.com/wp-content/uploads/2015/01/sm.png]]></wp:meta_value>
		</wp:postmeta>
	</item>
	<item>
		<title>California State</title>
		<link>http://travelerdata.wpengine.com/location/united-states/california-state/</link>
		<pubDate>Mon, 02 Feb 2015 03:32:43 +0000</pubDate>
		<dc:creator><![CDATA[admin]]></dc:creator>
		<guid isPermaLink="false">http://shinetheme.com/demosd/traveler_demo/?post_type=location&#038;p=1944</guid>
		<description></description>
		<content:encoded><![CDATA[California is a state located on the West Coast of the United States. It is the most populous U.S. state, home to one out of eight people who live in the U.S., with a total of 38 million people, and it is the third largest state by area (after Alaska and Texas). California is bordered by Oregon to the north, Nevada to the east, Arizona to the southeast, and the Mexican state of Baja California to the south. It is home to the nation's second and fifth most populous census statistical areas (Greater Los Angeles Area and San Francisco Bay Area, respectively), and eight of the nation's 50 most populated cities (Los Angeles, San Diego, San Jose, San Francisco, Fresno, Sacramento, Long Beach, and Oakland). Sacramento is the state capital, and has been since 1854.]]></content:encoded>
		<excerpt:encoded><![CDATA[]]></excerpt:encoded>
		<wp:post_id>1944</wp:post_id>
		<wp:post_date>2015-02-02 03:32:43</wp:post_date>
		<wp:post_date_gmt>2015-02-02 03:32:43</wp:post_date_gmt>
		<wp:comment_status>open</wp:comment_status>
		<wp:ping_status>open</wp:ping_status>
		<wp:post_name>california-state</wp:post_name>
		<wp:status>publish</wp:status>
		<wp:post_parent>1957</wp:post_parent>
		<wp:menu_order>0</wp:menu_order>
		<wp:post_type>location</wp:post_type>
		<wp:post_password></wp:post_password>
		<wp:is_sticky>0</wp:is_sticky>
		<wp:postmeta>
			<wp:meta_key>rate_review</wp:meta_key>
			<wp:meta_value><![CDATA[0]]></wp:meta_value>
		</wp:postmeta>
		<wp:postmeta>
			<wp:meta_key>_edit_last</wp:meta_key>
			<wp:meta_value><![CDATA[1]]></wp:meta_value>
		</wp:postmeta>
		<wp:postmeta>
			<wp:meta_key>_alp_processed</wp:meta_key>
			<wp:meta_value><![CDATA[1422851789]]></wp:meta_value>
		</wp:postmeta>
		<wp:postmeta>
			<wp:meta_key>_thumbnail_id</wp:meta_key>
			<wp:meta_value><![CDATA[5081]]></wp:meta_value>
		</wp:postmeta>
		<wp:postmeta>
			<wp:meta_key>logo</wp:meta_key>
			<wp:meta_value><![CDATA[http://travelerdata.wpengine.com/wp-content/uploads/st_uploadfont/sm.png]]></wp:meta_value>
		</wp:postmeta>
		<wp:postmeta>
			<wp:meta_key>map_lat</wp:meta_key>
			<wp:meta_value><![CDATA[32° 32′ N to 42° N]]></wp:meta_value>
		</wp:postmeta>
		<wp:postmeta>
			<wp:meta_key>map_lng</wp:meta_key>
			<wp:meta_value><![CDATA[114° 8′ W to 124° 26′ W]]></wp:meta_value>
		</wp:postmeta>
		<wp:postmeta>
			<wp:meta_key>total_sale_number</wp:meta_key>
			<wp:meta_value><![CDATA[]]></wp:meta_value>
		</wp:postmeta>
		<wp:postmeta>
			<wp:meta_key>is_featured</wp:meta_key>
			<wp:meta_value><![CDATA[off]]></wp:meta_value>
		</wp:postmeta>
		<wp:postmeta>
			<wp:meta_key>post_views_count</wp:meta_key>
			<wp:meta_value><![CDATA[]]></wp:meta_value>
		</wp:postmeta>
		<wp:postmeta>
			<wp:meta_key>zipcode</wp:meta_key>
			<wp:meta_value><![CDATA[900-961]]></wp:meta_value>
		</wp:postmeta>
		<wp:postmeta>
			<wp:meta_key>_vc_post_settings</wp:meta_key>
			<wp:meta_value><![CDATA[a:2:{s:7:"vc_grid";a:0:{}s:10:"vc_grid_id";a:0:{}}]]></wp:meta_value>
		</wp:postmeta>
	</item>
	<item>
		<title>Los Angeles</title>
		<link>http://travelerdata.wpengine.com/location/united-states/california-state/los-angeles/</link>
		<pubDate>Mon, 02 Feb 2015 03:39:40 +0000</pubDate>
		<dc:creator><![CDATA[admin]]></dc:creator>
		<guid isPermaLink="false">http://shinetheme.com/demosd/traveler_demo/?post_type=location&#038;p=1945</guid>
		<description></description>
		<content:encoded><![CDATA[Los Angeles, officially the City of Los Angeles, often known by its initials L.A., is a major city in California's Southern California region, approximately 342 miles (551 km) south of San Francisco. With a population of 3,792,621 as of 2010, Los Angeles is the second-largest city in the United States, after New York City, and the most populous city in California. Los Angeles is known for its mediterranean climate, ethnic diversity, celebrity culture, traffic, and the film and television industry.]]></content:encoded>
		<excerpt:encoded><![CDATA[]]></excerpt:encoded>
		<wp:post_id>1945</wp:post_id>
		<wp:post_date>2015-02-02 03:39:40</wp:post_date>
		<wp:post_date_gmt>2015-02-02 03:39:40</wp:post_date_gmt>
		<wp:comment_status>open</wp:comment_status>
		<wp:ping_status>open</wp:ping_status>
		<wp:post_name>los-angeles</wp:post_name>
		<wp:status>publish</wp:status>
		<wp:post_parent>1944</wp:post_parent>
		<wp:menu_order>0</wp:menu_order>
		<wp:post_type>location</wp:post_type>
		<wp:post_password></wp:post_password>
		<wp:is_sticky>0</wp:is_sticky>
		<wp:postmeta>
			<wp:meta_key>rate_review</wp:meta_key>
			<wp:meta_value><![CDATA[0]]></wp:meta_value>
		</wp:postmeta>
		<wp:postmeta>
			<wp:meta_key>_alp_processed</wp:meta_key>
			<wp:meta_value><![CDATA[1422848380]]></wp:meta_value>
		</wp:postmeta>
		<wp:postmeta>
			<wp:meta_key>rate_review</wp:meta_key>
			<wp:meta_value><![CDATA[0]]></wp:meta_value>
		</wp:postmeta>
		<wp:postmeta>
			<wp:meta_key>_edit_last</wp:meta_key>
			<wp:meta_value><![CDATA[1]]></wp:meta_value>
		</wp:postmeta>
		<wp:postmeta>
			<wp:meta_key>_alp_processed</wp:meta_key>
			<wp:meta_value><![CDATA[1422848380]]></wp:meta_value>
		</wp:postmeta>
		<wp:postmeta>
			<wp:meta_key>_thumbnail_id</wp:meta_key>
			<wp:meta_value><![CDATA[5013]]></wp:meta_value>
		</wp:postmeta>
		<wp:postmeta>
			<wp:meta_key>logo</wp:meta_key>
			<wp:meta_value><![CDATA[http://travelerdata.wpengine.com/wp-content/uploads/2014/12/hotel.gif]]></wp:meta_value>
		</wp:postmeta>
		<wp:postmeta>
			<wp:meta_key>map_lat</wp:meta_key>
			<wp:meta_value><![CDATA[34.052234]]></wp:meta_value>
		</wp:postmeta>
		<wp:postmeta>
			<wp:meta_key>map_lng</wp:meta_key>
			<wp:meta_value><![CDATA[-118.243685]]></wp:meta_value>
		</wp:postmeta>
		<wp:postmeta>
			<wp:meta_key>total_sale_number</wp:meta_key>
			<wp:meta_value><![CDATA[210]]></wp:meta_value>
		</wp:postmeta>
		<wp:postmeta>
			<wp:meta_key>is_featured</wp:meta_key>
			<wp:meta_value><![CDATA[off]]></wp:meta_value>
		</wp:postmeta>
		<wp:postmeta>
			<wp:meta_key>post_views_count</wp:meta_key>
			<wp:meta_value><![CDATA[]]></wp:meta_value>
		</wp:postmeta>
		<wp:postmeta>
			<wp:meta_key>_dp_original</wp:meta_key>
			<wp:meta_value><![CDATA[1944]]></wp:meta_value>
		</wp:postmeta>
		<wp:postmeta>
			<wp:meta_key>zipcode</wp:meta_key>
			<wp:meta_value><![CDATA[90001–90068, 90070–90084, 90086–90089, 90091, 90093–90097, 90099]]></wp:meta_value>
		</wp:postmeta>
		<wp:postmeta>
			<wp:meta_key>_vc_post_settings</wp:meta_key>
			<wp:meta_value><![CDATA[a:2:{s:7:"vc_grid";a:0:{}s:10:"vc_grid_id";a:0:{}}]]></wp:meta_value>
		</wp:postmeta>
	</item>
	<item>
		<title>San Francisco</title>
		<link>http://travelerdata.wpengine.com/location/united-states/california-state/san-francisco/</link>
		<pubDate>Mon, 02 Feb 2015 03:45:43 +0000</pubDate>
		<dc:creator><![CDATA[admin]]></dc:creator>
		<guid isPermaLink="false">http://shinetheme.com/demosd/traveler_demo/?post_type=location&#038;p=1946</guid>
		<description></description>
		<content:encoded><![CDATA[San Francisco, officially the City and County of San Francisco, is the cultural, commercial and financial center of Northern California.

The only consolidated city-county in California,[24] San Francisco encompasses a land area of about 46.9 square miles (121 km2)[25] on the northern end of the San Francisco Peninsula, giving it a density of about 17,867 people per square mile (6,898 people per km2). It is the most densely settled large city (population greater than 200,000) in the state of California and the second-most densely populated major city in the United States after New York City.[26] San Francisco is the fourth-most populous city in California, after Los Angeles, San Diego and San Jose, and the 14th-most populous city in the United States—with a Census-estimated 2013 population of 837,442.[21] The city and its surroundings are known as the San Francisco Bay Area, part of the San Jose-San Francisco-Oakland combined statistical area, with an estimated population of 8.5 million.]]></content:encoded>
		<excerpt:encoded><![CDATA[]]></excerpt:encoded>
		<wp:post_id>1946</wp:post_id>
		<wp:post_date>2015-02-02 03:45:43</wp:post_date>
		<wp:post_date_gmt>2015-02-02 03:45:43</wp:post_date_gmt>
		<wp:comment_status>open</wp:comment_status>
		<wp:ping_status>open</wp:ping_status>
		<wp:post_name>san-francisco</wp:post_name>
		<wp:status>publish</wp:status>
		<wp:post_parent>1944</wp:post_parent>
		<wp:menu_order>0</wp:menu_order>
		<wp:post_type>location</wp:post_type>
		<wp:post_password></wp:post_password>
		<wp:is_sticky>0</wp:is_sticky>
		<wp:postmeta>
			<wp:meta_key>rate_review</wp:meta_key>
			<wp:meta_value><![CDATA[0]]></wp:meta_value>
		</wp:postmeta>
		<wp:postmeta>
			<wp:meta_key>_alp_processed</wp:meta_key>
			<wp:meta_value><![CDATA[1422848743]]></wp:meta_value>
		</wp:postmeta>
		<wp:postmeta>
			<wp:meta_key>rate_review</wp:meta_key>
			<wp:meta_value><![CDATA[0]]></wp:meta_value>
		</wp:postmeta>
		<wp:postmeta>
			<wp:meta_key>rate_review</wp:meta_key>
			<wp:meta_value><![CDATA[0]]></wp:meta_value>
		</wp:postmeta>
		<wp:postmeta>
			<wp:meta_key>_alp_processed</wp:meta_key>
			<wp:meta_value><![CDATA[1422848743]]></wp:meta_value>
		</wp:postmeta>
		<wp:postmeta>
			<wp:meta_key>_alp_processed</wp:meta_key>
			<wp:meta_value><![CDATA[1422848743]]></wp:meta_value>
		</wp:postmeta>
		<wp:postmeta>
			<wp:meta_key>_edit_last</wp:meta_key>
			<wp:meta_value><![CDATA[1]]></wp:meta_value>
		</wp:postmeta>
		<wp:postmeta>
			<wp:meta_key>_thumbnail_id</wp:meta_key>
			<wp:meta_value><![CDATA[5013]]></wp:meta_value>
		</wp:postmeta>
		<wp:postmeta>
			<wp:meta_key>logo</wp:meta_key>
			<wp:meta_value><![CDATA[http://travelerdata.wpengine.com/wp-content/uploads/2014/12/hotel.gif]]></wp:meta_value>
		</wp:postmeta>
		<wp:postmeta>
			<wp:meta_key>map_lat</wp:meta_key>
			<wp:meta_value><![CDATA[34.052234]]></wp:meta_value>
		</wp:postmeta>
		<wp:postmeta>
			<wp:meta_key>map_lng</wp:meta_key>
			<wp:meta_value><![CDATA[-118.243685]]></wp:meta_value>
		</wp:postmeta>
		<wp:postmeta>
			<wp:meta_key>total_sale_number</wp:meta_key>
			<wp:meta_value><![CDATA[210]]></wp:meta_value>
		</wp:postmeta>
		<wp:postmeta>
			<wp:meta_key>is_featured</wp:meta_key>
			<wp:meta_value><![CDATA[off]]></wp:meta_value>
		</wp:postmeta>
		<wp:postmeta>
			<wp:meta_key>post_views_count</wp:meta_key>
			<wp:meta_value><![CDATA[]]></wp:meta_value>
		</wp:postmeta>
		<wp:postmeta>
			<wp:meta_key>zipcode</wp:meta_key>
			<wp:meta_value><![CDATA[90001–90068, 90070–90084, 90086–90089, 90091, 90093–90097, 90099]]></wp:meta_value>
		</wp:postmeta>
		<wp:postmeta>
			<wp:meta_key>_dp_original</wp:meta_key>
			<wp:meta_value><![CDATA[1945]]></wp:meta_value>
		</wp:postmeta>
		<wp:postmeta>
			<wp:meta_key>_vc_post_settings</wp:meta_key>
			<wp:meta_value><![CDATA[a:2:{s:7:"vc_grid";a:0:{}s:10:"vc_grid_id";a:0:{}}]]></wp:meta_value>
		</wp:postmeta>
	</item>
	<item>
		<title>Nevada State</title>
		<link>http://travelerdata.wpengine.com/location/united-states/nevada/</link>
		<pubDate>Mon, 02 Feb 2015 03:56:49 +0000</pubDate>
		<dc:creator><![CDATA[admin]]></dc:creator>
		<guid isPermaLink="false">http://shinetheme.com/demosd/traveler_demo/?post_type=location&#038;p=1947</guid>
		<description></description>
		<content:encoded><![CDATA[Nevada is a state in the Western, Mountain West, and Southwestern regions of the United States. Nevada is the 7th most extensive, the 35th most populous, and the 9th least densely populated of the 50 United States. Nearly three-quarters of Nevada's people live in Clark County, which contains the Las Vegas–Paradise metropolitan area where the state's three largest incorporated cities are located. Nevada's capital is Carson City. Nevada is officially known as the "Silver State" due to the importance of silver to its history and economy. It is also known as the "Battle Born State", because it achieved statehood during the Civil War; as the "Sagebrush State", for the native plant of the same name; and as "Sage hen State".]]></content:encoded>
		<excerpt:encoded><![CDATA[]]></excerpt:encoded>
		<wp:post_id>1947</wp:post_id>
		<wp:post_date>2015-02-02 03:56:49</wp:post_date>
		<wp:post_date_gmt>2015-02-02 03:56:49</wp:post_date_gmt>
		<wp:comment_status>open</wp:comment_status>
		<wp:ping_status>open</wp:ping_status>
		<wp:post_name>nevada</wp:post_name>
		<wp:status>publish</wp:status>
		<wp:post_parent>1957</wp:post_parent>
		<wp:menu_order>0</wp:menu_order>
		<wp:post_type>location</wp:post_type>
		<wp:post_password></wp:post_password>
		<wp:is_sticky>0</wp:is_sticky>
		<wp:postmeta>
			<wp:meta_key>rate_review</wp:meta_key>
			<wp:meta_value><![CDATA[0]]></wp:meta_value>
		</wp:postmeta>
		<wp:postmeta>
			<wp:meta_key>_edit_last</wp:meta_key>
			<wp:meta_value><![CDATA[1]]></wp:meta_value>
		</wp:postmeta>
		<wp:postmeta>
			<wp:meta_key>_alp_processed</wp:meta_key>
			<wp:meta_value><![CDATA[1422851795]]></wp:meta_value>
		</wp:postmeta>
		<wp:postmeta>
			<wp:meta_key>_thumbnail_id</wp:meta_key>
			<wp:meta_value><![CDATA[5013]]></wp:meta_value>
		</wp:postmeta>
		<wp:postmeta>
			<wp:meta_key>map_lat</wp:meta_key>
			<wp:meta_value><![CDATA[38.802610]]></wp:meta_value>
		</wp:postmeta>
		<wp:postmeta>
			<wp:meta_key>map_lng</wp:meta_key>
			<wp:meta_value><![CDATA[-116.419389]]></wp:meta_value>
		</wp:postmeta>
		<wp:postmeta>
			<wp:meta_key>total_sale_number</wp:meta_key>
			<wp:meta_value><![CDATA[]]></wp:meta_value>
		</wp:postmeta>
		<wp:postmeta>
			<wp:meta_key>is_featured</wp:meta_key>
			<wp:meta_value><![CDATA[off]]></wp:meta_value>
		</wp:postmeta>
		<wp:postmeta>
			<wp:meta_key>zipcode</wp:meta_key>
			<wp:meta_value><![CDATA[899-899]]></wp:meta_value>
		</wp:postmeta>
		<wp:postmeta>
			<wp:meta_key>post_views_count</wp:meta_key>
			<wp:meta_value><![CDATA[]]></wp:meta_value>
		</wp:postmeta>
		<wp:postmeta>
			<wp:meta_key>_vc_post_settings</wp:meta_key>
			<wp:meta_value><![CDATA[a:2:{s:7:"vc_grid";a:0:{}s:10:"vc_grid_id";a:0:{}}]]></wp:meta_value>
		</wp:postmeta>
		<wp:postmeta>
			<wp:meta_key>logo</wp:meta_key>
			<wp:meta_value><![CDATA[http://travelerdata.wpengine.com/wp-content/uploads/st_uploadfont/sm.png]]></wp:meta_value>
		</wp:postmeta>
	</item>
	<item>
		<title>Virginia  State</title>
		<link>http://travelerdata.wpengine.com/location/united-states/virginia-state/</link>
		<pubDate>Mon, 02 Feb 2015 04:06:27 +0000</pubDate>
		<dc:creator><![CDATA[admin]]></dc:creator>
		<guid isPermaLink="false">http://shinetheme.com/demosd/traveler_demo/?post_type=location&#038;p=1952</guid>
		<description></description>
		<content:encoded><![CDATA[Virginia, officially the Commonwealth of Virginia, is a U.S. state located in the South Atlantic region of the United States. Virginia is nicknamed the "Old Dominion" due to its status as a former dominion of the English Crown, and "Mother of Presidents" due to the most U.S. presidents having been born there. The geography and climate of the Commonwealth are shaped by the Blue Ridge Mountains and the Chesapeake Bay, which provide habitat for much of its flora and fauna. The capital of the Commonwealth is Richmond; Virginia Beach is the most populous city, and Fairfax County is the most populous political subdivision. The Commonwealth's estimated population as of 2014 is over 8.3 million.]]></content:encoded>
		<excerpt:encoded><![CDATA[]]></excerpt:encoded>
		<wp:post_id>1952</wp:post_id>
		<wp:post_date>2015-02-02 04:06:27</wp:post_date>
		<wp:post_date_gmt>2015-02-02 04:06:27</wp:post_date_gmt>
		<wp:comment_status>open</wp:comment_status>
		<wp:ping_status>open</wp:ping_status>
		<wp:post_name>virginia-state</wp:post_name>
		<wp:status>publish</wp:status>
		<wp:post_parent>1957</wp:post_parent>
		<wp:menu_order>0</wp:menu_order>
		<wp:post_type>location</wp:post_type>
		<wp:post_password></wp:post_password>
		<wp:is_sticky>0</wp:is_sticky>
		<wp:postmeta>
			<wp:meta_key>rate_review</wp:meta_key>
			<wp:meta_value><![CDATA[0]]></wp:meta_value>
		</wp:postmeta>
		<wp:postmeta>
			<wp:meta_key>_edit_last</wp:meta_key>
			<wp:meta_value><![CDATA[1]]></wp:meta_value>
		</wp:postmeta>
		<wp:postmeta>
			<wp:meta_key>_alp_processed</wp:meta_key>
			<wp:meta_value><![CDATA[1422852005]]></wp:meta_value>
		</wp:postmeta>
		<wp:postmeta>
			<wp:meta_key>_thumbnail_id</wp:meta_key>
			<wp:meta_value><![CDATA[5013]]></wp:meta_value>
		</wp:postmeta>
		<wp:postmeta>
			<wp:meta_key>map_lat</wp:meta_key>
			<wp:meta_value><![CDATA[37.431573]]></wp:meta_value>
		</wp:postmeta>
		<wp:postmeta>
			<wp:meta_key>map_lng</wp:meta_key>
			<wp:meta_value><![CDATA[-78.656894]]></wp:meta_value>
		</wp:postmeta>
		<wp:postmeta>
			<wp:meta_key>is_featured</wp:meta_key>
			<wp:meta_value><![CDATA[off]]></wp:meta_value>
		</wp:postmeta>
		<wp:postmeta>
			<wp:meta_key>zipcode</wp:meta_key>
			<wp:meta_value><![CDATA[220-246]]></wp:meta_value>
		</wp:postmeta>
		<wp:postmeta>
			<wp:meta_key>post_views_count</wp:meta_key>
			<wp:meta_value><![CDATA[]]></wp:meta_value>
		</wp:postmeta>
		<wp:postmeta>
			<wp:meta_key>_vc_post_settings</wp:meta_key>
			<wp:meta_value><![CDATA[a:2:{s:7:"vc_grid";a:0:{}s:10:"vc_grid_id";a:0:{}}]]></wp:meta_value>
		</wp:postmeta>
		<wp:postmeta>
			<wp:meta_key>logo</wp:meta_key>
			<wp:meta_value><![CDATA[http://travelerdata.wpengine.com/wp-content/uploads/st_uploadfont/sm.png]]></wp:meta_value>
		</wp:postmeta>
	</item>
	<item>
		<title>United States</title>
		<link>http://travelerdata.wpengine.com/location/united-states/</link>
		<pubDate>Mon, 02 Feb 2015 04:22:16 +0000</pubDate>
		<dc:creator><![CDATA[admin]]></dc:creator>
		<guid isPermaLink="false">http://shinetheme.com/demosd/traveler_demo/?post_type=location&#038;p=1957</guid>
		<description></description>
		<content:encoded><![CDATA[The United States of America (USA), commonly referred to as the United States (U.S.), America, and sometimes the States, is a federal republic consisting of 50 states and a federal district. The 48 contiguous states and Washington, D.C., are in central North America between Canada and Mexico. The state of Alaska is located in the northwestern part of North America and the state of Hawaii is an archipelago in the mid-Pacific. The country also has five populated and nine unpopulated territories in the Pacific and the Caribbean. At 3.80 million square miles (9.85 million km2) and with around 318 million people, the United States is the world's 4th-largest country by total area and 3rd-largest by population. It is one of the world's most ethnically diverse and multicultural nations, the product of large-scale immigration from many countries. The geography and climate of the United States are also extremely diverse, and the country is home to a wide variety of wildlife.]]></content:encoded>
		<excerpt:encoded><![CDATA[]]></excerpt:encoded>
		<wp:post_id>1957</wp:post_id>
		<wp:post_date>2015-02-02 04:22:16</wp:post_date>
		<wp:post_date_gmt>2015-02-02 04:22:16</wp:post_date_gmt>
		<wp:comment_status>open</wp:comment_status>
		<wp:ping_status>open</wp:ping_status>
		<wp:post_name>united-states</wp:post_name>
		<wp:status>publish</wp:status>
		<wp:post_parent>0</wp:post_parent>
		<wp:menu_order>0</wp:menu_order>
		<wp:post_type>location</wp:post_type>
		<wp:post_password></wp:post_password>
		<wp:is_sticky>0</wp:is_sticky>
		<wp:postmeta>
			<wp:meta_key>rate_review</wp:meta_key>
			<wp:meta_value><![CDATA[0]]></wp:meta_value>
		</wp:postmeta>
		<wp:postmeta>
			<wp:meta_key>_edit_last</wp:meta_key>
			<wp:meta_value><![CDATA[1]]></wp:meta_value>
		</wp:postmeta>
		<wp:postmeta>
			<wp:meta_key>_alp_processed</wp:meta_key>
			<wp:meta_value><![CDATA[1422850936]]></wp:meta_value>
		</wp:postmeta>
		<wp:postmeta>
			<wp:meta_key>_thumbnail_id</wp:meta_key>
			<wp:meta_value><![CDATA[5013]]></wp:meta_value>
		</wp:postmeta>
		<wp:postmeta>
			<wp:meta_key>map_lat</wp:meta_key>
			<wp:meta_value><![CDATA[37.090240]]></wp:meta_value>
		</wp:postmeta>
		<wp:postmeta>
			<wp:meta_key>map_lng</wp:meta_key>
			<wp:meta_value><![CDATA[-95.712891]]></wp:meta_value>
		</wp:postmeta>
		<wp:postmeta>
			<wp:meta_key>is_featured</wp:meta_key>
			<wp:meta_value><![CDATA[off]]></wp:meta_value>
		</wp:postmeta>
		<wp:postmeta>
			<wp:meta_key>review_st_cars</wp:meta_key>
			<wp:meta_value><![CDATA[0]]></wp:meta_value>
		</wp:postmeta>
		<wp:postmeta>
			<wp:meta_key>min_price_st_cars</wp:meta_key>
			<wp:meta_value><![CDATA[150]]></wp:meta_value>
		</wp:postmeta>
		<wp:postmeta>
			<wp:meta_key>offer_st_cars</wp:meta_key>
			<wp:meta_value><![CDATA[1]]></wp:meta_value>
		</wp:postmeta>
		<wp:postmeta>
			<wp:meta_key>post_views_count</wp:meta_key>
			<wp:meta_value><![CDATA[]]></wp:meta_value>
		</wp:postmeta>
		<wp:postmeta>
			<wp:meta_key>_vc_post_settings</wp:meta_key>
			<wp:meta_value><![CDATA[a:2:{s:7:"vc_grid";a:0:{}s:10:"vc_grid_id";a:0:{}}]]></wp:meta_value>
		</wp:postmeta>
		<wp:postmeta>
			<wp:meta_key>logo</wp:meta_key>
			<wp:meta_value><![CDATA[http://travelerdata.wpengine.com/wp-content/uploads/st_uploadfont/sm.png]]></wp:meta_value>
		</wp:postmeta>
	</item>
</channel>
</rss>
