<?xml version="1.0" encoding="UTF-8" ?>
<!-- This is a WordPress eXtended RSS file generated by WordPress as an export of your site. -->
<!-- It contains information about your site's posts, pages, comments, categories, and other content. -->
<!-- You may use this file to transfer that content from one site to another. -->
<!-- This file is not intended to serve as a complete backup of your site. -->

<!-- To import this information into a WordPress site follow these steps: -->
<!-- 1. Log in to that site as an administrator. -->
<!-- 2. Go to Tools: Import in the WordPress admin panel. -->
<!-- 3. Install the "WordPress" importer from the list. -->
<!-- 4. Activate & Run Importer. -->
<!-- 5. Upload this file using the form provided on that page. -->
<!-- 6. You will first be asked to map the authors in this export file to users -->
<!--    on the site. For each author, you may choose to map to an -->
<!--    existing user on the site or to create a new user. -->
<!-- 7. WordPress will then import each of the posts, pages, comments, categories, etc. -->
<!--    contained in this file into your site. -->

<!-- generator="WordPress/4.2.2" created="2015-05-21 10:59" -->
<rss version="2.0"
	xmlns:excerpt="http://wordpress.org/export/1.2/excerpt/"
	xmlns:content="http://purl.org/rss/1.0/modules/content/"
	xmlns:wfw="http://wellformedweb.org/CommentAPI/"
	xmlns:dc="http://purl.org/dc/elements/1.1/"
	xmlns:wp="http://wordpress.org/export/1.2/"
>

<channel>
	<title>Traveler</title>
	<link>http://travelerdata.wpengine.com</link>
	<description>Just another WordPress site</description>
	<pubDate>Thu, 21 May 2015 10:59:34 +0000</pubDate>
	<language>en-US</language>
	<wp:wxr_version>1.2</wp:wxr_version>
	<wp:base_site_url>http://travelerdata.wpengine.com</wp:base_site_url>
	<wp:base_blog_url>http://travelerdata.wpengine.com</wp:base_blog_url>

	<wp:author><wp:author_id>1</wp:author_id><wp:author_login>admin</wp:author_login><wp:author_email>test@gmail.com</wp:author_email><wp:author_display_name><![CDATA[admin]]></wp:author_display_name><wp:author_first_name><![CDATA[Hanh]]></wp:author_first_name><wp:author_last_name><![CDATA[Hanh]]></wp:author_last_name></wp:author>


	<generator>http://wordpress.org/?v=4.2.2</generator>

	<item>
		<title>20 Days from Paris to Venice</title>
		<link>http://travelerdata.wpengine.com/st_tour/ligula-ultricies/</link>
		<pubDate>Mon, 29 Dec 2014 01:45:00 +0000</pubDate>
		<dc:creator><![CDATA[admin]]></dc:creator>
		<guid isPermaLink="false">http://localhost/shinetheme/Travel/travel-code/?post_type=st_tours&#038;p=911</guid>
		<description></description>
		<content:encoded><![CDATA[]]></content:encoded>
		<excerpt:encoded><![CDATA[Varius massa maecenas et id dictumst mattis" Donec fringilla ac parturient posuere id phasellus erat elementum nullam lacus cursus rhoncus parturient vitae praesent quisque nascetur molestie quis]]></excerpt:encoded>
		<wp:post_id>1028</wp:post_id>
		<wp:post_date>2014-12-29 01:45:00</wp:post_date>
		<wp:post_date_gmt>2014-12-29 01:45:00</wp:post_date_gmt>
		<wp:comment_status>open</wp:comment_status>
		<wp:ping_status>open</wp:ping_status>
		<wp:post_name>ligula-ultricies</wp:post_name>
		<wp:status>publish</wp:status>
		<wp:post_parent>0</wp:post_parent>
		<wp:menu_order>0</wp:menu_order>
		<wp:post_type>st_tours</wp:post_type>
		<wp:post_password></wp:post_password>
		<wp:is_sticky>0</wp:is_sticky>
		<category domain="st_tour_type" nicename="city-trips"><![CDATA[City trips]]></category>
		<category domain="st_tour_type" nicename="ecotourism"><![CDATA[Ecotourism]]></category>
		<category domain="st_tour_type" nicename="escorted-tour"><![CDATA[Escorted Tour]]></category>
		<category domain="st_tour_type" nicename="group-tour"><![CDATA[Group Tour]]></category>
		<category domain="st_tour_type" nicename="ligula"><![CDATA[Ligula]]></category>
		<wp:postmeta>
			<wp:meta_key>rate_review</wp:meta_key>
			<wp:meta_value><![CDATA[5]]></wp:meta_value>
		</wp:postmeta>
		<wp:postmeta>
			<wp:meta_key>rate_review</wp:meta_key>
			<wp:meta_value><![CDATA[5]]></wp:meta_value>
		</wp:postmeta>
		<wp:postmeta>
			<wp:meta_key>_edit_last</wp:meta_key>
			<wp:meta_value><![CDATA[1]]></wp:meta_value>
		</wp:postmeta>
		<wp:postmeta>
			<wp:meta_key>_thumbnail_id</wp:meta_key>
			<wp:meta_value><![CDATA[5000]]></wp:meta_value>
		</wp:postmeta>
		<wp:postmeta>
			<wp:meta_key>is_featured</wp:meta_key>
			<wp:meta_value><![CDATA[off]]></wp:meta_value>
		</wp:postmeta>
		<wp:postmeta>
			<wp:meta_key>gallery_tyle</wp:meta_key>
			<wp:meta_value><![CDATA[grid]]></wp:meta_value>
		</wp:postmeta>
		<wp:postmeta>
			<wp:meta_key>id_location</wp:meta_key>
			<wp:meta_value><![CDATA[287]]></wp:meta_value>
		</wp:postmeta>
		<wp:postmeta>
			<wp:meta_key>gallery</wp:meta_key>
			<wp:meta_value><![CDATA[5010,5009,5008,5007,5002,5001,5000,4999]]></wp:meta_value>
		</wp:postmeta>
		<wp:postmeta>
			<wp:meta_key>contact_email</wp:meta_key>
			<wp:meta_value><![CDATA[abc@domain.com]]></wp:meta_value>
		</wp:postmeta>
		<wp:postmeta>
			<wp:meta_key>description</wp:meta_key>
			<wp:meta_value><![CDATA[All brand icons are trademarks of their respective owners.
The use of these trademarks does not indicate endorsement of the trademark holder by Font Awesome, nor vice versa.

]]></wp:meta_value>
		</wp:postmeta>
		<wp:postmeta>
			<wp:meta_key>post_views_count</wp:meta_key>
			<wp:meta_value><![CDATA[]]></wp:meta_value>
		</wp:postmeta>
		<wp:postmeta>
			<wp:meta_key>tour_min_price</wp:meta_key>
			<wp:meta_value><![CDATA[500]]></wp:meta_value>
		</wp:postmeta>
		<wp:postmeta>
			<wp:meta_key>min_price</wp:meta_key>
			<wp:meta_value><![CDATA[]]></wp:meta_value>
		</wp:postmeta>
		<wp:postmeta>
			<wp:meta_key>map_zoom</wp:meta_key>
			<wp:meta_value><![CDATA[13]]></wp:meta_value>
		</wp:postmeta>
		<wp:postmeta>
			<wp:meta_key>video</wp:meta_key>
			<wp:meta_value><![CDATA[https://www.youtube.com/watch?v=AmZ0WrEaf34]]></wp:meta_value>
		</wp:postmeta>
		<wp:postmeta>
			<wp:meta_key>gallery_style</wp:meta_key>
			<wp:meta_value><![CDATA[grid]]></wp:meta_value>
		</wp:postmeta>
		<wp:postmeta>
			<wp:meta_key>price</wp:meta_key>
			<wp:meta_value><![CDATA[799]]></wp:meta_value>
		</wp:postmeta>
		<wp:postmeta>
			<wp:meta_key>max_people</wp:meta_key>
			<wp:meta_value><![CDATA[2]]></wp:meta_value>
		</wp:postmeta>
		<wp:postmeta>
			<wp:meta_key>duration_day</wp:meta_key>
			<wp:meta_value><![CDATA[20]]></wp:meta_value>
		</wp:postmeta>
		<wp:postmeta>
			<wp:meta_key>address</wp:meta_key>
			<wp:meta_value><![CDATA[Champs-Elysées,  Paris France]]></wp:meta_value>
		</wp:postmeta>
		<wp:postmeta>
			<wp:meta_key>map_lat</wp:meta_key>
			<wp:meta_value><![CDATA[48.871903]]></wp:meta_value>
		</wp:postmeta>
		<wp:postmeta>
			<wp:meta_key>map_lng</wp:meta_key>
			<wp:meta_value><![CDATA[2.303156]]></wp:meta_value>
		</wp:postmeta>
		<wp:postmeta>
			<wp:meta_key>tours_program</wp:meta_key>
			<wp:meta_value><![CDATA[a:3:{i:0;a:2:{s:5:"title";s:12:"First 4 days";s:4:"desc";s:137:"Aenean eu leo quam pellentesque ornare. 
Sem lacinia quam venenatis vestibulum. 
Donec ullamcorper nulla non metus auctor fringilla. 
";}i:1;a:2:{s:5:"title";s:8:"Day 5-15";s:4:"desc";s:125:"Integer posuere erat a ante venenatis dapibus posuere velit aliquet. 
Nullam quis risus eget urna mollis ornare vel eu leo. ";}i:2;a:2:{s:5:"title";s:11:"Last 5 days";s:4:"desc";s:137:"Aenean eu leo quam pellentesque ornare. 
Sem lacinia quam venenatis vestibulum. 
Donec ullamcorper nulla non metus auctor fringilla. 
";}}]]></wp:meta_value>
		</wp:postmeta>
		<wp:postmeta>
			<wp:meta_key>is_sale_schedule</wp:meta_key>
			<wp:meta_value><![CDATA[off]]></wp:meta_value>
		</wp:postmeta>
		<wp:postmeta>
			<wp:meta_key>sale_price</wp:meta_key>
			<wp:meta_value><![CDATA[799]]></wp:meta_value>
		</wp:postmeta>
		<wp:postmeta>
			<wp:meta_key>st_custom_layout</wp:meta_key>
			<wp:meta_value><![CDATA[]]></wp:meta_value>
		</wp:postmeta>
		<wp:postmeta>
			<wp:meta_key>check_in</wp:meta_key>
			<wp:meta_value><![CDATA[2015-03-11]]></wp:meta_value>
		</wp:postmeta>
		<wp:postmeta>
			<wp:meta_key>check_out</wp:meta_key>
			<wp:meta_value><![CDATA[2015-03-20]]></wp:meta_value>
		</wp:postmeta>
		<wp:postmeta>
			<wp:meta_key>_vc_post_settings</wp:meta_key>
			<wp:meta_value><![CDATA[a:2:{s:7:"vc_grid";a:0:{}s:10:"vc_grid_id";a:0:{}}]]></wp:meta_value>
		</wp:postmeta>
		<wp:comment>
			<wp:comment_id>142</wp:comment_id>
			<wp:comment_author><![CDATA[admin]]></wp:comment_author>
			<wp:comment_author_email>test@gmail.com</wp:comment_author_email>
			<wp:comment_author_url></wp:comment_author_url>
			<wp:comment_author_IP>14.162.141.134</wp:comment_author_IP>
			<wp:comment_date>2015-03-11 04:03:12</wp:comment_date>
			<wp:comment_date_gmt>2015-03-11 04:03:12</wp:comment_date_gmt>
			<wp:comment_content><![CDATA[Aenean eu leo quam pellentesque ornare. Sem lacinia quam venenatis vestibulum. Donec ullamcorper nulla non metus auctor fringilla.]]></wp:comment_content>
			<wp:comment_approved>1</wp:comment_approved>
			<wp:comment_type>st_reviews</wp:comment_type>
			<wp:comment_parent>0</wp:comment_parent>
			<wp:comment_user_id>1</wp:comment_user_id>
			<wp:commentmeta>
				<wp:meta_key>comment_rate</wp:meta_key>
				<wp:meta_value><![CDATA[5]]></wp:meta_value>
			</wp:commentmeta>
			<wp:commentmeta>
				<wp:meta_key>comment_title</wp:meta_key>
				<wp:meta_value><![CDATA[Good]]></wp:meta_value>
			</wp:commentmeta>
			<wp:commentmeta>
				<wp:meta_key> q</wp:meta_key>
				<wp:meta_value><![CDATA[5]]></wp:meta_value>
			</wp:commentmeta>
		</wp:comment>
	</item>
	<item>
		<title>3 Days in the Heart of Paris</title>
		<link>http://travelerdata.wpengine.com/st_tour/perma/</link>
		<pubDate>Mon, 29 Dec 2014 03:12:11 +0000</pubDate>
		<dc:creator><![CDATA[admin]]></dc:creator>
		<guid isPermaLink="false">http://localhost/shinetheme/Travel/travel-code/?post_type=st_tours&#038;p=914</guid>
		<description></description>
		<content:encoded><![CDATA[]]></content:encoded>
		<excerpt:encoded><![CDATA[Varius massa maecenas et id dictumst mattis. Donec fringilla ac parturient posuere id phasellus erat elementum nullam lacus cursus rhoncus parturient vitae praesent quisque nascetur molestie quis]]></excerpt:encoded>
		<wp:post_id>1029</wp:post_id>
		<wp:post_date>2014-12-29 03:12:11</wp:post_date>
		<wp:post_date_gmt>2014-12-29 03:12:11</wp:post_date_gmt>
		<wp:comment_status>open</wp:comment_status>
		<wp:ping_status>open</wp:ping_status>
		<wp:post_name>perma</wp:post_name>
		<wp:status>publish</wp:status>
		<wp:post_parent>0</wp:post_parent>
		<wp:menu_order>0</wp:menu_order>
		<wp:post_type>st_tours</wp:post_type>
		<wp:post_password></wp:post_password>
		<wp:is_sticky>0</wp:is_sticky>
		<category domain="st_tour_type" nicename="city-trips"><![CDATA[City trips]]></category>
		<category domain="st_tour_type" nicename="escorted-tour"><![CDATA[Escorted Tour]]></category>
		<category domain="st_tour_type" nicename="group-tour"><![CDATA[Group Tour]]></category>
		<category domain="st_tour_type" nicename="hosted-tours"><![CDATA[Hosted tours]]></category>
		<category domain="st_tour_type" nicename="ligula"><![CDATA[Ligula]]></category>
		<wp:postmeta>
			<wp:meta_key>rate_review</wp:meta_key>
			<wp:meta_value><![CDATA[5]]></wp:meta_value>
		</wp:postmeta>
		<wp:postmeta>
			<wp:meta_key>rate_review</wp:meta_key>
			<wp:meta_value><![CDATA[5]]></wp:meta_value>
		</wp:postmeta>
		<wp:postmeta>
			<wp:meta_key>rate_review</wp:meta_key>
			<wp:meta_value><![CDATA[5]]></wp:meta_value>
		</wp:postmeta>
		<wp:postmeta>
			<wp:meta_key>_edit_last</wp:meta_key>
			<wp:meta_value><![CDATA[1]]></wp:meta_value>
		</wp:postmeta>
		<wp:postmeta>
			<wp:meta_key>_thumbnail_id</wp:meta_key>
			<wp:meta_value><![CDATA[5000]]></wp:meta_value>
		</wp:postmeta>
		<wp:postmeta>
			<wp:meta_key>is_featured</wp:meta_key>
			<wp:meta_value><![CDATA[off]]></wp:meta_value>
		</wp:postmeta>
		<wp:postmeta>
			<wp:meta_key>gallery_tyle</wp:meta_key>
			<wp:meta_value><![CDATA[grid]]></wp:meta_value>
		</wp:postmeta>
		<wp:postmeta>
			<wp:meta_key>id_location</wp:meta_key>
			<wp:meta_value><![CDATA[283]]></wp:meta_value>
		</wp:postmeta>
		<wp:postmeta>
			<wp:meta_key>gallery</wp:meta_key>
			<wp:meta_value><![CDATA[5010,5009,5008,5007,5002,5001,5000,4999]]></wp:meta_value>
		</wp:postmeta>
		<wp:postmeta>
			<wp:meta_key>contact_email</wp:meta_key>
			<wp:meta_value><![CDATA[abc@domain.com]]></wp:meta_value>
		</wp:postmeta>
		<wp:postmeta>
			<wp:meta_key>description</wp:meta_key>
			<wp:meta_value><![CDATA[All brand icons are trademarks of their respective owners.
The use of these trademarks does not indicate endorsement of the trademark holder by Font Awesome, nor vice versa.

]]></wp:meta_value>
		</wp:postmeta>
		<wp:postmeta>
			<wp:meta_key>_dp_original</wp:meta_key>
			<wp:meta_value><![CDATA[911]]></wp:meta_value>
		</wp:postmeta>
		<wp:postmeta>
			<wp:meta_key>map_zoom</wp:meta_key>
			<wp:meta_value><![CDATA[13]]></wp:meta_value>
		</wp:postmeta>
		<wp:postmeta>
			<wp:meta_key>gallery_style</wp:meta_key>
			<wp:meta_value><![CDATA[grid]]></wp:meta_value>
		</wp:postmeta>
		<wp:postmeta>
			<wp:meta_key>map_lat</wp:meta_key>
			<wp:meta_value><![CDATA[48.871903]]></wp:meta_value>
		</wp:postmeta>
		<wp:postmeta>
			<wp:meta_key>map_lng</wp:meta_key>
			<wp:meta_value><![CDATA[2.303156]]></wp:meta_value>
		</wp:postmeta>
		<wp:postmeta>
			<wp:meta_key>video</wp:meta_key>
			<wp:meta_value><![CDATA[https://www.youtube.com/watch?v=dSnCo7XVWO8]]></wp:meta_value>
		</wp:postmeta>
		<wp:postmeta>
			<wp:meta_key>min_price</wp:meta_key>
			<wp:meta_value><![CDATA[]]></wp:meta_value>
		</wp:postmeta>
		<wp:postmeta>
			<wp:meta_key>post_views_count</wp:meta_key>
			<wp:meta_value><![CDATA[]]></wp:meta_value>
		</wp:postmeta>
		<wp:postmeta>
			<wp:meta_key>price</wp:meta_key>
			<wp:meta_value><![CDATA[560]]></wp:meta_value>
		</wp:postmeta>
		<wp:postmeta>
			<wp:meta_key>max_people</wp:meta_key>
			<wp:meta_value><![CDATA[4]]></wp:meta_value>
		</wp:postmeta>
		<wp:postmeta>
			<wp:meta_key>duration_day</wp:meta_key>
			<wp:meta_value><![CDATA[3]]></wp:meta_value>
		</wp:postmeta>
		<wp:postmeta>
			<wp:meta_key>address</wp:meta_key>
			<wp:meta_value><![CDATA[Champs-Elysées, Paris France]]></wp:meta_value>
		</wp:postmeta>
		<wp:postmeta>
			<wp:meta_key>tours_program</wp:meta_key>
			<wp:meta_value><![CDATA[a:5:{i:0;a:2:{s:5:"title";s:15:"Transportation ";s:4:"desc";s:45:"Air, sea, road, rail etc to/from destination ";}i:1;a:2:{s:5:"title";s:13:"accommodation";s:4:"desc";s:31:"Hotels, guest houses, cottages.";}i:2;a:2:{s:5:"title";s:6:"Meals ";s:4:"desc";s:36:"Breakfast, half board and full board";}i:3;a:2:{s:5:"title";s:23:"Supplementary services ";s:4:"desc";s:42:"events, city sight seeing, theme evenings.";}i:4;a:2:{s:5:"title";s:9:"Insurance";s:4:"desc";s:28:"and other ancillary service.";}}]]></wp:meta_value>
		</wp:postmeta>
		<wp:postmeta>
			<wp:meta_key>st_custom_layout</wp:meta_key>
			<wp:meta_value><![CDATA[1114]]></wp:meta_value>
		</wp:postmeta>
		<wp:postmeta>
			<wp:meta_key>is_sale_schedule</wp:meta_key>
			<wp:meta_value><![CDATA[off]]></wp:meta_value>
		</wp:postmeta>
		<wp:postmeta>
			<wp:meta_key>sale_price</wp:meta_key>
			<wp:meta_value><![CDATA[560]]></wp:meta_value>
		</wp:postmeta>
		<wp:postmeta>
			<wp:meta_key>check_in</wp:meta_key>
			<wp:meta_value><![CDATA[2015-03-17]]></wp:meta_value>
		</wp:postmeta>
		<wp:postmeta>
			<wp:meta_key>check_out</wp:meta_key>
			<wp:meta_value><![CDATA[2015-03-28]]></wp:meta_value>
		</wp:postmeta>
		<wp:postmeta>
			<wp:meta_key>_vc_post_settings</wp:meta_key>
			<wp:meta_value><![CDATA[a:2:{s:7:"vc_grid";a:0:{}s:10:"vc_grid_id";a:0:{}}]]></wp:meta_value>
		</wp:postmeta>
		<wp:comment>
			<wp:comment_id>145</wp:comment_id>
			<wp:comment_author><![CDATA[admin]]></wp:comment_author>
			<wp:comment_author_email>test@gmail.com</wp:comment_author_email>
			<wp:comment_author_url></wp:comment_author_url>
			<wp:comment_author_IP>14.162.141.134</wp:comment_author_IP>
			<wp:comment_date>2015-03-17 01:42:25</wp:comment_date>
			<wp:comment_date_gmt>2015-03-17 01:42:25</wp:comment_date_gmt>
			<wp:comment_content><![CDATA[Varius massa maecenas et id dictumst mattis. Donec fringilla ac parturient posuere id phasellus erat elementum nullam lacus cursus rhoncus parturient vitae praesent quisque nascetur molestie quis]]></wp:comment_content>
			<wp:comment_approved>1</wp:comment_approved>
			<wp:comment_type>st_reviews</wp:comment_type>
			<wp:comment_parent>0</wp:comment_parent>
			<wp:comment_user_id>1</wp:comment_user_id>
			<wp:commentmeta>
				<wp:meta_key>comment_rate</wp:meta_key>
				<wp:meta_value><![CDATA[5]]></wp:meta_value>
			</wp:commentmeta>
			<wp:commentmeta>
				<wp:meta_key>comment_title</wp:meta_key>
				<wp:meta_value><![CDATA[Very Good]]></wp:meta_value>
			</wp:commentmeta>
			<wp:commentmeta>
				<wp:meta_key> q</wp:meta_key>
				<wp:meta_value><![CDATA[5]]></wp:meta_value>
			</wp:commentmeta>
		</wp:comment>
	</item>
	<item>
		<title>Giverny and Versailles Small Group Day Trip</title>
		<link>http://travelerdata.wpengine.com/st_tour/tour-ultricies/</link>
		<pubDate>Mon, 29 Dec 2014 03:12:18 +0000</pubDate>
		<dc:creator><![CDATA[admin]]></dc:creator>
		<guid isPermaLink="false">http://localhost/shinetheme/Travel/travel-code/?post_type=st_tours&#038;p=915</guid>
		<description></description>
		<content:encoded><![CDATA[]]></content:encoded>
		<excerpt:encoded><![CDATA[Varius massa maecenas et id dictumst mattis" Donec fringilla ac parturient posuere id phasellus erat elementum nullam lacus cursus rhoncus parturient vitae praesent quisque nascetur molestie quis quis Varius massa maecenas et id dictumst mattis" Donec fringilla ac parturient posuere id phasellus erat elementum nullam lacus cursus rhoncus parturient vitae praesent quisque nascetur molestie quis]]></excerpt:encoded>
		<wp:post_id>1030</wp:post_id>
		<wp:post_date>2014-12-29 03:12:18</wp:post_date>
		<wp:post_date_gmt>2014-12-29 03:12:18</wp:post_date_gmt>
		<wp:comment_status>open</wp:comment_status>
		<wp:ping_status>open</wp:ping_status>
		<wp:post_name>tour-ultricies</wp:post_name>
		<wp:status>publish</wp:status>
		<wp:post_parent>0</wp:post_parent>
		<wp:menu_order>0</wp:menu_order>
		<wp:post_type>st_tours</wp:post_type>
		<wp:post_password></wp:post_password>
		<wp:is_sticky>0</wp:is_sticky>
		<category domain="st_tour_type" nicename="city-trips"><![CDATA[City trips]]></category>
		<category domain="st_tour_type" nicename="escorted-tour"><![CDATA[Escorted Tour]]></category>
		<category domain="st_tour_type" nicename="group-tour"><![CDATA[Group Tour]]></category>
		<category domain="st_tour_type" nicename="hosted-tours"><![CDATA[Hosted tours]]></category>
		<category domain="st_tour_type" nicename="ligula"><![CDATA[Ligula]]></category>
		<wp:postmeta>
			<wp:meta_key>rate_review</wp:meta_key>
			<wp:meta_value><![CDATA[2]]></wp:meta_value>
		</wp:postmeta>
		<wp:postmeta>
			<wp:meta_key>rate_review</wp:meta_key>
			<wp:meta_value><![CDATA[2]]></wp:meta_value>
		</wp:postmeta>
		<wp:postmeta>
			<wp:meta_key>rate_review</wp:meta_key>
			<wp:meta_value><![CDATA[2]]></wp:meta_value>
		</wp:postmeta>
		<wp:postmeta>
			<wp:meta_key>_edit_last</wp:meta_key>
			<wp:meta_value><![CDATA[1]]></wp:meta_value>
		</wp:postmeta>
		<wp:postmeta>
			<wp:meta_key>_thumbnail_id</wp:meta_key>
			<wp:meta_value><![CDATA[5001]]></wp:meta_value>
		</wp:postmeta>
		<wp:postmeta>
			<wp:meta_key>is_featured</wp:meta_key>
			<wp:meta_value><![CDATA[off]]></wp:meta_value>
		</wp:postmeta>
		<wp:postmeta>
			<wp:meta_key>gallery_tyle</wp:meta_key>
			<wp:meta_value><![CDATA[grid]]></wp:meta_value>
		</wp:postmeta>
		<wp:postmeta>
			<wp:meta_key>id_location</wp:meta_key>
			<wp:meta_value><![CDATA[287]]></wp:meta_value>
		</wp:postmeta>
		<wp:postmeta>
			<wp:meta_key>gallery</wp:meta_key>
			<wp:meta_value><![CDATA[5010,5009,5008,5007,5002,5001,5000,4999]]></wp:meta_value>
		</wp:postmeta>
		<wp:postmeta>
			<wp:meta_key>contact_email</wp:meta_key>
			<wp:meta_value><![CDATA[abc@domain.com]]></wp:meta_value>
		</wp:postmeta>
		<wp:postmeta>
			<wp:meta_key>description</wp:meta_key>
			<wp:meta_value><![CDATA[All brand icons are trademarks of their respective owners.
The use of these trademarks does not indicate endorsement of the trademark holder by Font Awesome, nor vice versa.

]]></wp:meta_value>
		</wp:postmeta>
		<wp:postmeta>
			<wp:meta_key>_dp_original</wp:meta_key>
			<wp:meta_value><![CDATA[911]]></wp:meta_value>
		</wp:postmeta>
		<wp:postmeta>
			<wp:meta_key>map_zoom</wp:meta_key>
			<wp:meta_value><![CDATA[13]]></wp:meta_value>
		</wp:postmeta>
		<wp:postmeta>
			<wp:meta_key>gallery_style</wp:meta_key>
			<wp:meta_value><![CDATA[grid]]></wp:meta_value>
		</wp:postmeta>
		<wp:postmeta>
			<wp:meta_key>map_lat</wp:meta_key>
			<wp:meta_value><![CDATA[48.871903]]></wp:meta_value>
		</wp:postmeta>
		<wp:postmeta>
			<wp:meta_key>map_lng</wp:meta_key>
			<wp:meta_value><![CDATA[2.303156]]></wp:meta_value>
		</wp:postmeta>
		<wp:postmeta>
			<wp:meta_key>video</wp:meta_key>
			<wp:meta_value><![CDATA[https://www.youtube.com/watch?v=AmZ0WrEaf34]]></wp:meta_value>
		</wp:postmeta>
		<wp:postmeta>
			<wp:meta_key>post_views_count</wp:meta_key>
			<wp:meta_value><![CDATA[]]></wp:meta_value>
		</wp:postmeta>
		<wp:postmeta>
			<wp:meta_key>min_price</wp:meta_key>
			<wp:meta_value><![CDATA[]]></wp:meta_value>
		</wp:postmeta>
		<wp:postmeta>
			<wp:meta_key>price</wp:meta_key>
			<wp:meta_value><![CDATA[750]]></wp:meta_value>
		</wp:postmeta>
		<wp:postmeta>
			<wp:meta_key>max_people</wp:meta_key>
			<wp:meta_value><![CDATA[6]]></wp:meta_value>
		</wp:postmeta>
		<wp:postmeta>
			<wp:meta_key>duration_day</wp:meta_key>
			<wp:meta_value><![CDATA[4]]></wp:meta_value>
		</wp:postmeta>
		<wp:postmeta>
			<wp:meta_key>address</wp:meta_key>
			<wp:meta_value><![CDATA[Champs-Elysées Paris France]]></wp:meta_value>
		</wp:postmeta>
		<wp:postmeta>
			<wp:meta_key>discount</wp:meta_key>
			<wp:meta_value><![CDATA[10]]></wp:meta_value>
		</wp:postmeta>
		<wp:postmeta>
			<wp:meta_key>price_sale</wp:meta_key>
			<wp:meta_value><![CDATA[675]]></wp:meta_value>
		</wp:postmeta>
		<wp:postmeta>
			<wp:meta_key>tours_program</wp:meta_key>
			<wp:meta_value><![CDATA[a:4:{i:0;a:2:{s:5:"title";s:5:"Day 1";s:4:"desc";s:135:"Aenean eu leo quam pellentesque ornare. 
Sem lacinia quam venenatis vestibulum. 
Donec ullamcorper nulla non metus auctor fringilla. ";}i:1;a:2:{s:5:"title";s:5:"Day 2";s:4:"desc";s:125:"Integer posuere erat a ante venenatis dapibus posuere velit aliquet. 
Nullam quis risus eget urna mollis ornare vel eu leo. ";}i:2;a:2:{s:5:"title";s:5:"Day 3";s:4:"desc";s:135:"Aenean eu leo quam pellentesque ornare. 
Sem lacinia quam venenatis vestibulum. 
Donec ullamcorper nulla non metus auctor fringilla. ";}i:3;a:2:{s:5:"title";s:5:"Day 4";s:4:"desc";s:123:"Integer posuere erat a ante venenatis dapibus posuere velit aliquet. Nullam quis risus eget urna mollis ornare vel eu leo. ";}}]]></wp:meta_value>
		</wp:postmeta>
		<wp:postmeta>
			<wp:meta_key>st_custom_layout</wp:meta_key>
			<wp:meta_value><![CDATA[1118]]></wp:meta_value>
		</wp:postmeta>
		<wp:postmeta>
			<wp:meta_key>is_sale_schedule</wp:meta_key>
			<wp:meta_value><![CDATA[off]]></wp:meta_value>
		</wp:postmeta>
		<wp:postmeta>
			<wp:meta_key>sale_price</wp:meta_key>
			<wp:meta_value><![CDATA[675]]></wp:meta_value>
		</wp:postmeta>
		<wp:postmeta>
			<wp:meta_key>check_in</wp:meta_key>
			<wp:meta_value><![CDATA[2015-03-17]]></wp:meta_value>
		</wp:postmeta>
		<wp:postmeta>
			<wp:meta_key>check_out</wp:meta_key>
			<wp:meta_value><![CDATA[2015-03-20]]></wp:meta_value>
		</wp:postmeta>
		<wp:postmeta>
			<wp:meta_key>_vc_post_settings</wp:meta_key>
			<wp:meta_value><![CDATA[a:2:{s:7:"vc_grid";a:0:{}s:10:"vc_grid_id";a:0:{}}]]></wp:meta_value>
		</wp:postmeta>
		<wp:comment>
			<wp:comment_id>146</wp:comment_id>
			<wp:comment_author><![CDATA[admin]]></wp:comment_author>
			<wp:comment_author_email>test@gmail.com</wp:comment_author_email>
			<wp:comment_author_url></wp:comment_author_url>
			<wp:comment_author_IP>14.162.141.134</wp:comment_author_IP>
			<wp:comment_date>2015-03-17 01:43:59</wp:comment_date>
			<wp:comment_date_gmt>2015-03-17 01:43:59</wp:comment_date_gmt>
			<wp:comment_content><![CDATA[Aenean eu leo quam pellentesque ornare. Sem lacinia quam venenatis vestibulum. Donec ullamcorper nulla non metus auctor fringilla.]]></wp:comment_content>
			<wp:comment_approved>1</wp:comment_approved>
			<wp:comment_type>st_reviews</wp:comment_type>
			<wp:comment_parent>0</wp:comment_parent>
			<wp:comment_user_id>1</wp:comment_user_id>
			<wp:commentmeta>
				<wp:meta_key>comment_rate</wp:meta_key>
				<wp:meta_value><![CDATA[2]]></wp:meta_value>
			</wp:commentmeta>
			<wp:commentmeta>
				<wp:meta_key>comment_title</wp:meta_key>
				<wp:meta_value><![CDATA[Bad]]></wp:meta_value>
			</wp:commentmeta>
			<wp:commentmeta>
				<wp:meta_key> q</wp:meta_key>
				<wp:meta_value><![CDATA[2]]></wp:meta_value>
			</wp:commentmeta>
		</wp:comment>
	</item>
	<item>
		<title>Trip of a Lifetime - Mysteries of Peru</title>
		<link>http://travelerdata.wpengine.com/st_tour/ligula/</link>
		<pubDate>Mon, 29 Dec 2014 03:12:24 +0000</pubDate>
		<dc:creator><![CDATA[admin]]></dc:creator>
		<guid isPermaLink="false">http://localhost/shinetheme/Travel/travel-code/?post_type=st_tours&#038;p=916</guid>
		<description></description>
		<content:encoded><![CDATA[]]></content:encoded>
		<excerpt:encoded><![CDATA[Arius massa maecenas et id dictumst mattis. Donec fringilla ac parturient posuere id phasellus erat elementum nullam lacus cursus rhoncus parturient vitae praesent quisque nascetur molestie quis]]></excerpt:encoded>
		<wp:post_id>1031</wp:post_id>
		<wp:post_date>2014-12-29 03:12:24</wp:post_date>
		<wp:post_date_gmt>2014-12-29 03:12:24</wp:post_date_gmt>
		<wp:comment_status>open</wp:comment_status>
		<wp:ping_status>open</wp:ping_status>
		<wp:post_name>ligula</wp:post_name>
		<wp:status>publish</wp:status>
		<wp:post_parent>0</wp:post_parent>
		<wp:menu_order>0</wp:menu_order>
		<wp:post_type>st_tours</wp:post_type>
		<wp:post_password></wp:post_password>
		<wp:is_sticky>0</wp:is_sticky>
		<category domain="st_tour_type" nicename="ecotourism"><![CDATA[Ecotourism]]></category>
		<category domain="st_tour_type" nicename="group-tour"><![CDATA[Group Tour]]></category>
		<category domain="st_tour_type" nicename="hosted-tours"><![CDATA[Hosted tours]]></category>
		<category domain="st_tour_type" nicename="ligula"><![CDATA[Ligula]]></category>
		<wp:postmeta>
			<wp:meta_key>rate_review</wp:meta_key>
			<wp:meta_value><![CDATA[5]]></wp:meta_value>
		</wp:postmeta>
		<wp:postmeta>
			<wp:meta_key>rate_review</wp:meta_key>
			<wp:meta_value><![CDATA[5]]></wp:meta_value>
		</wp:postmeta>
		<wp:postmeta>
			<wp:meta_key>rate_review</wp:meta_key>
			<wp:meta_value><![CDATA[5]]></wp:meta_value>
		</wp:postmeta>
		<wp:postmeta>
			<wp:meta_key>_edit_last</wp:meta_key>
			<wp:meta_value><![CDATA[1]]></wp:meta_value>
		</wp:postmeta>
		<wp:postmeta>
			<wp:meta_key>_thumbnail_id</wp:meta_key>
			<wp:meta_value><![CDATA[5001]]></wp:meta_value>
		</wp:postmeta>
		<wp:postmeta>
			<wp:meta_key>is_featured</wp:meta_key>
			<wp:meta_value><![CDATA[off]]></wp:meta_value>
		</wp:postmeta>
		<wp:postmeta>
			<wp:meta_key>gallery_tyle</wp:meta_key>
			<wp:meta_value><![CDATA[grid]]></wp:meta_value>
		</wp:postmeta>
		<wp:postmeta>
			<wp:meta_key>id_location</wp:meta_key>
			<wp:meta_value><![CDATA[277]]></wp:meta_value>
		</wp:postmeta>
		<wp:postmeta>
			<wp:meta_key>gallery</wp:meta_key>
			<wp:meta_value><![CDATA[5010,5009,5008,5007,5002,5001,5000,4999]]></wp:meta_value>
		</wp:postmeta>
		<wp:postmeta>
			<wp:meta_key>contact_email</wp:meta_key>
			<wp:meta_value><![CDATA[abc@domain.com]]></wp:meta_value>
		</wp:postmeta>
		<wp:postmeta>
			<wp:meta_key>description</wp:meta_key>
			<wp:meta_value><![CDATA[All brand icons are trademarks of their respective owners.
The use of these trademarks does not indicate endorsement of the trademark holder by Font Awesome, nor vice versa.

]]></wp:meta_value>
		</wp:postmeta>
		<wp:postmeta>
			<wp:meta_key>_dp_original</wp:meta_key>
			<wp:meta_value><![CDATA[911]]></wp:meta_value>
		</wp:postmeta>
		<wp:postmeta>
			<wp:meta_key>post_views_count</wp:meta_key>
			<wp:meta_value><![CDATA[]]></wp:meta_value>
		</wp:postmeta>
		<wp:postmeta>
			<wp:meta_key>map_lat</wp:meta_key>
			<wp:meta_value><![CDATA[48.871903]]></wp:meta_value>
		</wp:postmeta>
		<wp:postmeta>
			<wp:meta_key>map_lng</wp:meta_key>
			<wp:meta_value><![CDATA[2.303156]]></wp:meta_value>
		</wp:postmeta>
		<wp:postmeta>
			<wp:meta_key>map_zoom</wp:meta_key>
			<wp:meta_value><![CDATA[13]]></wp:meta_value>
		</wp:postmeta>
		<wp:postmeta>
			<wp:meta_key>gallery_style</wp:meta_key>
			<wp:meta_value><![CDATA[grid]]></wp:meta_value>
		</wp:postmeta>
		<wp:postmeta>
			<wp:meta_key>min_price</wp:meta_key>
			<wp:meta_value><![CDATA[]]></wp:meta_value>
		</wp:postmeta>
		<wp:postmeta>
			<wp:meta_key>st_custom_layout</wp:meta_key>
			<wp:meta_value><![CDATA[1118]]></wp:meta_value>
		</wp:postmeta>
		<wp:postmeta>
			<wp:meta_key>price</wp:meta_key>
			<wp:meta_value><![CDATA[559]]></wp:meta_value>
		</wp:postmeta>
		<wp:postmeta>
			<wp:meta_key>max_people</wp:meta_key>
			<wp:meta_value><![CDATA[4]]></wp:meta_value>
		</wp:postmeta>
		<wp:postmeta>
			<wp:meta_key>duration_day</wp:meta_key>
			<wp:meta_value><![CDATA[5]]></wp:meta_value>
		</wp:postmeta>
		<wp:postmeta>
			<wp:meta_key>address</wp:meta_key>
			<wp:meta_value><![CDATA[Place Vendôme Paris]]></wp:meta_value>
		</wp:postmeta>
		<wp:postmeta>
			<wp:meta_key>tours_program</wp:meta_key>
			<wp:meta_value><![CDATA[a:4:{i:0;a:2:{s:5:"title";s:5:"Day 1";s:4:"desc";s:253:"Aenean eu leo quam pellentesque ornare. Sem lacinia quam venenatis vestibulum. Donec ullamcorper nulla non metus auctor fringilla. Integer posuere erat a ante venenatis dapibus posuere velit aliquet. Nullam quis risus eget urna mollis ornare vel eu leo.";}i:1;a:2:{s:5:"title";s:5:"Day 2";s:4:"desc";s:253:"Aenean eu leo quam pellentesque ornare. Sem lacinia quam venenatis vestibulum. Donec ullamcorper nulla non metus auctor fringilla. Integer posuere erat a ante venenatis dapibus posuere velit aliquet. Nullam quis risus eget urna mollis ornare vel eu leo.";}i:2;a:2:{s:5:"title";s:5:"Day 3";s:4:"desc";s:253:"Aenean eu leo quam pellentesque ornare. Sem lacinia quam venenatis vestibulum. Donec ullamcorper nulla non metus auctor fringilla. Integer posuere erat a ante venenatis dapibus posuere velit aliquet. Nullam quis risus eget urna mollis ornare vel eu leo.";}i:3;a:2:{s:5:"title";s:5:"Day 4";s:4:"desc";s:253:"Aenean eu leo quam pellentesque ornare. Sem lacinia quam venenatis vestibulum. Donec ullamcorper nulla non metus auctor fringilla. Integer posuere erat a ante venenatis dapibus posuere velit aliquet. Nullam quis risus eget urna mollis ornare vel eu leo.";}}]]></wp:meta_value>
		</wp:postmeta>
		<wp:postmeta>
			<wp:meta_key>video</wp:meta_key>
			<wp:meta_value><![CDATA[https://www.youtube.com/watch?v=lf4ZoAJsgnk]]></wp:meta_value>
		</wp:postmeta>
		<wp:postmeta>
			<wp:meta_key>_alp_processed</wp:meta_key>
			<wp:meta_value><![CDATA[1423025057]]></wp:meta_value>
		</wp:postmeta>
		<wp:postmeta>
			<wp:meta_key>check_in</wp:meta_key>
			<wp:meta_value><![CDATA[2015-02-04]]></wp:meta_value>
		</wp:postmeta>
		<wp:postmeta>
			<wp:meta_key>check_out</wp:meta_key>
			<wp:meta_value><![CDATA[2015-02-05]]></wp:meta_value>
		</wp:postmeta>
		<wp:postmeta>
			<wp:meta_key>is_sale_schedule</wp:meta_key>
			<wp:meta_value><![CDATA[on]]></wp:meta_value>
		</wp:postmeta>
		<wp:postmeta>
			<wp:meta_key>discount</wp:meta_key>
			<wp:meta_value><![CDATA[10]]></wp:meta_value>
		</wp:postmeta>
		<wp:postmeta>
			<wp:meta_key>price_sale</wp:meta_key>
			<wp:meta_value><![CDATA[503.1]]></wp:meta_value>
		</wp:postmeta>
		<wp:postmeta>
			<wp:meta_key>sale_price_from</wp:meta_key>
			<wp:meta_value><![CDATA[2015-02-20]]></wp:meta_value>
		</wp:postmeta>
		<wp:postmeta>
			<wp:meta_key>sale_price_to</wp:meta_key>
			<wp:meta_value><![CDATA[2015-02-21]]></wp:meta_value>
		</wp:postmeta>
		<wp:postmeta>
			<wp:meta_key>sale_price</wp:meta_key>
			<wp:meta_value><![CDATA[559]]></wp:meta_value>
		</wp:postmeta>
		<wp:postmeta>
			<wp:meta_key>_vc_post_settings</wp:meta_key>
			<wp:meta_value><![CDATA[a:2:{s:7:"vc_grid";a:0:{}s:10:"vc_grid_id";a:0:{}}]]></wp:meta_value>
		</wp:postmeta>
		<wp:comment>
			<wp:comment_id>147</wp:comment_id>
			<wp:comment_author><![CDATA[admin]]></wp:comment_author>
			<wp:comment_author_email>test@gmail.com</wp:comment_author_email>
			<wp:comment_author_url></wp:comment_author_url>
			<wp:comment_author_IP>14.162.141.134</wp:comment_author_IP>
			<wp:comment_date>2015-03-17 01:47:39</wp:comment_date>
			<wp:comment_date_gmt>2015-03-17 01:47:39</wp:comment_date_gmt>
			<wp:comment_content><![CDATA[Aenean eu leo quam pellentesque ornare. Sem lacinia quam venenatis vestibulum. Donec ullamcorper nulla non metus auctor fringilla. Integer posuere erat a ante venenatis dapibus posuere velit aliquet. Nullam quis risus eget urna mollis ornare vel eu leo.]]></wp:comment_content>
			<wp:comment_approved>1</wp:comment_approved>
			<wp:comment_type>st_reviews</wp:comment_type>
			<wp:comment_parent>0</wp:comment_parent>
			<wp:comment_user_id>1</wp:comment_user_id>
			<wp:commentmeta>
				<wp:meta_key>comment_rate</wp:meta_key>
				<wp:meta_value><![CDATA[5]]></wp:meta_value>
			</wp:commentmeta>
			<wp:commentmeta>
				<wp:meta_key>comment_title</wp:meta_key>
				<wp:meta_value><![CDATA[Very Good]]></wp:meta_value>
			</wp:commentmeta>
			<wp:commentmeta>
				<wp:meta_key> q</wp:meta_key>
				<wp:meta_value><![CDATA[5]]></wp:meta_value>
			</wp:commentmeta>
		</wp:comment>
	</item>
	<item>
		<title>Mont Saint Michel Day Trip</title>
		<link>http://travelerdata.wpengine.com/st_tour/ligula-ultricies-permalink/</link>
		<pubDate>Mon, 29 Dec 2014 03:12:35 +0000</pubDate>
		<dc:creator><![CDATA[admin]]></dc:creator>
		<guid isPermaLink="false">http://localhost/shinetheme/Travel/travel-code/?post_type=st_tours&#038;p=917</guid>
		<description></description>
		<content:encoded><![CDATA[]]></content:encoded>
		<excerpt:encoded><![CDATA[Excerpts are optional hand-crafted summaries of your content that can be used in your theme Varius massa maecenas et id dictumst mattis" Donec fringilla ac parturient posuere id phasellus erat elementum nullam lacus cursus rhoncus parturient vitae praesent quisque nascetur molestie quis]]></excerpt:encoded>
		<wp:post_id>1032</wp:post_id>
		<wp:post_date>2014-12-29 03:12:35</wp:post_date>
		<wp:post_date_gmt>2014-12-29 03:12:35</wp:post_date_gmt>
		<wp:comment_status>open</wp:comment_status>
		<wp:ping_status>open</wp:ping_status>
		<wp:post_name>ligula-ultricies-permalink</wp:post_name>
		<wp:status>publish</wp:status>
		<wp:post_parent>0</wp:post_parent>
		<wp:menu_order>0</wp:menu_order>
		<wp:post_type>st_tours</wp:post_type>
		<wp:post_password></wp:post_password>
		<wp:is_sticky>0</wp:is_sticky>
		<category domain="st_tour_type" nicename="ligula"><![CDATA[Ligula]]></category>
		<wp:postmeta>
			<wp:meta_key>rate_review</wp:meta_key>
			<wp:meta_value><![CDATA[4]]></wp:meta_value>
		</wp:postmeta>
		<wp:postmeta>
			<wp:meta_key>rate_review</wp:meta_key>
			<wp:meta_value><![CDATA[4]]></wp:meta_value>
		</wp:postmeta>
		<wp:postmeta>
			<wp:meta_key>rate_review</wp:meta_key>
			<wp:meta_value><![CDATA[4]]></wp:meta_value>
		</wp:postmeta>
		<wp:postmeta>
			<wp:meta_key>_edit_last</wp:meta_key>
			<wp:meta_value><![CDATA[1]]></wp:meta_value>
		</wp:postmeta>
		<wp:postmeta>
			<wp:meta_key>_thumbnail_id</wp:meta_key>
			<wp:meta_value><![CDATA[5001]]></wp:meta_value>
		</wp:postmeta>
		<wp:postmeta>
			<wp:meta_key>is_featured</wp:meta_key>
			<wp:meta_value><![CDATA[off]]></wp:meta_value>
		</wp:postmeta>
		<wp:postmeta>
			<wp:meta_key>gallery_tyle</wp:meta_key>
			<wp:meta_value><![CDATA[grid]]></wp:meta_value>
		</wp:postmeta>
		<wp:postmeta>
			<wp:meta_key>id_location</wp:meta_key>
			<wp:meta_value><![CDATA[287]]></wp:meta_value>
		</wp:postmeta>
		<wp:postmeta>
			<wp:meta_key>gallery</wp:meta_key>
			<wp:meta_value><![CDATA[5010,5009,5008,5007,5002,5001,5000,4999]]></wp:meta_value>
		</wp:postmeta>
		<wp:postmeta>
			<wp:meta_key>contact_email</wp:meta_key>
			<wp:meta_value><![CDATA[abc@domain.com]]></wp:meta_value>
		</wp:postmeta>
		<wp:postmeta>
			<wp:meta_key>description</wp:meta_key>
			<wp:meta_value><![CDATA[All brand icons are trademarks of their respective owners.
The use of these trademarks does not indicate endorsement of the trademark holder by Font Awesome, nor vice versa.

]]></wp:meta_value>
		</wp:postmeta>
		<wp:postmeta>
			<wp:meta_key>_dp_original</wp:meta_key>
			<wp:meta_value><![CDATA[911]]></wp:meta_value>
		</wp:postmeta>
		<wp:postmeta>
			<wp:meta_key>st_custom_layout</wp:meta_key>
			<wp:meta_value><![CDATA[1114]]></wp:meta_value>
		</wp:postmeta>
		<wp:postmeta>
			<wp:meta_key>min_price</wp:meta_key>
			<wp:meta_value><![CDATA[]]></wp:meta_value>
		</wp:postmeta>
		<wp:postmeta>
			<wp:meta_key>total_sale_number</wp:meta_key>
			<wp:meta_value><![CDATA[]]></wp:meta_value>
		</wp:postmeta>
		<wp:postmeta>
			<wp:meta_key>tour_min_price</wp:meta_key>
			<wp:meta_value><![CDATA[5000]]></wp:meta_value>
		</wp:postmeta>
		<wp:postmeta>
			<wp:meta_key>post_views_count</wp:meta_key>
			<wp:meta_value><![CDATA[]]></wp:meta_value>
		</wp:postmeta>
		<wp:postmeta>
			<wp:meta_key>gallery_style</wp:meta_key>
			<wp:meta_value><![CDATA[grid]]></wp:meta_value>
		</wp:postmeta>
		<wp:postmeta>
			<wp:meta_key>map_lat</wp:meta_key>
			<wp:meta_value><![CDATA[48.871903]]></wp:meta_value>
		</wp:postmeta>
		<wp:postmeta>
			<wp:meta_key>map_lng</wp:meta_key>
			<wp:meta_value><![CDATA[2.337859]]></wp:meta_value>
		</wp:postmeta>
		<wp:postmeta>
			<wp:meta_key>map_zoom</wp:meta_key>
			<wp:meta_value><![CDATA[13]]></wp:meta_value>
		</wp:postmeta>
		<wp:postmeta>
			<wp:meta_key>video</wp:meta_key>
			<wp:meta_value><![CDATA[https://www.youtube.com/watch?v=dSnCo7XVWO8]]></wp:meta_value>
		</wp:postmeta>
		<wp:postmeta>
			<wp:meta_key>price</wp:meta_key>
			<wp:meta_value><![CDATA[680]]></wp:meta_value>
		</wp:postmeta>
		<wp:postmeta>
			<wp:meta_key>max_people</wp:meta_key>
			<wp:meta_value><![CDATA[610]]></wp:meta_value>
		</wp:postmeta>
		<wp:postmeta>
			<wp:meta_key>duration_day</wp:meta_key>
			<wp:meta_value><![CDATA[3]]></wp:meta_value>
		</wp:postmeta>
		<wp:postmeta>
			<wp:meta_key>address</wp:meta_key>
			<wp:meta_value><![CDATA[Champs-Elysées, Paris France]]></wp:meta_value>
		</wp:postmeta>
		<wp:postmeta>
			<wp:meta_key>discount</wp:meta_key>
			<wp:meta_value><![CDATA[10]]></wp:meta_value>
		</wp:postmeta>
		<wp:postmeta>
			<wp:meta_key>tours_program</wp:meta_key>
			<wp:meta_value><![CDATA[a:3:{i:0;a:2:{s:5:"title";s:5:"Day 1";s:4:"desc";s:259:"Aenean eu leo quam pellentesque ornare. Sem lacinia quam venenatis vestibulum. 
Donec ullamcorper nulla non metus auctor fringilla. 
Integer posuere erat a ante venenatis dapibus posuere velit aliquet. 
Nullam quis risus eget urna mollis ornare vel eu leo.";}i:1;a:2:{s:5:"title";s:5:"Day 2";s:4:"desc";s:309:"Integer posuere erat a ante venenatis dapibus posuere velit aliquet. 
Morbi leo risus, porta ac consectetur ac, vestibulum at eros. Cras mattis consectetur purus sit amet fermentum. 
Nullam quis risus eget urna mollis ornare vel eu leo. Vivamus sagittis lacus vel augue laoreet rutrum faucibus dolor auctor.";}i:2;a:2:{s:5:"title";s:5:"Day 3";s:4:"desc";s:330:"Sed posuere consectetur est at lobortis. 
Praesent commodo cursus magna, vel scelerisque nisl consectetur et. 
Nullam quis risus eget urna mollis ornare vel eu leo. Donec id elit non mi porta gravida at eget metus. 
Nullam id dolor id nibh ultricies vehicula ut id elit. Lorem ipsum dolor sit amet, consectetur adipiscing elit.";}}]]></wp:meta_value>
		</wp:postmeta>
		<wp:postmeta>
			<wp:meta_key>price_sale</wp:meta_key>
			<wp:meta_value><![CDATA[612]]></wp:meta_value>
		</wp:postmeta>
		<wp:postmeta>
			<wp:meta_key>is_sale_schedule</wp:meta_key>
			<wp:meta_value><![CDATA[off]]></wp:meta_value>
		</wp:postmeta>
		<wp:postmeta>
			<wp:meta_key>sale_price</wp:meta_key>
			<wp:meta_value><![CDATA[612]]></wp:meta_value>
		</wp:postmeta>
		<wp:postmeta>
			<wp:meta_key>check_in</wp:meta_key>
			<wp:meta_value><![CDATA[2015-03-17]]></wp:meta_value>
		</wp:postmeta>
		<wp:postmeta>
			<wp:meta_key>check_out</wp:meta_key>
			<wp:meta_value><![CDATA[2015-03-20]]></wp:meta_value>
		</wp:postmeta>
		<wp:postmeta>
			<wp:meta_key>_vc_post_settings</wp:meta_key>
			<wp:meta_value><![CDATA[a:2:{s:7:"vc_grid";a:0:{}s:10:"vc_grid_id";a:0:{}}]]></wp:meta_value>
		</wp:postmeta>
		<wp:comment>
			<wp:comment_id>148</wp:comment_id>
			<wp:comment_author><![CDATA[admin]]></wp:comment_author>
			<wp:comment_author_email>test@gmail.com</wp:comment_author_email>
			<wp:comment_author_url></wp:comment_author_url>
			<wp:comment_author_IP>14.162.141.134</wp:comment_author_IP>
			<wp:comment_date>2015-03-17 01:50:25</wp:comment_date>
			<wp:comment_date_gmt>2015-03-17 01:50:25</wp:comment_date_gmt>
			<wp:comment_content><![CDATA[Aenean eu leo quam pellentesque ornare. Sem lacinia quam venenatis vestibulum. Donec ullamcorper nulla non metus auctor fringilla. Integer posuere erat a ante venenatis dapibus posuere velit aliquet. Nullam quis risus eget urna mollis ornare vel eu leo.]]></wp:comment_content>
			<wp:comment_approved>1</wp:comment_approved>
			<wp:comment_type>st_reviews</wp:comment_type>
			<wp:comment_parent>0</wp:comment_parent>
			<wp:comment_user_id>1</wp:comment_user_id>
			<wp:commentmeta>
				<wp:meta_key>comment_rate</wp:meta_key>
				<wp:meta_value><![CDATA[4]]></wp:meta_value>
			</wp:commentmeta>
			<wp:commentmeta>
				<wp:meta_key>comment_title</wp:meta_key>
				<wp:meta_value><![CDATA[Good]]></wp:meta_value>
			</wp:commentmeta>
			<wp:commentmeta>
				<wp:meta_key> q</wp:meta_key>
				<wp:meta_value><![CDATA[4]]></wp:meta_value>
			</wp:commentmeta>
		</wp:comment>
	</item>
	<item>
		<title>Family Europe: London to Florence in 10 Days</title>
		<link>http://travelerdata.wpengine.com/st_tour/family-europe-london-to-florence-in-10-days/</link>
		<pubDate>Mon, 12 Jan 2015 08:21:16 +0000</pubDate>
		<dc:creator><![CDATA[admin]]></dc:creator>
		<guid isPermaLink="false">http://traveler.shinethemedev.com/wordpress/?post_type=st_tours&#038;p=1610</guid>
		<description></description>
		<content:encoded><![CDATA[]]></content:encoded>
		<excerpt:encoded><![CDATA[Varius massa maecenas et id dictumst mattis. Donec fringilla ac parturient posuere id phasellus erat elementum nullam lacus cursus rhoncus parturient vitae praesent quisque nascetur molestie quis]]></excerpt:encoded>
		<wp:post_id>1610</wp:post_id>
		<wp:post_date>2015-01-12 08:21:16</wp:post_date>
		<wp:post_date_gmt>2015-01-12 08:21:16</wp:post_date_gmt>
		<wp:comment_status>open</wp:comment_status>
		<wp:ping_status>open</wp:ping_status>
		<wp:post_name>family-europe-london-to-florence-in-10-days</wp:post_name>
		<wp:status>publish</wp:status>
		<wp:post_parent>0</wp:post_parent>
		<wp:menu_order>0</wp:menu_order>
		<wp:post_type>st_tours</wp:post_type>
		<wp:post_password></wp:post_password>
		<wp:is_sticky>0</wp:is_sticky>
		<category domain="st_tour_type" nicename="city-trips"><![CDATA[City trips]]></category>
		<category domain="st_tour_type" nicename="ecotourism"><![CDATA[Ecotourism]]></category>
		<category domain="st_tour_type" nicename="escorted-tour"><![CDATA[Escorted Tour]]></category>
		<category domain="st_tour_type" nicename="group-tour"><![CDATA[Group Tour]]></category>
		<category domain="st_tour_type" nicename="ligula"><![CDATA[Ligula]]></category>
		<wp:postmeta>
			<wp:meta_key>rate_review</wp:meta_key>
			<wp:meta_value><![CDATA[4]]></wp:meta_value>
		</wp:postmeta>
		<wp:postmeta>
			<wp:meta_key>rate_review</wp:meta_key>
			<wp:meta_value><![CDATA[4]]></wp:meta_value>
		</wp:postmeta>
		<wp:postmeta>
			<wp:meta_key>rate_review</wp:meta_key>
			<wp:meta_value><![CDATA[4]]></wp:meta_value>
		</wp:postmeta>
		<wp:postmeta>
			<wp:meta_key>_edit_last</wp:meta_key>
			<wp:meta_value><![CDATA[1]]></wp:meta_value>
		</wp:postmeta>
		<wp:postmeta>
			<wp:meta_key>_thumbnail_id</wp:meta_key>
			<wp:meta_value><![CDATA[5002]]></wp:meta_value>
		</wp:postmeta>
		<wp:postmeta>
			<wp:meta_key>is_featured</wp:meta_key>
			<wp:meta_value><![CDATA[on]]></wp:meta_value>
		</wp:postmeta>
		<wp:postmeta>
			<wp:meta_key>gallery_tyle</wp:meta_key>
			<wp:meta_value><![CDATA[grid]]></wp:meta_value>
		</wp:postmeta>
		<wp:postmeta>
			<wp:meta_key>id_location</wp:meta_key>
			<wp:meta_value><![CDATA[287]]></wp:meta_value>
		</wp:postmeta>
		<wp:postmeta>
			<wp:meta_key>gallery</wp:meta_key>
			<wp:meta_value><![CDATA[5010,5009,5008,5007,5002,5001,5000,4999]]></wp:meta_value>
		</wp:postmeta>
		<wp:postmeta>
			<wp:meta_key>contact_email</wp:meta_key>
			<wp:meta_value><![CDATA[abc@domain.com]]></wp:meta_value>
		</wp:postmeta>
		<wp:postmeta>
			<wp:meta_key>description</wp:meta_key>
			<wp:meta_value><![CDATA[All brand icons are trademarks of their respective owners.
The use of these trademarks does not indicate endorsement of the trademark holder by Font Awesome, nor vice versa.

]]></wp:meta_value>
		</wp:postmeta>
		<wp:postmeta>
			<wp:meta_key>post_views_count</wp:meta_key>
			<wp:meta_value><![CDATA[]]></wp:meta_value>
		</wp:postmeta>
		<wp:postmeta>
			<wp:meta_key>tour_min_price</wp:meta_key>
			<wp:meta_value><![CDATA[500]]></wp:meta_value>
		</wp:postmeta>
		<wp:postmeta>
			<wp:meta_key>min_price</wp:meta_key>
			<wp:meta_value><![CDATA[]]></wp:meta_value>
		</wp:postmeta>
		<wp:postmeta>
			<wp:meta_key>map_zoom</wp:meta_key>
			<wp:meta_value><![CDATA[13]]></wp:meta_value>
		</wp:postmeta>
		<wp:postmeta>
			<wp:meta_key>video</wp:meta_key>
			<wp:meta_value><![CDATA[https://www.youtube.com/watch?v=AmZ0WrEaf34]]></wp:meta_value>
		</wp:postmeta>
		<wp:postmeta>
			<wp:meta_key>gallery_style</wp:meta_key>
			<wp:meta_value><![CDATA[grid]]></wp:meta_value>
		</wp:postmeta>
		<wp:postmeta>
			<wp:meta_key>price</wp:meta_key>
			<wp:meta_value><![CDATA[1,126]]></wp:meta_value>
		</wp:postmeta>
		<wp:postmeta>
			<wp:meta_key>max_people</wp:meta_key>
			<wp:meta_value><![CDATA[10]]></wp:meta_value>
		</wp:postmeta>
		<wp:postmeta>
			<wp:meta_key>duration_day</wp:meta_key>
			<wp:meta_value><![CDATA[10]]></wp:meta_value>
		</wp:postmeta>
		<wp:postmeta>
			<wp:meta_key>address</wp:meta_key>
			<wp:meta_value><![CDATA[Champs-Elysées, Paris France]]></wp:meta_value>
		</wp:postmeta>
		<wp:postmeta>
			<wp:meta_key>map_lat</wp:meta_key>
			<wp:meta_value><![CDATA[48.871903]]></wp:meta_value>
		</wp:postmeta>
		<wp:postmeta>
			<wp:meta_key>map_lng</wp:meta_key>
			<wp:meta_value><![CDATA[2.303156]]></wp:meta_value>
		</wp:postmeta>
		<wp:postmeta>
			<wp:meta_key>tours_program</wp:meta_key>
			<wp:meta_value><![CDATA[a:3:{i:0;a:2:{s:5:"title";s:9:"Departure";s:4:"desc";s:137:"Aenean eu leo quam pellentesque ornare. 
Sem lacinia quam venenatis vestibulum. 
Donec ullamcorper nulla non metus auctor fringilla. 
";}i:1;a:2:{s:5:"title";s:10:"Activities";s:4:"desc";s:125:"Integer posuere erat a ante venenatis dapibus posuere velit aliquet. 
Nullam quis risus eget urna mollis ornare vel eu leo. ";}i:2;a:2:{s:5:"title";s:7:"Endings";s:4:"desc";s:137:"Aenean eu leo quam pellentesque ornare. 
Sem lacinia quam venenatis vestibulum. 
Donec ullamcorper nulla non metus auctor fringilla. 
";}}]]></wp:meta_value>
		</wp:postmeta>
		<wp:postmeta>
			<wp:meta_key>_dp_original</wp:meta_key>
			<wp:meta_value><![CDATA[1028]]></wp:meta_value>
		</wp:postmeta>
		<wp:postmeta>
			<wp:meta_key>st_custom_layout</wp:meta_key>
			<wp:meta_value><![CDATA[1118]]></wp:meta_value>
		</wp:postmeta>
		<wp:postmeta>
			<wp:meta_key>is_sale_schedule</wp:meta_key>
			<wp:meta_value><![CDATA[off]]></wp:meta_value>
		</wp:postmeta>
		<wp:postmeta>
			<wp:meta_key>sale_price</wp:meta_key>
			<wp:meta_value><![CDATA[1,126]]></wp:meta_value>
		</wp:postmeta>
		<wp:postmeta>
			<wp:meta_key>check_in</wp:meta_key>
			<wp:meta_value><![CDATA[2015-03-17]]></wp:meta_value>
		</wp:postmeta>
		<wp:postmeta>
			<wp:meta_key>check_out</wp:meta_key>
			<wp:meta_value><![CDATA[2015-03-18]]></wp:meta_value>
		</wp:postmeta>
		<wp:postmeta>
			<wp:meta_key>_vc_post_settings</wp:meta_key>
			<wp:meta_value><![CDATA[a:2:{s:7:"vc_grid";a:0:{}s:10:"vc_grid_id";a:0:{}}]]></wp:meta_value>
		</wp:postmeta>
		<wp:comment>
			<wp:comment_id>143</wp:comment_id>
			<wp:comment_author><![CDATA[admin]]></wp:comment_author>
			<wp:comment_author_email>test@gmail.com</wp:comment_author_email>
			<wp:comment_author_url></wp:comment_author_url>
			<wp:comment_author_IP>14.162.141.134</wp:comment_author_IP>
			<wp:comment_date>2015-03-17 01:36:48</wp:comment_date>
			<wp:comment_date_gmt>2015-03-17 01:36:48</wp:comment_date_gmt>
			<wp:comment_content><![CDATA[Aenean eu leo quam pellentesque ornare. Sem lacinia quam venenatis vestibulum. Donec ullamcorper nulla non metus auctor fringilla.]]></wp:comment_content>
			<wp:comment_approved>1</wp:comment_approved>
			<wp:comment_type>st_reviews</wp:comment_type>
			<wp:comment_parent>0</wp:comment_parent>
			<wp:comment_user_id>1</wp:comment_user_id>
			<wp:commentmeta>
				<wp:meta_key>comment_rate</wp:meta_key>
				<wp:meta_value><![CDATA[4]]></wp:meta_value>
			</wp:commentmeta>
			<wp:commentmeta>
				<wp:meta_key>comment_title</wp:meta_key>
				<wp:meta_value><![CDATA[Good]]></wp:meta_value>
			</wp:commentmeta>
			<wp:commentmeta>
				<wp:meta_key> q</wp:meta_key>
				<wp:meta_value><![CDATA[4]]></wp:meta_value>
			</wp:commentmeta>
		</wp:comment>
	</item>
	<item>
		<title>3-Day Loire Mer Extraordinaire</title>
		<link>http://travelerdata.wpengine.com/st_tour/3-day-loire-mer-extraordinaire/</link>
		<pubDate>Mon, 12 Jan 2015 08:31:10 +0000</pubDate>
		<dc:creator><![CDATA[admin]]></dc:creator>
		<guid isPermaLink="false">http://traveler.shinethemedev.com/wordpress/?post_type=st_tours&#038;p=1611</guid>
		<description></description>
		<content:encoded><![CDATA[]]></content:encoded>
		<excerpt:encoded><![CDATA[Varius massa maecenas et id dictumst mattis" Donec fringilla ac parturient posuere id phasellus erat elementum nullam lacus cursus rhoncus parturient vitae praesent quisque nascetur molestie quis quis Varius massa maecenas et id dictumst mattis" Donec fringilla ac parturient posuere id phasellus erat elementum nullam lacus cursus rhoncus parturient vitae praesent quisque nascetur molestie quis]]></excerpt:encoded>
		<wp:post_id>1611</wp:post_id>
		<wp:post_date>2015-01-12 08:31:10</wp:post_date>
		<wp:post_date_gmt>2015-01-12 08:31:10</wp:post_date_gmt>
		<wp:comment_status>open</wp:comment_status>
		<wp:ping_status>open</wp:ping_status>
		<wp:post_name>3-day-loire-mer-extraordinaire</wp:post_name>
		<wp:status>publish</wp:status>
		<wp:post_parent>0</wp:post_parent>
		<wp:menu_order>0</wp:menu_order>
		<wp:post_type>st_tours</wp:post_type>
		<wp:post_password></wp:post_password>
		<wp:is_sticky>0</wp:is_sticky>
		<category domain="st_tour_type" nicename="city-trips"><![CDATA[City trips]]></category>
		<category domain="st_tour_type" nicename="escorted-tour"><![CDATA[Escorted Tour]]></category>
		<category domain="st_tour_type" nicename="group-tour"><![CDATA[Group Tour]]></category>
		<category domain="st_tour_type" nicename="hosted-tours"><![CDATA[Hosted tours]]></category>
		<category domain="st_tour_type" nicename="ligula"><![CDATA[Ligula]]></category>
		<wp:postmeta>
			<wp:meta_key>rate_review</wp:meta_key>
			<wp:meta_value><![CDATA[5]]></wp:meta_value>
		</wp:postmeta>
		<wp:postmeta>
			<wp:meta_key>rate_review</wp:meta_key>
			<wp:meta_value><![CDATA[5]]></wp:meta_value>
		</wp:postmeta>
		<wp:postmeta>
			<wp:meta_key>rate_review</wp:meta_key>
			<wp:meta_value><![CDATA[5]]></wp:meta_value>
		</wp:postmeta>
		<wp:postmeta>
			<wp:meta_key>rate_review</wp:meta_key>
			<wp:meta_value><![CDATA[5]]></wp:meta_value>
		</wp:postmeta>
		<wp:postmeta>
			<wp:meta_key>_edit_last</wp:meta_key>
			<wp:meta_value><![CDATA[1]]></wp:meta_value>
		</wp:postmeta>
		<wp:postmeta>
			<wp:meta_key>is_featured</wp:meta_key>
			<wp:meta_value><![CDATA[on]]></wp:meta_value>
		</wp:postmeta>
		<wp:postmeta>
			<wp:meta_key>gallery_tyle</wp:meta_key>
			<wp:meta_value><![CDATA[grid]]></wp:meta_value>
		</wp:postmeta>
		<wp:postmeta>
			<wp:meta_key>id_location</wp:meta_key>
			<wp:meta_value><![CDATA[287]]></wp:meta_value>
		</wp:postmeta>
		<wp:postmeta>
			<wp:meta_key>gallery</wp:meta_key>
			<wp:meta_value><![CDATA[5007,5008,5009,5010,5002,5001,5000,4999]]></wp:meta_value>
		</wp:postmeta>
		<wp:postmeta>
			<wp:meta_key>contact_email</wp:meta_key>
			<wp:meta_value><![CDATA[abc@domain.com]]></wp:meta_value>
		</wp:postmeta>
		<wp:postmeta>
			<wp:meta_key>description</wp:meta_key>
			<wp:meta_value><![CDATA[All brand icons are trademarks of their respective owners.
The use of these trademarks does not indicate endorsement of the trademark holder by Font Awesome, nor vice versa.

]]></wp:meta_value>
		</wp:postmeta>
		<wp:postmeta>
			<wp:meta_key>map_zoom</wp:meta_key>
			<wp:meta_value><![CDATA[13]]></wp:meta_value>
		</wp:postmeta>
		<wp:postmeta>
			<wp:meta_key>gallery_style</wp:meta_key>
			<wp:meta_value><![CDATA[grid]]></wp:meta_value>
		</wp:postmeta>
		<wp:postmeta>
			<wp:meta_key>map_lat</wp:meta_key>
			<wp:meta_value><![CDATA[48.871903]]></wp:meta_value>
		</wp:postmeta>
		<wp:postmeta>
			<wp:meta_key>map_lng</wp:meta_key>
			<wp:meta_value><![CDATA[2.303156]]></wp:meta_value>
		</wp:postmeta>
		<wp:postmeta>
			<wp:meta_key>video</wp:meta_key>
			<wp:meta_value><![CDATA[https://www.youtube.com/watch?v=AmZ0WrEaf34]]></wp:meta_value>
		</wp:postmeta>
		<wp:postmeta>
			<wp:meta_key>post_views_count</wp:meta_key>
			<wp:meta_value><![CDATA[]]></wp:meta_value>
		</wp:postmeta>
		<wp:postmeta>
			<wp:meta_key>min_price</wp:meta_key>
			<wp:meta_value><![CDATA[]]></wp:meta_value>
		</wp:postmeta>
		<wp:postmeta>
			<wp:meta_key>price</wp:meta_key>
			<wp:meta_value><![CDATA[580]]></wp:meta_value>
		</wp:postmeta>
		<wp:postmeta>
			<wp:meta_key>max_people</wp:meta_key>
			<wp:meta_value><![CDATA[6]]></wp:meta_value>
		</wp:postmeta>
		<wp:postmeta>
			<wp:meta_key>duration_day</wp:meta_key>
			<wp:meta_value><![CDATA[3]]></wp:meta_value>
		</wp:postmeta>
		<wp:postmeta>
			<wp:meta_key>address</wp:meta_key>
			<wp:meta_value><![CDATA[Champs-Elysées, 8ème 5 rue de Berri 75008 Paris France]]></wp:meta_value>
		</wp:postmeta>
		<wp:postmeta>
			<wp:meta_key>discount</wp:meta_key>
			<wp:meta_value><![CDATA[10]]></wp:meta_value>
		</wp:postmeta>
		<wp:postmeta>
			<wp:meta_key>price_sale</wp:meta_key>
			<wp:meta_value><![CDATA[522]]></wp:meta_value>
		</wp:postmeta>
		<wp:postmeta>
			<wp:meta_key>tours_program</wp:meta_key>
			<wp:meta_value><![CDATA[a:3:{i:0;a:2:{s:5:"title";s:5:"Day 1";s:4:"desc";s:135:"Aenean eu leo quam pellentesque ornare. 
Sem lacinia quam venenatis vestibulum. 
Donec ullamcorper nulla non metus auctor fringilla. ";}i:1;a:2:{s:5:"title";s:5:"Day 2";s:4:"desc";s:125:"Integer posuere erat a ante venenatis dapibus posuere velit aliquet. 
Nullam quis risus eget urna mollis ornare vel eu leo. ";}i:2;a:2:{s:5:"title";s:5:"Day 3";s:4:"desc";s:135:"Aenean eu leo quam pellentesque ornare. 
Sem lacinia quam venenatis vestibulum. 
Donec ullamcorper nulla non metus auctor fringilla. ";}}]]></wp:meta_value>
		</wp:postmeta>
		<wp:postmeta>
			<wp:meta_key>_dp_original</wp:meta_key>
			<wp:meta_value><![CDATA[1030]]></wp:meta_value>
		</wp:postmeta>
		<wp:postmeta>
			<wp:meta_key>st_custom_layout</wp:meta_key>
			<wp:meta_value><![CDATA[4542]]></wp:meta_value>
		</wp:postmeta>
		<wp:postmeta>
			<wp:meta_key>is_sale_schedule</wp:meta_key>
			<wp:meta_value><![CDATA[off]]></wp:meta_value>
		</wp:postmeta>
		<wp:postmeta>
			<wp:meta_key>_alp_processed</wp:meta_key>
			<wp:meta_value><![CDATA[1423032309]]></wp:meta_value>
		</wp:postmeta>
		<wp:postmeta>
			<wp:meta_key>sale_price</wp:meta_key>
			<wp:meta_value><![CDATA[522]]></wp:meta_value>
		</wp:postmeta>
		<wp:postmeta>
			<wp:meta_key>check_in</wp:meta_key>
			<wp:meta_value><![CDATA[2015-03-17]]></wp:meta_value>
		</wp:postmeta>
		<wp:postmeta>
			<wp:meta_key>check_out</wp:meta_key>
			<wp:meta_value><![CDATA[2015-03-20]]></wp:meta_value>
		</wp:postmeta>
		<wp:postmeta>
			<wp:meta_key>_thumbnail_id</wp:meta_key>
			<wp:meta_value><![CDATA[5008]]></wp:meta_value>
		</wp:postmeta>
		<wp:postmeta>
			<wp:meta_key>_vc_post_settings</wp:meta_key>
			<wp:meta_value><![CDATA[a:2:{s:7:"vc_grid";a:0:{}s:10:"vc_grid_id";a:0:{}}]]></wp:meta_value>
		</wp:postmeta>
		<wp:comment>
			<wp:comment_id>149</wp:comment_id>
			<wp:comment_author><![CDATA[admin]]></wp:comment_author>
			<wp:comment_author_email>test@gmail.com</wp:comment_author_email>
			<wp:comment_author_url></wp:comment_author_url>
			<wp:comment_author_IP>14.162.141.134</wp:comment_author_IP>
			<wp:comment_date>2015-03-17 01:52:21</wp:comment_date>
			<wp:comment_date_gmt>2015-03-17 01:52:21</wp:comment_date_gmt>
			<wp:comment_content><![CDATA[Aenean eu leo quam pellentesque ornare. Sem lacinia quam venenatis vestibulum. Donec ullamcorper nulla non metus auctor fringilla.]]></wp:comment_content>
			<wp:comment_approved>1</wp:comment_approved>
			<wp:comment_type>st_reviews</wp:comment_type>
			<wp:comment_parent>0</wp:comment_parent>
			<wp:comment_user_id>1</wp:comment_user_id>
			<wp:commentmeta>
				<wp:meta_key>comment_rate</wp:meta_key>
				<wp:meta_value><![CDATA[5]]></wp:meta_value>
			</wp:commentmeta>
			<wp:commentmeta>
				<wp:meta_key>comment_title</wp:meta_key>
				<wp:meta_value><![CDATA[Very Good]]></wp:meta_value>
			</wp:commentmeta>
			<wp:commentmeta>
				<wp:meta_key> q</wp:meta_key>
				<wp:meta_value><![CDATA[5]]></wp:meta_value>
			</wp:commentmeta>
		</wp:comment>
	</item>
	<item>
		<title>River Cruise Tour on the Seine</title>
		<link>http://travelerdata.wpengine.com/st_tour/river-cruise-tour-on-the-seine/</link>
		<pubDate>Mon, 12 Jan 2015 08:29:48 +0000</pubDate>
		<dc:creator><![CDATA[admin]]></dc:creator>
		<guid isPermaLink="false">http://traveler.shinethemedev.com/wordpress/?post_type=st_tours&#038;p=1612</guid>
		<description></description>
		<content:encoded><![CDATA[]]></content:encoded>
		<excerpt:encoded><![CDATA[Varius massa maecenas et id dictumst mattis. Donec fringilla ac parturient posuere id phasellus erat elementum nullam lacus cursus rhoncus parturient vitae praesent quisque nascetur molestie quis]]></excerpt:encoded>
		<wp:post_id>1612</wp:post_id>
		<wp:post_date>2015-01-12 08:29:48</wp:post_date>
		<wp:post_date_gmt>2015-01-12 08:29:48</wp:post_date_gmt>
		<wp:comment_status>open</wp:comment_status>
		<wp:ping_status>open</wp:ping_status>
		<wp:post_name>river-cruise-tour-on-the-seine</wp:post_name>
		<wp:status>publish</wp:status>
		<wp:post_parent>0</wp:post_parent>
		<wp:menu_order>0</wp:menu_order>
		<wp:post_type>st_tours</wp:post_type>
		<wp:post_password></wp:post_password>
		<wp:is_sticky>0</wp:is_sticky>
		<category domain="st_tour_type" nicename="city-trips"><![CDATA[City trips]]></category>
		<category domain="st_tour_type" nicename="escorted-tour"><![CDATA[Escorted Tour]]></category>
		<category domain="st_tour_type" nicename="group-tour"><![CDATA[Group Tour]]></category>
		<category domain="st_tour_type" nicename="hosted-tours"><![CDATA[Hosted tours]]></category>
		<category domain="st_tour_type" nicename="ligula"><![CDATA[Ligula]]></category>
		<wp:postmeta>
			<wp:meta_key>rate_review</wp:meta_key>
			<wp:meta_value><![CDATA[5]]></wp:meta_value>
		</wp:postmeta>
		<wp:postmeta>
			<wp:meta_key>rate_review</wp:meta_key>
			<wp:meta_value><![CDATA[5]]></wp:meta_value>
		</wp:postmeta>
		<wp:postmeta>
			<wp:meta_key>rate_review</wp:meta_key>
			<wp:meta_value><![CDATA[5]]></wp:meta_value>
		</wp:postmeta>
		<wp:postmeta>
			<wp:meta_key>rate_review</wp:meta_key>
			<wp:meta_value><![CDATA[5]]></wp:meta_value>
		</wp:postmeta>
		<wp:postmeta>
			<wp:meta_key>_edit_last</wp:meta_key>
			<wp:meta_value><![CDATA[1]]></wp:meta_value>
		</wp:postmeta>
		<wp:postmeta>
			<wp:meta_key>is_featured</wp:meta_key>
			<wp:meta_value><![CDATA[off]]></wp:meta_value>
		</wp:postmeta>
		<wp:postmeta>
			<wp:meta_key>gallery_tyle</wp:meta_key>
			<wp:meta_value><![CDATA[grid]]></wp:meta_value>
		</wp:postmeta>
		<wp:postmeta>
			<wp:meta_key>id_location</wp:meta_key>
			<wp:meta_value><![CDATA[287]]></wp:meta_value>
		</wp:postmeta>
		<wp:postmeta>
			<wp:meta_key>gallery</wp:meta_key>
			<wp:meta_value><![CDATA[5010,5009,5008,5007,5001,5002,5000,4999]]></wp:meta_value>
		</wp:postmeta>
		<wp:postmeta>
			<wp:meta_key>contact_email</wp:meta_key>
			<wp:meta_value><![CDATA[abc@domain.com]]></wp:meta_value>
		</wp:postmeta>
		<wp:postmeta>
			<wp:meta_key>description</wp:meta_key>
			<wp:meta_value><![CDATA[All brand icons are trademarks of their respective owners.
The use of these trademarks does not indicate endorsement of the trademark holder by Font Awesome, nor vice versa.

]]></wp:meta_value>
		</wp:postmeta>
		<wp:postmeta>
			<wp:meta_key>map_zoom</wp:meta_key>
			<wp:meta_value><![CDATA[13]]></wp:meta_value>
		</wp:postmeta>
		<wp:postmeta>
			<wp:meta_key>gallery_style</wp:meta_key>
			<wp:meta_value><![CDATA[grid]]></wp:meta_value>
		</wp:postmeta>
		<wp:postmeta>
			<wp:meta_key>map_lat</wp:meta_key>
			<wp:meta_value><![CDATA[48.871903]]></wp:meta_value>
		</wp:postmeta>
		<wp:postmeta>
			<wp:meta_key>map_lng</wp:meta_key>
			<wp:meta_value><![CDATA[2.303156]]></wp:meta_value>
		</wp:postmeta>
		<wp:postmeta>
			<wp:meta_key>video</wp:meta_key>
			<wp:meta_value><![CDATA[https://www.youtube.com/watch?v=dSnCo7XVWO8]]></wp:meta_value>
		</wp:postmeta>
		<wp:postmeta>
			<wp:meta_key>min_price</wp:meta_key>
			<wp:meta_value><![CDATA[]]></wp:meta_value>
		</wp:postmeta>
		<wp:postmeta>
			<wp:meta_key>post_views_count</wp:meta_key>
			<wp:meta_value><![CDATA[]]></wp:meta_value>
		</wp:postmeta>
		<wp:postmeta>
			<wp:meta_key>price</wp:meta_key>
			<wp:meta_value><![CDATA[470]]></wp:meta_value>
		</wp:postmeta>
		<wp:postmeta>
			<wp:meta_key>max_people</wp:meta_key>
			<wp:meta_value><![CDATA[4]]></wp:meta_value>
		</wp:postmeta>
		<wp:postmeta>
			<wp:meta_key>duration_day</wp:meta_key>
			<wp:meta_value><![CDATA[3]]></wp:meta_value>
		</wp:postmeta>
		<wp:postmeta>
			<wp:meta_key>address</wp:meta_key>
			<wp:meta_value><![CDATA[Champs-Elysée, Paris France]]></wp:meta_value>
		</wp:postmeta>
		<wp:postmeta>
			<wp:meta_key>tours_program</wp:meta_key>
			<wp:meta_value><![CDATA[a:5:{i:0;a:2:{s:5:"title";s:15:"Transportation ";s:4:"desc";s:45:"Air, sea, road, rail etc to/from destination ";}i:1;a:2:{s:5:"title";s:13:"Accommodation";s:4:"desc";s:31:"Hotels, guest houses, cottages.";}i:2;a:2:{s:5:"title";s:6:"Meals ";s:4:"desc";s:36:"Breakfast, half board and full board";}i:3;a:2:{s:5:"title";s:23:"Supplementary services ";s:4:"desc";s:42:"events, city sight seeing, theme evenings.";}i:4;a:2:{s:5:"title";s:9:"Insurance";s:4:"desc";s:28:"and other ancillary service.";}}]]></wp:meta_value>
		</wp:postmeta>
		<wp:postmeta>
			<wp:meta_key>_dp_original</wp:meta_key>
			<wp:meta_value><![CDATA[1029]]></wp:meta_value>
		</wp:postmeta>
		<wp:postmeta>
			<wp:meta_key>st_custom_layout</wp:meta_key>
			<wp:meta_value><![CDATA[1118]]></wp:meta_value>
		</wp:postmeta>
		<wp:postmeta>
			<wp:meta_key>is_sale_schedule</wp:meta_key>
			<wp:meta_value><![CDATA[off]]></wp:meta_value>
		</wp:postmeta>
		<wp:postmeta>
			<wp:meta_key>sale_price</wp:meta_key>
			<wp:meta_value><![CDATA[470]]></wp:meta_value>
		</wp:postmeta>
		<wp:postmeta>
			<wp:meta_key>check_in</wp:meta_key>
			<wp:meta_value><![CDATA[2015-03-20]]></wp:meta_value>
		</wp:postmeta>
		<wp:postmeta>
			<wp:meta_key>check_out</wp:meta_key>
			<wp:meta_value><![CDATA[2015-03-28]]></wp:meta_value>
		</wp:postmeta>
		<wp:postmeta>
			<wp:meta_key>_thumbnail_id</wp:meta_key>
			<wp:meta_value><![CDATA[4999]]></wp:meta_value>
		</wp:postmeta>
		<wp:postmeta>
			<wp:meta_key>_vc_post_settings</wp:meta_key>
			<wp:meta_value><![CDATA[a:2:{s:7:"vc_grid";a:0:{}s:10:"vc_grid_id";a:0:{}}]]></wp:meta_value>
		</wp:postmeta>
		<wp:comment>
			<wp:comment_id>150</wp:comment_id>
			<wp:comment_author><![CDATA[admin]]></wp:comment_author>
			<wp:comment_author_email>test@gmail.com</wp:comment_author_email>
			<wp:comment_author_url></wp:comment_author_url>
			<wp:comment_author_IP>14.162.141.134</wp:comment_author_IP>
			<wp:comment_date>2015-03-17 01:52:55</wp:comment_date>
			<wp:comment_date_gmt>2015-03-17 01:52:55</wp:comment_date_gmt>
			<wp:comment_content><![CDATA[Air, sea, road, rail etc to/from destination Varius massa maecenas et id dictumst mattis. Donec fringilla ac parturient posuere id phasellus erat elementum nullam lacus cursus rhoncus parturient vitae praesent quisque nascetur molestie quis]]></wp:comment_content>
			<wp:comment_approved>1</wp:comment_approved>
			<wp:comment_type>st_reviews</wp:comment_type>
			<wp:comment_parent>0</wp:comment_parent>
			<wp:comment_user_id>1</wp:comment_user_id>
			<wp:commentmeta>
				<wp:meta_key>comment_rate</wp:meta_key>
				<wp:meta_value><![CDATA[5]]></wp:meta_value>
			</wp:commentmeta>
			<wp:commentmeta>
				<wp:meta_key>comment_title</wp:meta_key>
				<wp:meta_value><![CDATA[Good]]></wp:meta_value>
			</wp:commentmeta>
			<wp:commentmeta>
				<wp:meta_key> q</wp:meta_key>
				<wp:meta_value><![CDATA[5]]></wp:meta_value>
			</wp:commentmeta>
		</wp:comment>
	</item>
	<item>
		<title>Trip of New York - Discover America</title>
		<link>http://travelerdata.wpengine.com/st_tour/trip-of-new-york-discover-america/</link>
		<pubDate>Mon, 12 Jan 2015 08:37:16 +0000</pubDate>
		<dc:creator><![CDATA[admin]]></dc:creator>
		<guid isPermaLink="false">http://traveler.shinethemedev.com/wordpress/?post_type=st_tours&#038;p=1613</guid>
		<description></description>
		<content:encoded><![CDATA[]]></content:encoded>
		<excerpt:encoded><![CDATA[Arius massa maecenas et id dictumst mattis. Donec fringilla ac parturient posuere id phasellus erat elementum nullam lacus cursus rhoncus parturient vitae praesent quisque nascetur molestie quis]]></excerpt:encoded>
		<wp:post_id>1613</wp:post_id>
		<wp:post_date>2015-01-12 08:37:16</wp:post_date>
		<wp:post_date_gmt>2015-01-12 08:37:16</wp:post_date_gmt>
		<wp:comment_status>open</wp:comment_status>
		<wp:ping_status>open</wp:ping_status>
		<wp:post_name>trip-of-new-york-discover-america</wp:post_name>
		<wp:status>publish</wp:status>
		<wp:post_parent>0</wp:post_parent>
		<wp:menu_order>0</wp:menu_order>
		<wp:post_type>st_tours</wp:post_type>
		<wp:post_password></wp:post_password>
		<wp:is_sticky>0</wp:is_sticky>
		<category domain="st_tour_type" nicename="city-trips"><![CDATA[City trips]]></category>
		<category domain="st_tour_type" nicename="ecotourism"><![CDATA[Ecotourism]]></category>
		<category domain="st_tour_type" nicename="group-tour"><![CDATA[Group Tour]]></category>
		<category domain="st_tour_type" nicename="hosted-tours"><![CDATA[Hosted tours]]></category>
		<category domain="st_tour_type" nicename="ligula"><![CDATA[Ligula]]></category>
		<wp:postmeta>
			<wp:meta_key>rate_review</wp:meta_key>
			<wp:meta_value><![CDATA[4]]></wp:meta_value>
		</wp:postmeta>
		<wp:postmeta>
			<wp:meta_key>rate_review</wp:meta_key>
			<wp:meta_value><![CDATA[4]]></wp:meta_value>
		</wp:postmeta>
		<wp:postmeta>
			<wp:meta_key>rate_review</wp:meta_key>
			<wp:meta_value><![CDATA[4]]></wp:meta_value>
		</wp:postmeta>
		<wp:postmeta>
			<wp:meta_key>rate_review</wp:meta_key>
			<wp:meta_value><![CDATA[4]]></wp:meta_value>
		</wp:postmeta>
		<wp:postmeta>
			<wp:meta_key>_edit_last</wp:meta_key>
			<wp:meta_value><![CDATA[1]]></wp:meta_value>
		</wp:postmeta>
		<wp:postmeta>
			<wp:meta_key>_thumbnail_id</wp:meta_key>
			<wp:meta_value><![CDATA[5002]]></wp:meta_value>
		</wp:postmeta>
		<wp:postmeta>
			<wp:meta_key>is_featured</wp:meta_key>
			<wp:meta_value><![CDATA[off]]></wp:meta_value>
		</wp:postmeta>
		<wp:postmeta>
			<wp:meta_key>gallery_tyle</wp:meta_key>
			<wp:meta_value><![CDATA[grid]]></wp:meta_value>
		</wp:postmeta>
		<wp:postmeta>
			<wp:meta_key>id_location</wp:meta_key>
			<wp:meta_value><![CDATA[275]]></wp:meta_value>
		</wp:postmeta>
		<wp:postmeta>
			<wp:meta_key>gallery</wp:meta_key>
			<wp:meta_value><![CDATA[5002,5001,5000,4999]]></wp:meta_value>
		</wp:postmeta>
		<wp:postmeta>
			<wp:meta_key>contact_email</wp:meta_key>
			<wp:meta_value><![CDATA[abc@domain.com]]></wp:meta_value>
		</wp:postmeta>
		<wp:postmeta>
			<wp:meta_key>description</wp:meta_key>
			<wp:meta_value><![CDATA[All brand icons are trademarks of their respective owners.
The use of these trademarks does not indicate endorsement of the trademark holder by Font Awesome, nor vice versa.

]]></wp:meta_value>
		</wp:postmeta>
		<wp:postmeta>
			<wp:meta_key>post_views_count</wp:meta_key>
			<wp:meta_value><![CDATA[]]></wp:meta_value>
		</wp:postmeta>
		<wp:postmeta>
			<wp:meta_key>map_lat</wp:meta_key>
			<wp:meta_value><![CDATA[48.871903]]></wp:meta_value>
		</wp:postmeta>
		<wp:postmeta>
			<wp:meta_key>map_lng</wp:meta_key>
			<wp:meta_value><![CDATA[-1.540946]]></wp:meta_value>
		</wp:postmeta>
		<wp:postmeta>
			<wp:meta_key>map_zoom</wp:meta_key>
			<wp:meta_value><![CDATA[13]]></wp:meta_value>
		</wp:postmeta>
		<wp:postmeta>
			<wp:meta_key>gallery_style</wp:meta_key>
			<wp:meta_value><![CDATA[grid]]></wp:meta_value>
		</wp:postmeta>
		<wp:postmeta>
			<wp:meta_key>min_price</wp:meta_key>
			<wp:meta_value><![CDATA[]]></wp:meta_value>
		</wp:postmeta>
		<wp:postmeta>
			<wp:meta_key>st_custom_layout</wp:meta_key>
			<wp:meta_value><![CDATA[1118]]></wp:meta_value>
		</wp:postmeta>
		<wp:postmeta>
			<wp:meta_key>price</wp:meta_key>
			<wp:meta_value><![CDATA[559]]></wp:meta_value>
		</wp:postmeta>
		<wp:postmeta>
			<wp:meta_key>max_people</wp:meta_key>
			<wp:meta_value><![CDATA[6]]></wp:meta_value>
		</wp:postmeta>
		<wp:postmeta>
			<wp:meta_key>duration_day</wp:meta_key>
			<wp:meta_value><![CDATA[4]]></wp:meta_value>
		</wp:postmeta>
		<wp:postmeta>
			<wp:meta_key>address</wp:meta_key>
			<wp:meta_value><![CDATA[Avenue of the Americas, New York.]]></wp:meta_value>
		</wp:postmeta>
		<wp:postmeta>
			<wp:meta_key>tours_program</wp:meta_key>
			<wp:meta_value><![CDATA[a:4:{i:0;a:2:{s:5:"title";s:5:"Day 1";s:4:"desc";s:253:"Aenean eu leo quam pellentesque ornare. Sem lacinia quam venenatis vestibulum. Donec ullamcorper nulla non metus auctor fringilla. Integer posuere erat a ante venenatis dapibus posuere velit aliquet. Nullam quis risus eget urna mollis ornare vel eu leo.";}i:1;a:2:{s:5:"title";s:5:"Day 2";s:4:"desc";s:253:"Aenean eu leo quam pellentesque ornare. Sem lacinia quam venenatis vestibulum. Donec ullamcorper nulla non metus auctor fringilla. Integer posuere erat a ante venenatis dapibus posuere velit aliquet. Nullam quis risus eget urna mollis ornare vel eu leo.";}i:2;a:2:{s:5:"title";s:5:"Day 3";s:4:"desc";s:253:"Aenean eu leo quam pellentesque ornare. Sem lacinia quam venenatis vestibulum. Donec ullamcorper nulla non metus auctor fringilla. Integer posuere erat a ante venenatis dapibus posuere velit aliquet. Nullam quis risus eget urna mollis ornare vel eu leo.";}i:3;a:2:{s:5:"title";s:5:"Day 4";s:4:"desc";s:253:"Aenean eu leo quam pellentesque ornare. Sem lacinia quam venenatis vestibulum. Donec ullamcorper nulla non metus auctor fringilla. Integer posuere erat a ante venenatis dapibus posuere velit aliquet. Nullam quis risus eget urna mollis ornare vel eu leo.";}}]]></wp:meta_value>
		</wp:postmeta>
		<wp:postmeta>
			<wp:meta_key>video</wp:meta_key>
			<wp:meta_value><![CDATA[https://www.youtube.com/watch?v=lf4ZoAJsgnk]]></wp:meta_value>
		</wp:postmeta>
		<wp:postmeta>
			<wp:meta_key>_dp_original</wp:meta_key>
			<wp:meta_value><![CDATA[1031]]></wp:meta_value>
		</wp:postmeta>
		<wp:postmeta>
			<wp:meta_key>_alp_processed</wp:meta_key>
			<wp:meta_value><![CDATA[1423026227]]></wp:meta_value>
		</wp:postmeta>
		<wp:postmeta>
			<wp:meta_key>is_sale_schedule</wp:meta_key>
			<wp:meta_value><![CDATA[off]]></wp:meta_value>
		</wp:postmeta>
		<wp:postmeta>
			<wp:meta_key>check_in</wp:meta_key>
			<wp:meta_value><![CDATA[2015-02-12]]></wp:meta_value>
		</wp:postmeta>
		<wp:postmeta>
			<wp:meta_key>check_out</wp:meta_key>
			<wp:meta_value><![CDATA[2015-02-18]]></wp:meta_value>
		</wp:postmeta>
		<wp:postmeta>
			<wp:meta_key>sale_price</wp:meta_key>
			<wp:meta_value><![CDATA[559]]></wp:meta_value>
		</wp:postmeta>
		<wp:postmeta>
			<wp:meta_key>_vc_post_settings</wp:meta_key>
			<wp:meta_value><![CDATA[a:2:{s:7:"vc_grid";a:0:{}s:10:"vc_grid_id";a:0:{}}]]></wp:meta_value>
		</wp:postmeta>
		<wp:comment>
			<wp:comment_id>194</wp:comment_id>
			<wp:comment_author><![CDATA[admin]]></wp:comment_author>
			<wp:comment_author_email>test@gmail.com</wp:comment_author_email>
			<wp:comment_author_url></wp:comment_author_url>
			<wp:comment_author_IP>14.162.141.134</wp:comment_author_IP>
			<wp:comment_date>2015-03-18 02:56:44</wp:comment_date>
			<wp:comment_date_gmt>2015-03-18 02:56:44</wp:comment_date_gmt>
			<wp:comment_content><![CDATA[Augue orci suscipit eros ultrices curae nulla bibendum euismod himenaeos vestibulum posuere cursus tellus nisl luctus a quam quisque elementum Ridiculus nisl cum fusce vel mi viverra non malesuada congue volutpat integer torquent libero imperdiet nam commodo cubilia tincidunt lacus nec et praesent suscipit faucibus lectus netus dapibus quis purus primis eget torquent ridiculus sollicitudin himenaeos diam nostra dapibus lectus netus tellus interdum risus netus nunc sagittis eleifend curabitur magnis aenean curabitur pulvinar morbi fusce himenaeos fringilla in leo eleifend imperdiet consectetur natoque netus tempus faucibus lacinia]]></wp:comment_content>
			<wp:comment_approved>1</wp:comment_approved>
			<wp:comment_type>st_reviews</wp:comment_type>
			<wp:comment_parent>0</wp:comment_parent>
			<wp:comment_user_id>1</wp:comment_user_id>
			<wp:commentmeta>
				<wp:meta_key>comment_rate</wp:meta_key>
				<wp:meta_value><![CDATA[4]]></wp:meta_value>
			</wp:commentmeta>
			<wp:commentmeta>
				<wp:meta_key>comment_title</wp:meta_key>
				<wp:meta_value><![CDATA[Very Good]]></wp:meta_value>
			</wp:commentmeta>
			<wp:commentmeta>
				<wp:meta_key> q</wp:meta_key>
				<wp:meta_value><![CDATA[4]]></wp:meta_value>
			</wp:commentmeta>
			<wp:commentmeta>
				<wp:meta_key>_user_liked</wp:meta_key>
				<wp:meta_value><![CDATA[a:1:{s:6:"user-1";i:1;}]]></wp:meta_value>
			</wp:commentmeta>
			<wp:commentmeta>
				<wp:meta_key>_comment_like_count</wp:meta_key>
				<wp:meta_value><![CDATA[1]]></wp:meta_value>
			</wp:commentmeta>
		</wp:comment>
		<wp:comment>
			<wp:comment_id>195</wp:comment_id>
			<wp:comment_author><![CDATA[admin]]></wp:comment_author>
			<wp:comment_author_email>test@gmail.com</wp:comment_author_email>
			<wp:comment_author_url></wp:comment_author_url>
			<wp:comment_author_IP>14.162.141.134</wp:comment_author_IP>
			<wp:comment_date>2015-03-18 02:57:25</wp:comment_date>
			<wp:comment_date_gmt>2015-03-18 02:57:25</wp:comment_date_gmt>
			<wp:comment_content><![CDATA[Augue orci suscipit eros ultrices curae nulla bibendum euismod himenaeos vestibulum posuere cursus tellus nisl luctus a quam quisque elementum Ridiculus nisl cum fusce vel mi viverra non malesuada congue volutpat integer torquent libero imperdiet nam commodo cubilia tincidunt lacus nec et praesent suscipit faucibus lectus netus dapibus quis purus primis eget torquent ridiculus sollicitudin \]]></wp:comment_content>
			<wp:comment_approved>1</wp:comment_approved>
			<wp:comment_type>st_reviews</wp:comment_type>
			<wp:comment_parent>0</wp:comment_parent>
			<wp:comment_user_id>1</wp:comment_user_id>
			<wp:commentmeta>
				<wp:meta_key>comment_rate</wp:meta_key>
				<wp:meta_value><![CDATA[4]]></wp:meta_value>
			</wp:commentmeta>
			<wp:commentmeta>
				<wp:meta_key>comment_title</wp:meta_key>
				<wp:meta_value><![CDATA[Good]]></wp:meta_value>
			</wp:commentmeta>
			<wp:commentmeta>
				<wp:meta_key> q</wp:meta_key>
				<wp:meta_value><![CDATA[4]]></wp:meta_value>
			</wp:commentmeta>
		</wp:comment>
	</item>
	<item>
		<title>Cannes and Antibes Night Tour</title>
		<link>http://travelerdata.wpengine.com/st_tour/cannes-and-antibes-night-tour/</link>
		<pubDate>Mon, 12 Jan 2015 08:28:52 +0000</pubDate>
		<dc:creator><![CDATA[admin]]></dc:creator>
		<guid isPermaLink="false">http://traveler.shinethemedev.com/wordpress/?post_type=st_tours&#038;p=1614</guid>
		<description></description>
		<content:encoded><![CDATA[]]></content:encoded>
		<excerpt:encoded><![CDATA[Marius massa maecenas et id dictumst mattis" Donec fringilla ac parturient posuere id phasellus erat elementum nullam lacus cursus rhoncus parturient vitae praesent quisque nascetur molestie quis]]></excerpt:encoded>
		<wp:post_id>1614</wp:post_id>
		<wp:post_date>2015-01-12 08:28:52</wp:post_date>
		<wp:post_date_gmt>2015-01-12 08:28:52</wp:post_date_gmt>
		<wp:comment_status>open</wp:comment_status>
		<wp:ping_status>open</wp:ping_status>
		<wp:post_name>cannes-and-antibes-night-tour</wp:post_name>
		<wp:status>publish</wp:status>
		<wp:post_parent>0</wp:post_parent>
		<wp:menu_order>0</wp:menu_order>
		<wp:post_type>st_tours</wp:post_type>
		<wp:post_password></wp:post_password>
		<wp:is_sticky>0</wp:is_sticky>
		<category domain="st_tour_type" nicename="city-trips"><![CDATA[City trips]]></category>
		<category domain="st_tour_type" nicename="escorted-tour"><![CDATA[Escorted Tour]]></category>
		<category domain="st_tour_type" nicename="group-tour"><![CDATA[Group Tour]]></category>
		<category domain="st_tour_type" nicename="hosted-tours"><![CDATA[Hosted tours]]></category>
		<category domain="st_tour_type" nicename="ligula"><![CDATA[Ligula]]></category>
		<wp:postmeta>
			<wp:meta_key>rate_review</wp:meta_key>
			<wp:meta_value><![CDATA[5]]></wp:meta_value>
		</wp:postmeta>
		<wp:postmeta>
			<wp:meta_key>rate_review</wp:meta_key>
			<wp:meta_value><![CDATA[5]]></wp:meta_value>
		</wp:postmeta>
		<wp:postmeta>
			<wp:meta_key>rate_review</wp:meta_key>
			<wp:meta_value><![CDATA[5]]></wp:meta_value>
		</wp:postmeta>
		<wp:postmeta>
			<wp:meta_key>rate_review</wp:meta_key>
			<wp:meta_value><![CDATA[5]]></wp:meta_value>
		</wp:postmeta>
		<wp:postmeta>
			<wp:meta_key>_edit_last</wp:meta_key>
			<wp:meta_value><![CDATA[1]]></wp:meta_value>
		</wp:postmeta>
		<wp:postmeta>
			<wp:meta_key>_thumbnail_id</wp:meta_key>
			<wp:meta_value><![CDATA[5000]]></wp:meta_value>
		</wp:postmeta>
		<wp:postmeta>
			<wp:meta_key>is_featured</wp:meta_key>
			<wp:meta_value><![CDATA[off]]></wp:meta_value>
		</wp:postmeta>
		<wp:postmeta>
			<wp:meta_key>gallery_tyle</wp:meta_key>
			<wp:meta_value><![CDATA[grid]]></wp:meta_value>
		</wp:postmeta>
		<wp:postmeta>
			<wp:meta_key>id_location</wp:meta_key>
			<wp:meta_value><![CDATA[287]]></wp:meta_value>
		</wp:postmeta>
		<wp:postmeta>
			<wp:meta_key>gallery</wp:meta_key>
			<wp:meta_value><![CDATA[5010,5009,5007,5008,5002,5001,5000,4999]]></wp:meta_value>
		</wp:postmeta>
		<wp:postmeta>
			<wp:meta_key>contact_email</wp:meta_key>
			<wp:meta_value><![CDATA[abc@domain.com]]></wp:meta_value>
		</wp:postmeta>
		<wp:postmeta>
			<wp:meta_key>description</wp:meta_key>
			<wp:meta_value><![CDATA[All brand icons are trademarks of their respective owners.
The use of these trademarks does not indicate endorsement of the trademark holder by Font Awesome, nor vice versa.

]]></wp:meta_value>
		</wp:postmeta>
		<wp:postmeta>
			<wp:meta_key>st_custom_layout</wp:meta_key>
			<wp:meta_value><![CDATA[1114]]></wp:meta_value>
		</wp:postmeta>
		<wp:postmeta>
			<wp:meta_key>min_price</wp:meta_key>
			<wp:meta_value><![CDATA[]]></wp:meta_value>
		</wp:postmeta>
		<wp:postmeta>
			<wp:meta_key>total_sale_number</wp:meta_key>
			<wp:meta_value><![CDATA[]]></wp:meta_value>
		</wp:postmeta>
		<wp:postmeta>
			<wp:meta_key>tour_min_price</wp:meta_key>
			<wp:meta_value><![CDATA[5000]]></wp:meta_value>
		</wp:postmeta>
		<wp:postmeta>
			<wp:meta_key>post_views_count</wp:meta_key>
			<wp:meta_value><![CDATA[]]></wp:meta_value>
		</wp:postmeta>
		<wp:postmeta>
			<wp:meta_key>gallery_style</wp:meta_key>
			<wp:meta_value><![CDATA[grid]]></wp:meta_value>
		</wp:postmeta>
		<wp:postmeta>
			<wp:meta_key>map_lat</wp:meta_key>
			<wp:meta_value><![CDATA[48.871903]]></wp:meta_value>
		</wp:postmeta>
		<wp:postmeta>
			<wp:meta_key>map_lng</wp:meta_key>
			<wp:meta_value><![CDATA[2.337859]]></wp:meta_value>
		</wp:postmeta>
		<wp:postmeta>
			<wp:meta_key>map_zoom</wp:meta_key>
			<wp:meta_value><![CDATA[13]]></wp:meta_value>
		</wp:postmeta>
		<wp:postmeta>
			<wp:meta_key>video</wp:meta_key>
			<wp:meta_value><![CDATA[https://www.youtube.com/watch?v=dSnCo7XVWO8]]></wp:meta_value>
		</wp:postmeta>
		<wp:postmeta>
			<wp:meta_key>price</wp:meta_key>
			<wp:meta_value><![CDATA[254]]></wp:meta_value>
		</wp:postmeta>
		<wp:postmeta>
			<wp:meta_key>max_people</wp:meta_key>
			<wp:meta_value><![CDATA[8]]></wp:meta_value>
		</wp:postmeta>
		<wp:postmeta>
			<wp:meta_key>duration_day</wp:meta_key>
			<wp:meta_value><![CDATA[1]]></wp:meta_value>
		</wp:postmeta>
		<wp:postmeta>
			<wp:meta_key>address</wp:meta_key>
			<wp:meta_value><![CDATA[Champs-Elysées, Paris France]]></wp:meta_value>
		</wp:postmeta>
		<wp:postmeta>
			<wp:meta_key>discount</wp:meta_key>
			<wp:meta_value><![CDATA[]]></wp:meta_value>
		</wp:postmeta>
		<wp:postmeta>
			<wp:meta_key>tours_program</wp:meta_key>
			<wp:meta_value><![CDATA[a:3:{i:0;a:2:{s:5:"title";s:7:"6pm-8pm";s:4:"desc";s:259:"Aenean eu leo quam pellentesque ornare. Sem lacinia quam venenatis vestibulum. 
Donec ullamcorper nulla non metus auctor fringilla. 
Integer posuere erat a ante venenatis dapibus posuere velit aliquet. 
Nullam quis risus eget urna mollis ornare vel eu leo.";}i:1;a:2:{s:5:"title";s:8:"8pm-10pm";s:4:"desc";s:309:"Integer posuere erat a ante venenatis dapibus posuere velit aliquet. 
Morbi leo risus, porta ac consectetur ac, vestibulum at eros. Cras mattis consectetur purus sit amet fermentum. 
Nullam quis risus eget urna mollis ornare vel eu leo. Vivamus sagittis lacus vel augue laoreet rutrum faucibus dolor auctor.";}i:2;a:2:{s:5:"title";s:8:"10pm-1am";s:4:"desc";s:330:"Sed posuere consectetur est at lobortis. 
Praesent commodo cursus magna, vel scelerisque nisl consectetur et. 
Nullam quis risus eget urna mollis ornare vel eu leo. Donec id elit non mi porta gravida at eget metus. 
Nullam id dolor id nibh ultricies vehicula ut id elit. Lorem ipsum dolor sit amet, consectetur adipiscing elit.";}}]]></wp:meta_value>
		</wp:postmeta>
		<wp:postmeta>
			<wp:meta_key>price_sale</wp:meta_key>
			<wp:meta_value><![CDATA[612]]></wp:meta_value>
		</wp:postmeta>
		<wp:postmeta>
			<wp:meta_key>_dp_original</wp:meta_key>
			<wp:meta_value><![CDATA[1032]]></wp:meta_value>
		</wp:postmeta>
		<wp:postmeta>
			<wp:meta_key>is_sale_schedule</wp:meta_key>
			<wp:meta_value><![CDATA[off]]></wp:meta_value>
		</wp:postmeta>
		<wp:postmeta>
			<wp:meta_key>sale_price</wp:meta_key>
			<wp:meta_value><![CDATA[254]]></wp:meta_value>
		</wp:postmeta>
		<wp:postmeta>
			<wp:meta_key>check_in</wp:meta_key>
			<wp:meta_value><![CDATA[2015-03-27]]></wp:meta_value>
		</wp:postmeta>
		<wp:postmeta>
			<wp:meta_key>check_out</wp:meta_key>
			<wp:meta_value><![CDATA[2015-03-31]]></wp:meta_value>
		</wp:postmeta>
		<wp:postmeta>
			<wp:meta_key>_vc_post_settings</wp:meta_key>
			<wp:meta_value><![CDATA[a:2:{s:7:"vc_grid";a:0:{}s:10:"vc_grid_id";a:0:{}}]]></wp:meta_value>
		</wp:postmeta>
		<wp:comment>
			<wp:comment_id>193</wp:comment_id>
			<wp:comment_author><![CDATA[admin]]></wp:comment_author>
			<wp:comment_author_email>test@gmail.com</wp:comment_author_email>
			<wp:comment_author_url></wp:comment_author_url>
			<wp:comment_author_IP>14.162.141.134</wp:comment_author_IP>
			<wp:comment_date>2015-03-18 02:55:32</wp:comment_date>
			<wp:comment_date_gmt>2015-03-18 02:55:32</wp:comment_date_gmt>
			<wp:comment_content><![CDATA[Augue orci suscipit eros ultrices curae nulla bibendum euismod himenaeos vestibulum posuere cursus tellus nisl luctus a quam quisque elementum Ridiculus nisl cum fusce vel mi viverra non malesuada congue volutpat integer torquent libero imperdiet nam commodo cubilia tincidunt lacus nec et praesent suscipit faucibus lectus netus dapibus quis purus primis eget torquent ridiculus sollicitudin himenaeos diam nostra dapibus lectus netus tellus interdum risus netus nunc sagittis eleifend curabitur magnis aenean curabitur pulvinar morbi fusce himenaeos fringilla in leo eleifend imperdiet consectetur natoque netus tempus faucibus lacinia]]></wp:comment_content>
			<wp:comment_approved>1</wp:comment_approved>
			<wp:comment_type>st_reviews</wp:comment_type>
			<wp:comment_parent>0</wp:comment_parent>
			<wp:comment_user_id>1</wp:comment_user_id>
			<wp:commentmeta>
				<wp:meta_key>comment_rate</wp:meta_key>
				<wp:meta_value><![CDATA[5]]></wp:meta_value>
			</wp:commentmeta>
			<wp:commentmeta>
				<wp:meta_key>comment_title</wp:meta_key>
				<wp:meta_value><![CDATA[Very Good]]></wp:meta_value>
			</wp:commentmeta>
			<wp:commentmeta>
				<wp:meta_key> q</wp:meta_key>
				<wp:meta_value><![CDATA[5]]></wp:meta_value>
			</wp:commentmeta>
		</wp:comment>
	</item>
	<item>
		<title>10 Days of Vacation in Florence Resorts</title>
		<link>http://travelerdata.wpengine.com/st_tour/10-days-of-vacation-in-florence-resorts/</link>
		<pubDate>Mon, 12 Jan 2015 08:59:24 +0000</pubDate>
		<dc:creator><![CDATA[admin]]></dc:creator>
		<guid isPermaLink="false">http://traveler.shinethemedev.com/wordpress/?post_type=st_tours&#038;p=1616</guid>
		<description></description>
		<content:encoded><![CDATA[Varius massa maecenas et id dictumst mattis. Donec fringilla ac parturient posuere id phasellus erat elementum nullam lacus cursus rhoncus parturient vitae praesent quisque nascetur molestie quis Varius massa maecenas et id dictumst mattis. Donec fringilla ac parturient posuere id phasellus erat elementum nullam lacus cursus rhoncus parturient vitae praesent quisque nascetur molestie quis]]></content:encoded>
		<excerpt:encoded><![CDATA[Varius massa maecenas et id dictumst mattis. Donec fringilla ac parturient posuere id phasellus erat elementum nullam lacus cursus rhoncus parturient vitae praesent quisque nascetur molestie quis]]></excerpt:encoded>
		<wp:post_id>1616</wp:post_id>
		<wp:post_date>2015-01-12 08:59:24</wp:post_date>
		<wp:post_date_gmt>2015-01-12 08:59:24</wp:post_date_gmt>
		<wp:comment_status>open</wp:comment_status>
		<wp:ping_status>open</wp:ping_status>
		<wp:post_name>10-days-of-vacation-in-florence-resorts</wp:post_name>
		<wp:status>publish</wp:status>
		<wp:post_parent>0</wp:post_parent>
		<wp:menu_order>0</wp:menu_order>
		<wp:post_type>st_tours</wp:post_type>
		<wp:post_password></wp:post_password>
		<wp:is_sticky>0</wp:is_sticky>
		<category domain="st_tour_type" nicename="city-trips"><![CDATA[City trips]]></category>
		<category domain="st_tour_type" nicename="ecotourism"><![CDATA[Ecotourism]]></category>
		<category domain="st_tour_type" nicename="escorted-tour"><![CDATA[Escorted Tour]]></category>
		<category domain="st_tour_type" nicename="group-tour"><![CDATA[Group Tour]]></category>
		<category domain="st_tour_type" nicename="ligula"><![CDATA[Ligula]]></category>
		<wp:postmeta>
			<wp:meta_key>rate_review</wp:meta_key>
			<wp:meta_value><![CDATA[5]]></wp:meta_value>
		</wp:postmeta>
		<wp:postmeta>
			<wp:meta_key>rate_review</wp:meta_key>
			<wp:meta_value><![CDATA[5]]></wp:meta_value>
		</wp:postmeta>
		<wp:postmeta>
			<wp:meta_key>rate_review</wp:meta_key>
			<wp:meta_value><![CDATA[5]]></wp:meta_value>
		</wp:postmeta>
		<wp:postmeta>
			<wp:meta_key>rate_review</wp:meta_key>
			<wp:meta_value><![CDATA[5]]></wp:meta_value>
		</wp:postmeta>
		<wp:postmeta>
			<wp:meta_key>_edit_last</wp:meta_key>
			<wp:meta_value><![CDATA[1]]></wp:meta_value>
		</wp:postmeta>
		<wp:postmeta>
			<wp:meta_key>_thumbnail_id</wp:meta_key>
			<wp:meta_value><![CDATA[5002]]></wp:meta_value>
		</wp:postmeta>
		<wp:postmeta>
			<wp:meta_key>is_featured</wp:meta_key>
			<wp:meta_value><![CDATA[on]]></wp:meta_value>
		</wp:postmeta>
		<wp:postmeta>
			<wp:meta_key>gallery_tyle</wp:meta_key>
			<wp:meta_value><![CDATA[grid]]></wp:meta_value>
		</wp:postmeta>
		<wp:postmeta>
			<wp:meta_key>id_location</wp:meta_key>
			<wp:meta_value><![CDATA[287]]></wp:meta_value>
		</wp:postmeta>
		<wp:postmeta>
			<wp:meta_key>gallery</wp:meta_key>
			<wp:meta_value><![CDATA[5002,5001,5000,4999]]></wp:meta_value>
		</wp:postmeta>
		<wp:postmeta>
			<wp:meta_key>contact_email</wp:meta_key>
			<wp:meta_value><![CDATA[abc@domain.com]]></wp:meta_value>
		</wp:postmeta>
		<wp:postmeta>
			<wp:meta_key>description</wp:meta_key>
			<wp:meta_value><![CDATA[All brand icons are trademarks of their respective owners.
The use of these trademarks does not indicate endorsement of the trademark holder by Font Awesome, nor vice versa.

]]></wp:meta_value>
		</wp:postmeta>
		<wp:postmeta>
			<wp:meta_key>post_views_count</wp:meta_key>
			<wp:meta_value><![CDATA[]]></wp:meta_value>
		</wp:postmeta>
		<wp:postmeta>
			<wp:meta_key>tour_min_price</wp:meta_key>
			<wp:meta_value><![CDATA[500]]></wp:meta_value>
		</wp:postmeta>
		<wp:postmeta>
			<wp:meta_key>min_price</wp:meta_key>
			<wp:meta_value><![CDATA[]]></wp:meta_value>
		</wp:postmeta>
		<wp:postmeta>
			<wp:meta_key>map_zoom</wp:meta_key>
			<wp:meta_value><![CDATA[13]]></wp:meta_value>
		</wp:postmeta>
		<wp:postmeta>
			<wp:meta_key>video</wp:meta_key>
			<wp:meta_value><![CDATA[https://www.youtube.com/watch?v=AmZ0WrEaf34]]></wp:meta_value>
		</wp:postmeta>
		<wp:postmeta>
			<wp:meta_key>gallery_style</wp:meta_key>
			<wp:meta_value><![CDATA[grid]]></wp:meta_value>
		</wp:postmeta>
		<wp:postmeta>
			<wp:meta_key>price</wp:meta_key>
			<wp:meta_value><![CDATA[500]]></wp:meta_value>
		</wp:postmeta>
		<wp:postmeta>
			<wp:meta_key>max_people</wp:meta_key>
			<wp:meta_value><![CDATA[2]]></wp:meta_value>
		</wp:postmeta>
		<wp:postmeta>
			<wp:meta_key>duration_day</wp:meta_key>
			<wp:meta_value><![CDATA[10]]></wp:meta_value>
		</wp:postmeta>
		<wp:postmeta>
			<wp:meta_key>address</wp:meta_key>
			<wp:meta_value><![CDATA[Champs-Elysées, Paris France]]></wp:meta_value>
		</wp:postmeta>
		<wp:postmeta>
			<wp:meta_key>map_lat</wp:meta_key>
			<wp:meta_value><![CDATA[48.871903]]></wp:meta_value>
		</wp:postmeta>
		<wp:postmeta>
			<wp:meta_key>map_lng</wp:meta_key>
			<wp:meta_value><![CDATA[2.303156]]></wp:meta_value>
		</wp:postmeta>
		<wp:postmeta>
			<wp:meta_key>tours_program</wp:meta_key>
			<wp:meta_value><![CDATA[a:3:{i:0;a:2:{s:5:"title";s:9:"Departure";s:4:"desc";s:137:"Aenean eu leo quam pellentesque ornare. 
Sem lacinia quam venenatis vestibulum. 
Donec ullamcorper nulla non metus auctor fringilla. 
";}i:1;a:2:{s:5:"title";s:10:"Activities";s:4:"desc";s:125:"Integer posuere erat a ante venenatis dapibus posuere velit aliquet. 
Nullam quis risus eget urna mollis ornare vel eu leo. ";}i:2;a:2:{s:5:"title";s:7:"Endings";s:4:"desc";s:137:"Aenean eu leo quam pellentesque ornare. 
Sem lacinia quam venenatis vestibulum. 
Donec ullamcorper nulla non metus auctor fringilla. 
";}}]]></wp:meta_value>
		</wp:postmeta>
		<wp:postmeta>
			<wp:meta_key>st_custom_layout</wp:meta_key>
			<wp:meta_value><![CDATA[1118]]></wp:meta_value>
		</wp:postmeta>
		<wp:postmeta>
			<wp:meta_key>_dp_original</wp:meta_key>
			<wp:meta_value><![CDATA[1610]]></wp:meta_value>
		</wp:postmeta>
		<wp:postmeta>
			<wp:meta_key>_alp_processed</wp:meta_key>
			<wp:meta_value><![CDATA[1423026217]]></wp:meta_value>
		</wp:postmeta>
		<wp:postmeta>
			<wp:meta_key>is_sale_schedule</wp:meta_key>
			<wp:meta_value><![CDATA[off]]></wp:meta_value>
		</wp:postmeta>
		<wp:postmeta>
			<wp:meta_key>check_in</wp:meta_key>
			<wp:meta_value><![CDATA[2015-02-04]]></wp:meta_value>
		</wp:postmeta>
		<wp:postmeta>
			<wp:meta_key>check_out</wp:meta_key>
			<wp:meta_value><![CDATA[2015-02-19]]></wp:meta_value>
		</wp:postmeta>
		<wp:postmeta>
			<wp:meta_key>sale_price</wp:meta_key>
			<wp:meta_value><![CDATA[500]]></wp:meta_value>
		</wp:postmeta>
		<wp:postmeta>
			<wp:meta_key>_vc_post_settings</wp:meta_key>
			<wp:meta_value><![CDATA[a:2:{s:7:"vc_grid";a:0:{}s:10:"vc_grid_id";a:0:{}}]]></wp:meta_value>
		</wp:postmeta>
		<wp:comment>
			<wp:comment_id>144</wp:comment_id>
			<wp:comment_author><![CDATA[admin]]></wp:comment_author>
			<wp:comment_author_email>test@gmail.com</wp:comment_author_email>
			<wp:comment_author_url></wp:comment_author_url>
			<wp:comment_author_IP>14.162.141.134</wp:comment_author_IP>
			<wp:comment_date>2015-03-17 01:38:57</wp:comment_date>
			<wp:comment_date_gmt>2015-03-17 01:38:57</wp:comment_date_gmt>
			<wp:comment_content><![CDATA[Varius massa maecenas et id dictumst mattis. Donec fringilla ac parturient posuere id phasellus erat elementum nullam lacus cursus rhoncus parturient vitae praesent quisque nascetur molestie quis]]></wp:comment_content>
			<wp:comment_approved>1</wp:comment_approved>
			<wp:comment_type>st_reviews</wp:comment_type>
			<wp:comment_parent>0</wp:comment_parent>
			<wp:comment_user_id>1</wp:comment_user_id>
			<wp:commentmeta>
				<wp:meta_key>comment_rate</wp:meta_key>
				<wp:meta_value><![CDATA[5]]></wp:meta_value>
			</wp:commentmeta>
			<wp:commentmeta>
				<wp:meta_key>comment_title</wp:meta_key>
				<wp:meta_value><![CDATA[Very Good]]></wp:meta_value>
			</wp:commentmeta>
			<wp:commentmeta>
				<wp:meta_key> q</wp:meta_key>
				<wp:meta_value><![CDATA[5]]></wp:meta_value>
			</wp:commentmeta>
		</wp:comment>
	</item>
</channel>
</rss>
