<?xml version="1.0" encoding="UTF-8" ?>
<!-- This is a WordPress eXtended RSS file generated by WordPress as an export of your site. -->
<!-- It contains information about your site's posts, pages, comments, categories, and other content. -->
<!-- You may use this file to transfer that content from one site to another. -->
<!-- This file is not intended to serve as a complete backup of your site. -->

<!-- To import this information into a WordPress site follow these steps: -->
<!-- 1. Log in to that site as an administrator. -->
<!-- 2. Go to Tools: Import in the WordPress admin panel. -->
<!-- 3. Install the "WordPress" importer from the list. -->
<!-- 4. Activate & Run Importer. -->
<!-- 5. Upload this file using the form provided on that page. -->
<!-- 6. You will first be asked to map the authors in this export file to users -->
<!--    on the site. For each author, you may choose to map to an -->
<!--    existing user on the site or to create a new user. -->
<!-- 7. WordPress will then import each of the posts, pages, comments, categories, etc. -->
<!--    contained in this file into your site. -->

<!-- generator="WordPress/4.1.1" created="2015-04-06 10:19" -->
<rss version="2.0"
	xmlns:excerpt="http://wordpress.org/export/1.2/excerpt/"
	xmlns:content="http://purl.org/rss/1.0/modules/content/"
	xmlns:wfw="http://wellformedweb.org/CommentAPI/"
	xmlns:dc="http://purl.org/dc/elements/1.1/"
	xmlns:wp="http://wordpress.org/export/1.2/"
>

<channel>
	<title>Traveler Arabic</title>
	<link>http://travelarabic3.wpengine.com</link>
	<description>Just another WordPress site</description>
	<pubDate>Mon, 06 Apr 2015 10:19:47 +0000</pubDate>
	<language>ar</language>
	<wp:wxr_version>1.2</wp:wxr_version>
	<wp:base_site_url>http://travelarabic3.wpengine.com</wp:base_site_url>
	<wp:base_blog_url>http://travelarabic3.wpengine.com</wp:base_blog_url>

	<wp:author><wp:author_id>1</wp:author_id><wp:author_login>admin</wp:author_login><wp:author_email>hanhnhan.hna@gmail.com</wp:author_email><wp:author_display_name><![CDATA[admin]]></wp:author_display_name><wp:author_first_name><![CDATA[]]></wp:author_first_name><wp:author_last_name><![CDATA[]]></wp:author_last_name></wp:author>


	<generator>http://wordpress.org/?v=4.1.1</generator>

	<item>
		<title>img40</title>
		<link>http://travelarabic3.wpengine.com/?attachment_id=5484</link>
		<pubDate>Thu, 26 Mar 2015 11:11:48 +0000</pubDate>
		<dc:creator><![CDATA[admin]]></dc:creator>
		<guid isPermaLink="false">http://travelarabic3.wpengine.com/wp-content/uploads/2015/03/img40.gif</guid>
		<description></description>
		<content:encoded><![CDATA[]]></content:encoded>
		<excerpt:encoded><![CDATA[]]></excerpt:encoded>
		<wp:post_id>5484</wp:post_id>
		<wp:post_date>2015-03-26 11:11:48</wp:post_date>
		<wp:post_date_gmt>2015-03-26 11:11:48</wp:post_date_gmt>
		<wp:comment_status>open</wp:comment_status>
		<wp:ping_status>open</wp:ping_status>
		<wp:post_name>img40</wp:post_name>
		<wp:status>inherit</wp:status>
		<wp:post_parent>5186</wp:post_parent>
		<wp:menu_order>0</wp:menu_order>
		<wp:post_type>attachment</wp:post_type>
		<wp:post_password></wp:post_password>
		<wp:is_sticky>0</wp:is_sticky>
		<wp:attachment_url>http://travelarabic3.wpengine.com/wp-content/uploads/2015/03/img40.gif</wp:attachment_url>
		<wp:postmeta>
			<wp:meta_key>_wp_attached_file</wp:meta_key>
			<wp:meta_value><![CDATA[2015/03/img40.gif]]></wp:meta_value>
		</wp:postmeta>
		<wp:postmeta>
			<wp:meta_key>_wp_attachment_metadata</wp:meta_key>
			<wp:meta_value><![CDATA[a:5:{s:5:"width";i:800;s:6:"height";i:600;s:4:"file";s:17:"2015/03/img40.gif";s:5:"sizes";a:9:{s:9:"thumbnail";a:4:{s:4:"file";s:17:"img40-150x150.gif";s:5:"width";i:150;s:6:"height";i:150;s:9:"mime-type";s:9:"image/gif";}s:6:"medium";a:4:{s:4:"file";s:17:"img40-300x300.gif";s:5:"width";i:300;s:6:"height";i:300;s:9:"mime-type";s:9:"image/gif";}s:5:"large";a:4:{s:4:"file";s:19:"img40-1024x1024.gif";s:5:"width";i:1024;s:6:"height";i:1024;s:9:"mime-type";s:9:"image/gif";}s:7:"266x266";a:4:{s:4:"file";s:17:"img40-266x266.gif";s:5:"width";i:266;s:6:"height";i:266;s:9:"mime-type";s:9:"image/gif";}s:7:"800x400";a:4:{s:4:"file";s:17:"img40-800x400.gif";s:5:"width";i:800;s:6:"height";i:400;s:9:"mime-type";s:9:"image/gif";}s:7:"400x300";a:4:{s:4:"file";s:17:"img40-400x300.gif";s:5:"width";i:400;s:6:"height";i:300;s:9:"mime-type";s:9:"image/gif";}s:7:"800x600";a:4:{s:4:"file";s:17:"img40-800x600.gif";s:5:"width";i:800;s:6:"height";i:600;s:9:"mime-type";s:9:"image/gif";}s:7:"278x208";a:4:{s:4:"file";s:17:"img40-278x208.gif";s:5:"width";i:278;s:6:"height";i:208;s:9:"mime-type";s:9:"image/gif";}s:5:"80x60";a:4:{s:4:"file";s:15:"img40-80x60.gif";s:5:"width";i:80;s:6:"height";i:60;s:9:"mime-type";s:9:"image/gif";}}s:10:"image_meta";a:11:{s:8:"aperture";i:0;s:6:"credit";s:0:"";s:6:"camera";s:0:"";s:7:"caption";s:0:"";s:17:"created_timestamp";i:0;s:9:"copyright";s:0:"";s:12:"focal_length";i:0;s:3:"iso";i:0;s:13:"shutter_speed";i:0;s:5:"title";s:0:"";s:11:"orientation";i:0;}}]]></wp:meta_value>
		</wp:postmeta>
	</item>
	<item>
		<title>img41</title>
		<link>http://travelarabic3.wpengine.com/?attachment_id=5485</link>
		<pubDate>Thu, 26 Mar 2015 11:11:49 +0000</pubDate>
		<dc:creator><![CDATA[admin]]></dc:creator>
		<guid isPermaLink="false">http://travelarabic3.wpengine.com/wp-content/uploads/2015/03/img41.gif</guid>
		<description></description>
		<content:encoded><![CDATA[]]></content:encoded>
		<excerpt:encoded><![CDATA[]]></excerpt:encoded>
		<wp:post_id>5485</wp:post_id>
		<wp:post_date>2015-03-26 11:11:49</wp:post_date>
		<wp:post_date_gmt>2015-03-26 11:11:49</wp:post_date_gmt>
		<wp:comment_status>open</wp:comment_status>
		<wp:ping_status>open</wp:ping_status>
		<wp:post_name>img41</wp:post_name>
		<wp:status>inherit</wp:status>
		<wp:post_parent>5186</wp:post_parent>
		<wp:menu_order>0</wp:menu_order>
		<wp:post_type>attachment</wp:post_type>
		<wp:post_password></wp:post_password>
		<wp:is_sticky>0</wp:is_sticky>
		<wp:attachment_url>http://travelarabic3.wpengine.com/wp-content/uploads/2015/03/img41.gif</wp:attachment_url>
		<wp:postmeta>
			<wp:meta_key>_wp_attached_file</wp:meta_key>
			<wp:meta_value><![CDATA[2015/03/img41.gif]]></wp:meta_value>
		</wp:postmeta>
		<wp:postmeta>
			<wp:meta_key>_wp_attachment_metadata</wp:meta_key>
			<wp:meta_value><![CDATA[a:5:{s:5:"width";i:800;s:6:"height";i:600;s:4:"file";s:17:"2015/03/img41.gif";s:5:"sizes";a:9:{s:9:"thumbnail";a:4:{s:4:"file";s:17:"img41-150x150.gif";s:5:"width";i:150;s:6:"height";i:150;s:9:"mime-type";s:9:"image/gif";}s:6:"medium";a:4:{s:4:"file";s:17:"img41-300x300.gif";s:5:"width";i:300;s:6:"height";i:300;s:9:"mime-type";s:9:"image/gif";}s:5:"large";a:4:{s:4:"file";s:19:"img41-1024x1024.gif";s:5:"width";i:1024;s:6:"height";i:1024;s:9:"mime-type";s:9:"image/gif";}s:7:"266x266";a:4:{s:4:"file";s:17:"img41-266x266.gif";s:5:"width";i:266;s:6:"height";i:266;s:9:"mime-type";s:9:"image/gif";}s:7:"800x400";a:4:{s:4:"file";s:17:"img41-800x400.gif";s:5:"width";i:800;s:6:"height";i:400;s:9:"mime-type";s:9:"image/gif";}s:7:"800x600";a:4:{s:4:"file";s:17:"img41-800x600.gif";s:5:"width";i:800;s:6:"height";i:600;s:9:"mime-type";s:9:"image/gif";}s:7:"400x300";a:4:{s:4:"file";s:17:"img41-400x300.gif";s:5:"width";i:400;s:6:"height";i:300;s:9:"mime-type";s:9:"image/gif";}s:7:"278x208";a:4:{s:4:"file";s:17:"img41-278x208.gif";s:5:"width";i:278;s:6:"height";i:208;s:9:"mime-type";s:9:"image/gif";}s:5:"80x60";a:4:{s:4:"file";s:15:"img41-80x60.gif";s:5:"width";i:80;s:6:"height";i:60;s:9:"mime-type";s:9:"image/gif";}}s:10:"image_meta";a:11:{s:8:"aperture";i:0;s:6:"credit";s:0:"";s:6:"camera";s:0:"";s:7:"caption";s:0:"";s:17:"created_timestamp";i:0;s:9:"copyright";s:0:"";s:12:"focal_length";i:0;s:3:"iso";i:0;s:13:"shutter_speed";i:0;s:5:"title";s:0:"";s:11:"orientation";i:0;}}]]></wp:meta_value>
		</wp:postmeta>
	</item>
	<item>
		<title>img42</title>
		<link>http://travelarabic3.wpengine.com/?attachment_id=5486</link>
		<pubDate>Thu, 26 Mar 2015 11:11:50 +0000</pubDate>
		<dc:creator><![CDATA[admin]]></dc:creator>
		<guid isPermaLink="false">http://travelarabic3.wpengine.com/wp-content/uploads/2015/03/img42.gif</guid>
		<description></description>
		<content:encoded><![CDATA[]]></content:encoded>
		<excerpt:encoded><![CDATA[]]></excerpt:encoded>
		<wp:post_id>5486</wp:post_id>
		<wp:post_date>2015-03-26 11:11:50</wp:post_date>
		<wp:post_date_gmt>2015-03-26 11:11:50</wp:post_date_gmt>
		<wp:comment_status>open</wp:comment_status>
		<wp:ping_status>open</wp:ping_status>
		<wp:post_name>img42</wp:post_name>
		<wp:status>inherit</wp:status>
		<wp:post_parent>5186</wp:post_parent>
		<wp:menu_order>0</wp:menu_order>
		<wp:post_type>attachment</wp:post_type>
		<wp:post_password></wp:post_password>
		<wp:is_sticky>0</wp:is_sticky>
		<wp:attachment_url>http://travelarabic3.wpengine.com/wp-content/uploads/2015/03/img42.gif</wp:attachment_url>
		<wp:postmeta>
			<wp:meta_key>_wp_attached_file</wp:meta_key>
			<wp:meta_value><![CDATA[2015/03/img42.gif]]></wp:meta_value>
		</wp:postmeta>
		<wp:postmeta>
			<wp:meta_key>_wp_attachment_metadata</wp:meta_key>
			<wp:meta_value><![CDATA[a:5:{s:5:"width";i:800;s:6:"height";i:600;s:4:"file";s:17:"2015/03/img42.gif";s:5:"sizes";a:9:{s:9:"thumbnail";a:4:{s:4:"file";s:17:"img42-150x150.gif";s:5:"width";i:150;s:6:"height";i:150;s:9:"mime-type";s:9:"image/gif";}s:6:"medium";a:4:{s:4:"file";s:17:"img42-300x300.gif";s:5:"width";i:300;s:6:"height";i:300;s:9:"mime-type";s:9:"image/gif";}s:5:"large";a:4:{s:4:"file";s:19:"img42-1024x1024.gif";s:5:"width";i:1024;s:6:"height";i:1024;s:9:"mime-type";s:9:"image/gif";}s:7:"266x266";a:4:{s:4:"file";s:17:"img42-266x266.gif";s:5:"width";i:266;s:6:"height";i:266;s:9:"mime-type";s:9:"image/gif";}s:7:"800x400";a:4:{s:4:"file";s:17:"img42-800x400.gif";s:5:"width";i:800;s:6:"height";i:400;s:9:"mime-type";s:9:"image/gif";}s:7:"400x300";a:4:{s:4:"file";s:17:"img42-400x300.gif";s:5:"width";i:400;s:6:"height";i:300;s:9:"mime-type";s:9:"image/gif";}s:7:"800x600";a:4:{s:4:"file";s:17:"img42-800x600.gif";s:5:"width";i:800;s:6:"height";i:600;s:9:"mime-type";s:9:"image/gif";}s:7:"278x208";a:4:{s:4:"file";s:17:"img42-278x208.gif";s:5:"width";i:278;s:6:"height";i:208;s:9:"mime-type";s:9:"image/gif";}s:5:"80x60";a:4:{s:4:"file";s:15:"img42-80x60.gif";s:5:"width";i:80;s:6:"height";i:60;s:9:"mime-type";s:9:"image/gif";}}s:10:"image_meta";a:11:{s:8:"aperture";i:0;s:6:"credit";s:0:"";s:6:"camera";s:0:"";s:7:"caption";s:0:"";s:17:"created_timestamp";i:0;s:9:"copyright";s:0:"";s:12:"focal_length";i:0;s:3:"iso";i:0;s:13:"shutter_speed";i:0;s:5:"title";s:0:"";s:11:"orientation";i:0;}}]]></wp:meta_value>
		</wp:postmeta>
	</item>
	<item>
		<title>img1</title>
		<link>http://travelarabic3.wpengine.com/?attachment_id=5487</link>
		<pubDate>Thu, 26 Mar 2015 11:27:23 +0000</pubDate>
		<dc:creator><![CDATA[admin]]></dc:creator>
		<guid isPermaLink="false">http://travelarabic3.wpengine.com/wp-content/uploads/2014/12/img1.gif</guid>
		<description></description>
		<content:encoded><![CDATA[]]></content:encoded>
		<excerpt:encoded><![CDATA[]]></excerpt:encoded>
		<wp:post_id>5487</wp:post_id>
		<wp:post_date>2015-03-26 11:27:23</wp:post_date>
		<wp:post_date_gmt>2015-03-26 11:27:23</wp:post_date_gmt>
		<wp:comment_status>open</wp:comment_status>
		<wp:ping_status>open</wp:ping_status>
		<wp:post_name>img1</wp:post_name>
		<wp:status>inherit</wp:status>
		<wp:post_parent>533</wp:post_parent>
		<wp:menu_order>0</wp:menu_order>
		<wp:post_type>attachment</wp:post_type>
		<wp:post_password></wp:post_password>
		<wp:is_sticky>0</wp:is_sticky>
		<wp:attachment_url>http://travelarabic3.wpengine.com/wp-content/uploads/2014/12/img1.gif</wp:attachment_url>
		<wp:postmeta>
			<wp:meta_key>_wp_attached_file</wp:meta_key>
			<wp:meta_value><![CDATA[2014/12/img1.gif]]></wp:meta_value>
		</wp:postmeta>
		<wp:postmeta>
			<wp:meta_key>_wp_attachment_metadata</wp:meta_key>
			<wp:meta_value><![CDATA[a:5:{s:5:"width";i:600;s:6:"height";i:450;s:4:"file";s:16:"2014/12/img1.gif";s:5:"sizes";a:7:{s:9:"thumbnail";a:4:{s:4:"file";s:16:"img1-150x150.gif";s:5:"width";i:150;s:6:"height";i:150;s:9:"mime-type";s:9:"image/gif";}s:6:"medium";a:4:{s:4:"file";s:16:"img1-300x300.gif";s:5:"width";i:300;s:6:"height";i:300;s:9:"mime-type";s:9:"image/gif";}s:5:"large";a:4:{s:4:"file";s:18:"img1-1024x1024.gif";s:5:"width";i:1024;s:6:"height";i:1024;s:9:"mime-type";s:9:"image/gif";}s:7:"266x266";a:4:{s:4:"file";s:16:"img1-266x266.gif";s:5:"width";i:266;s:6:"height";i:266;s:9:"mime-type";s:9:"image/gif";}s:7:"400x300";a:4:{s:4:"file";s:16:"img1-400x300.gif";s:5:"width";i:400;s:6:"height";i:300;s:9:"mime-type";s:9:"image/gif";}s:7:"800x600";a:4:{s:4:"file";s:16:"img1-800x600.gif";s:5:"width";i:800;s:6:"height";i:600;s:9:"mime-type";s:9:"image/gif";}s:5:"80x60";a:4:{s:4:"file";s:14:"img1-80x60.gif";s:5:"width";i:80;s:6:"height";i:60;s:9:"mime-type";s:9:"image/gif";}}s:10:"image_meta";a:11:{s:8:"aperture";i:0;s:6:"credit";s:0:"";s:6:"camera";s:0:"";s:7:"caption";s:0:"";s:17:"created_timestamp";i:0;s:9:"copyright";s:0:"";s:12:"focal_length";i:0;s:3:"iso";i:0;s:13:"shutter_speed";i:0;s:5:"title";s:0:"";s:11:"orientation";i:0;}}]]></wp:meta_value>
		</wp:postmeta>
	</item>
	<item>
		<title>img3</title>
		<link>http://travelarabic3.wpengine.com/?attachment_id=5488</link>
		<pubDate>Thu, 26 Mar 2015 11:27:24 +0000</pubDate>
		<dc:creator><![CDATA[admin]]></dc:creator>
		<guid isPermaLink="false">http://travelarabic3.wpengine.com/wp-content/uploads/2014/12/img3.gif</guid>
		<description></description>
		<content:encoded><![CDATA[]]></content:encoded>
		<excerpt:encoded><![CDATA[]]></excerpt:encoded>
		<wp:post_id>5488</wp:post_id>
		<wp:post_date>2015-03-26 11:27:24</wp:post_date>
		<wp:post_date_gmt>2015-03-26 11:27:24</wp:post_date_gmt>
		<wp:comment_status>open</wp:comment_status>
		<wp:ping_status>open</wp:ping_status>
		<wp:post_name>img3</wp:post_name>
		<wp:status>inherit</wp:status>
		<wp:post_parent>533</wp:post_parent>
		<wp:menu_order>0</wp:menu_order>
		<wp:post_type>attachment</wp:post_type>
		<wp:post_password></wp:post_password>
		<wp:is_sticky>0</wp:is_sticky>
		<wp:attachment_url>http://travelarabic3.wpengine.com/wp-content/uploads/2014/12/img3.gif</wp:attachment_url>
		<wp:postmeta>
			<wp:meta_key>_wp_attached_file</wp:meta_key>
			<wp:meta_value><![CDATA[2014/12/img3.gif]]></wp:meta_value>
		</wp:postmeta>
		<wp:postmeta>
			<wp:meta_key>_wp_attachment_metadata</wp:meta_key>
			<wp:meta_value><![CDATA[a:5:{s:5:"width";i:600;s:6:"height";i:450;s:4:"file";s:16:"2014/12/img3.gif";s:5:"sizes";a:8:{s:9:"thumbnail";a:4:{s:4:"file";s:16:"img3-150x150.gif";s:5:"width";i:150;s:6:"height";i:150;s:9:"mime-type";s:9:"image/gif";}s:6:"medium";a:4:{s:4:"file";s:16:"img3-300x300.gif";s:5:"width";i:300;s:6:"height";i:300;s:9:"mime-type";s:9:"image/gif";}s:5:"large";a:4:{s:4:"file";s:18:"img3-1024x1024.gif";s:5:"width";i:1024;s:6:"height";i:1024;s:9:"mime-type";s:9:"image/gif";}s:7:"266x266";a:4:{s:4:"file";s:16:"img3-266x266.gif";s:5:"width";i:266;s:6:"height";i:266;s:9:"mime-type";s:9:"image/gif";}s:7:"400x300";a:4:{s:4:"file";s:16:"img3-400x300.gif";s:5:"width";i:400;s:6:"height";i:300;s:9:"mime-type";s:9:"image/gif";}s:7:"800x600";a:4:{s:4:"file";s:16:"img3-800x600.gif";s:5:"width";i:800;s:6:"height";i:600;s:9:"mime-type";s:9:"image/gif";}s:5:"80x60";a:4:{s:4:"file";s:14:"img3-80x60.gif";s:5:"width";i:80;s:6:"height";i:60;s:9:"mime-type";s:9:"image/gif";}s:7:"360x270";a:4:{s:4:"file";s:16:"img3-360x270.gif";s:5:"width";i:360;s:6:"height";i:270;s:9:"mime-type";s:9:"image/gif";}}s:10:"image_meta";a:11:{s:8:"aperture";i:0;s:6:"credit";s:0:"";s:6:"camera";s:0:"";s:7:"caption";s:0:"";s:17:"created_timestamp";i:0;s:9:"copyright";s:0:"";s:12:"focal_length";i:0;s:3:"iso";i:0;s:13:"shutter_speed";i:0;s:5:"title";s:0:"";s:11:"orientation";i:0;}}]]></wp:meta_value>
		</wp:postmeta>
	</item>
	<item>
		<title>img4</title>
		<link>http://travelarabic3.wpengine.com/?attachment_id=5489</link>
		<pubDate>Thu, 26 Mar 2015 11:27:25 +0000</pubDate>
		<dc:creator><![CDATA[admin]]></dc:creator>
		<guid isPermaLink="false">http://travelarabic3.wpengine.com/wp-content/uploads/2014/12/img4.gif</guid>
		<description></description>
		<content:encoded><![CDATA[]]></content:encoded>
		<excerpt:encoded><![CDATA[]]></excerpt:encoded>
		<wp:post_id>5489</wp:post_id>
		<wp:post_date>2015-03-26 11:27:25</wp:post_date>
		<wp:post_date_gmt>2015-03-26 11:27:25</wp:post_date_gmt>
		<wp:comment_status>open</wp:comment_status>
		<wp:ping_status>open</wp:ping_status>
		<wp:post_name>img4</wp:post_name>
		<wp:status>inherit</wp:status>
		<wp:post_parent>533</wp:post_parent>
		<wp:menu_order>0</wp:menu_order>
		<wp:post_type>attachment</wp:post_type>
		<wp:post_password></wp:post_password>
		<wp:is_sticky>0</wp:is_sticky>
		<wp:attachment_url>http://travelarabic3.wpengine.com/wp-content/uploads/2014/12/img4.gif</wp:attachment_url>
		<wp:postmeta>
			<wp:meta_key>_wp_attached_file</wp:meta_key>
			<wp:meta_value><![CDATA[2014/12/img4.gif]]></wp:meta_value>
		</wp:postmeta>
		<wp:postmeta>
			<wp:meta_key>_wp_attachment_metadata</wp:meta_key>
			<wp:meta_value><![CDATA[a:5:{s:5:"width";i:600;s:6:"height";i:450;s:4:"file";s:16:"2014/12/img4.gif";s:5:"sizes";a:8:{s:9:"thumbnail";a:4:{s:4:"file";s:16:"img4-150x150.gif";s:5:"width";i:150;s:6:"height";i:150;s:9:"mime-type";s:9:"image/gif";}s:6:"medium";a:4:{s:4:"file";s:16:"img4-300x300.gif";s:5:"width";i:300;s:6:"height";i:300;s:9:"mime-type";s:9:"image/gif";}s:5:"large";a:4:{s:4:"file";s:18:"img4-1024x1024.gif";s:5:"width";i:1024;s:6:"height";i:1024;s:9:"mime-type";s:9:"image/gif";}s:7:"266x266";a:4:{s:4:"file";s:16:"img4-266x266.gif";s:5:"width";i:266;s:6:"height";i:266;s:9:"mime-type";s:9:"image/gif";}s:7:"400x300";a:4:{s:4:"file";s:16:"img4-400x300.gif";s:5:"width";i:400;s:6:"height";i:300;s:9:"mime-type";s:9:"image/gif";}s:7:"800x600";a:4:{s:4:"file";s:16:"img4-800x600.gif";s:5:"width";i:800;s:6:"height";i:600;s:9:"mime-type";s:9:"image/gif";}s:5:"80x60";a:4:{s:4:"file";s:14:"img4-80x60.gif";s:5:"width";i:80;s:6:"height";i:60;s:9:"mime-type";s:9:"image/gif";}s:7:"360x270";a:4:{s:4:"file";s:16:"img4-360x270.gif";s:5:"width";i:360;s:6:"height";i:270;s:9:"mime-type";s:9:"image/gif";}}s:10:"image_meta";a:11:{s:8:"aperture";i:0;s:6:"credit";s:0:"";s:6:"camera";s:0:"";s:7:"caption";s:0:"";s:17:"created_timestamp";i:0;s:9:"copyright";s:0:"";s:12:"focal_length";i:0;s:3:"iso";i:0;s:13:"shutter_speed";i:0;s:5:"title";s:0:"";s:11:"orientation";i:0;}}]]></wp:meta_value>
		</wp:postmeta>
	</item>
	<item>
		<title>img61</title>
		<link>http://travelarabic3.wpengine.com/?attachment_id=5490</link>
		<pubDate>Thu, 26 Mar 2015 11:38:29 +0000</pubDate>
		<dc:creator><![CDATA[admin]]></dc:creator>
		<guid isPermaLink="false">http://travelarabic3.wpengine.com/wp-content/uploads/2015/03/img61.gif</guid>
		<description></description>
		<content:encoded><![CDATA[]]></content:encoded>
		<excerpt:encoded><![CDATA[]]></excerpt:encoded>
		<wp:post_id>5490</wp:post_id>
		<wp:post_date>2015-03-26 11:38:29</wp:post_date>
		<wp:post_date_gmt>2015-03-26 11:38:29</wp:post_date_gmt>
		<wp:comment_status>open</wp:comment_status>
		<wp:ping_status>open</wp:ping_status>
		<wp:post_name>img61</wp:post_name>
		<wp:status>inherit</wp:status>
		<wp:post_parent>4768</wp:post_parent>
		<wp:menu_order>0</wp:menu_order>
		<wp:post_type>attachment</wp:post_type>
		<wp:post_password></wp:post_password>
		<wp:is_sticky>0</wp:is_sticky>
		<wp:attachment_url>http://travelarabic3.wpengine.com/wp-content/uploads/2015/03/img61.gif</wp:attachment_url>
		<wp:postmeta>
			<wp:meta_key>_wp_attached_file</wp:meta_key>
			<wp:meta_value><![CDATA[2015/03/img61.gif]]></wp:meta_value>
		</wp:postmeta>
		<wp:postmeta>
			<wp:meta_key>_wp_attachment_metadata</wp:meta_key>
			<wp:meta_value><![CDATA[a:5:{s:5:"width";i:800;s:6:"height";i:540;s:4:"file";s:17:"2015/03/img61.gif";s:5:"sizes";a:6:{s:9:"thumbnail";a:4:{s:4:"file";s:17:"img61-150x150.gif";s:5:"width";i:150;s:6:"height";i:150;s:9:"mime-type";s:9:"image/gif";}s:6:"medium";a:4:{s:4:"file";s:17:"img61-300x300.gif";s:5:"width";i:300;s:6:"height";i:300;s:9:"mime-type";s:9:"image/gif";}s:5:"large";a:4:{s:4:"file";s:19:"img61-1024x1024.gif";s:5:"width";i:1024;s:6:"height";i:1024;s:9:"mime-type";s:9:"image/gif";}s:7:"266x266";a:4:{s:4:"file";s:17:"img61-266x266.gif";s:5:"width";i:266;s:6:"height";i:266;s:9:"mime-type";s:9:"image/gif";}s:7:"800x600";a:4:{s:4:"file";s:17:"img61-800x600.gif";s:5:"width";i:800;s:6:"height";i:600;s:9:"mime-type";s:9:"image/gif";}s:5:"80x60";a:4:{s:4:"file";s:15:"img61-80x60.gif";s:5:"width";i:80;s:6:"height";i:60;s:9:"mime-type";s:9:"image/gif";}}s:10:"image_meta";a:11:{s:8:"aperture";i:0;s:6:"credit";s:0:"";s:6:"camera";s:0:"";s:7:"caption";s:0:"";s:17:"created_timestamp";i:0;s:9:"copyright";s:0:"";s:12:"focal_length";i:0;s:3:"iso";i:0;s:13:"shutter_speed";i:0;s:5:"title";s:0:"";s:11:"orientation";i:0;}}]]></wp:meta_value>
		</wp:postmeta>
	</item>
	<item>
		<title>img62</title>
		<link>http://travelarabic3.wpengine.com/?attachment_id=5491</link>
		<pubDate>Thu, 26 Mar 2015 11:38:30 +0000</pubDate>
		<dc:creator><![CDATA[admin]]></dc:creator>
		<guid isPermaLink="false">http://travelarabic3.wpengine.com/wp-content/uploads/2015/03/img62.gif</guid>
		<description></description>
		<content:encoded><![CDATA[]]></content:encoded>
		<excerpt:encoded><![CDATA[]]></excerpt:encoded>
		<wp:post_id>5491</wp:post_id>
		<wp:post_date>2015-03-26 11:38:30</wp:post_date>
		<wp:post_date_gmt>2015-03-26 11:38:30</wp:post_date_gmt>
		<wp:comment_status>open</wp:comment_status>
		<wp:ping_status>open</wp:ping_status>
		<wp:post_name>img62</wp:post_name>
		<wp:status>inherit</wp:status>
		<wp:post_parent>4768</wp:post_parent>
		<wp:menu_order>0</wp:menu_order>
		<wp:post_type>attachment</wp:post_type>
		<wp:post_password></wp:post_password>
		<wp:is_sticky>0</wp:is_sticky>
		<wp:attachment_url>http://travelarabic3.wpengine.com/wp-content/uploads/2015/03/img62.gif</wp:attachment_url>
		<wp:postmeta>
			<wp:meta_key>_wp_attached_file</wp:meta_key>
			<wp:meta_value><![CDATA[2015/03/img62.gif]]></wp:meta_value>
		</wp:postmeta>
		<wp:postmeta>
			<wp:meta_key>_wp_attachment_metadata</wp:meta_key>
			<wp:meta_value><![CDATA[a:5:{s:5:"width";i:800;s:6:"height";i:540;s:4:"file";s:17:"2015/03/img62.gif";s:5:"sizes";a:6:{s:9:"thumbnail";a:4:{s:4:"file";s:17:"img62-150x150.gif";s:5:"width";i:150;s:6:"height";i:150;s:9:"mime-type";s:9:"image/gif";}s:6:"medium";a:4:{s:4:"file";s:17:"img62-300x300.gif";s:5:"width";i:300;s:6:"height";i:300;s:9:"mime-type";s:9:"image/gif";}s:5:"large";a:4:{s:4:"file";s:19:"img62-1024x1024.gif";s:5:"width";i:1024;s:6:"height";i:1024;s:9:"mime-type";s:9:"image/gif";}s:7:"266x266";a:4:{s:4:"file";s:17:"img62-266x266.gif";s:5:"width";i:266;s:6:"height";i:266;s:9:"mime-type";s:9:"image/gif";}s:7:"800x600";a:4:{s:4:"file";s:17:"img62-800x600.gif";s:5:"width";i:800;s:6:"height";i:600;s:9:"mime-type";s:9:"image/gif";}s:5:"80x60";a:4:{s:4:"file";s:15:"img62-80x60.gif";s:5:"width";i:80;s:6:"height";i:60;s:9:"mime-type";s:9:"image/gif";}}s:10:"image_meta";a:11:{s:8:"aperture";i:0;s:6:"credit";s:0:"";s:6:"camera";s:0:"";s:7:"caption";s:0:"";s:17:"created_timestamp";i:0;s:9:"copyright";s:0:"";s:12:"focal_length";i:0;s:3:"iso";i:0;s:13:"shutter_speed";i:0;s:5:"title";s:0:"";s:11:"orientation";i:0;}}]]></wp:meta_value>
		</wp:postmeta>
	</item>
	<item>
		<title>img63</title>
		<link>http://travelarabic3.wpengine.com/?attachment_id=5492</link>
		<pubDate>Thu, 26 Mar 2015 11:38:31 +0000</pubDate>
		<dc:creator><![CDATA[admin]]></dc:creator>
		<guid isPermaLink="false">http://travelarabic3.wpengine.com/wp-content/uploads/2015/03/img63.gif</guid>
		<description></description>
		<content:encoded><![CDATA[]]></content:encoded>
		<excerpt:encoded><![CDATA[]]></excerpt:encoded>
		<wp:post_id>5492</wp:post_id>
		<wp:post_date>2015-03-26 11:38:31</wp:post_date>
		<wp:post_date_gmt>2015-03-26 11:38:31</wp:post_date_gmt>
		<wp:comment_status>open</wp:comment_status>
		<wp:ping_status>open</wp:ping_status>
		<wp:post_name>img63</wp:post_name>
		<wp:status>inherit</wp:status>
		<wp:post_parent>4768</wp:post_parent>
		<wp:menu_order>0</wp:menu_order>
		<wp:post_type>attachment</wp:post_type>
		<wp:post_password></wp:post_password>
		<wp:is_sticky>0</wp:is_sticky>
		<wp:attachment_url>http://travelarabic3.wpengine.com/wp-content/uploads/2015/03/img63.gif</wp:attachment_url>
		<wp:postmeta>
			<wp:meta_key>_wp_attached_file</wp:meta_key>
			<wp:meta_value><![CDATA[2015/03/img63.gif]]></wp:meta_value>
		</wp:postmeta>
		<wp:postmeta>
			<wp:meta_key>_wp_attachment_metadata</wp:meta_key>
			<wp:meta_value><![CDATA[a:5:{s:5:"width";i:800;s:6:"height";i:540;s:4:"file";s:17:"2015/03/img63.gif";s:5:"sizes";a:7:{s:9:"thumbnail";a:4:{s:4:"file";s:17:"img63-150x150.gif";s:5:"width";i:150;s:6:"height";i:150;s:9:"mime-type";s:9:"image/gif";}s:6:"medium";a:4:{s:4:"file";s:17:"img63-300x300.gif";s:5:"width";i:300;s:6:"height";i:300;s:9:"mime-type";s:9:"image/gif";}s:5:"large";a:4:{s:4:"file";s:19:"img63-1024x1024.gif";s:5:"width";i:1024;s:6:"height";i:1024;s:9:"mime-type";s:9:"image/gif";}s:7:"266x266";a:4:{s:4:"file";s:17:"img63-266x266.gif";s:5:"width";i:266;s:6:"height";i:266;s:9:"mime-type";s:9:"image/gif";}s:7:"400x300";a:4:{s:4:"file";s:17:"img63-400x300.gif";s:5:"width";i:400;s:6:"height";i:300;s:9:"mime-type";s:9:"image/gif";}s:7:"800x600";a:4:{s:4:"file";s:17:"img63-800x600.gif";s:5:"width";i:800;s:6:"height";i:600;s:9:"mime-type";s:9:"image/gif";}s:5:"80x60";a:4:{s:4:"file";s:15:"img63-80x60.gif";s:5:"width";i:80;s:6:"height";i:60;s:9:"mime-type";s:9:"image/gif";}}s:10:"image_meta";a:11:{s:8:"aperture";i:0;s:6:"credit";s:0:"";s:6:"camera";s:0:"";s:7:"caption";s:0:"";s:17:"created_timestamp";i:0;s:9:"copyright";s:0:"";s:12:"focal_length";i:0;s:3:"iso";i:0;s:13:"shutter_speed";i:0;s:5:"title";s:0:"";s:11:"orientation";i:0;}}]]></wp:meta_value>
		</wp:postmeta>
	</item>
	<item>
		<title>img53</title>
		<link>http://travelarabic3.wpengine.com/?attachment_id=5493</link>
		<pubDate>Thu, 26 Mar 2015 11:41:32 +0000</pubDate>
		<dc:creator><![CDATA[admin]]></dc:creator>
		<guid isPermaLink="false">http://travelarabic3.wpengine.com/wp-content/uploads/2014/11/img53.gif</guid>
		<description></description>
		<content:encoded><![CDATA[]]></content:encoded>
		<excerpt:encoded><![CDATA[]]></excerpt:encoded>
		<wp:post_id>5493</wp:post_id>
		<wp:post_date>2015-03-26 11:41:32</wp:post_date>
		<wp:post_date_gmt>2015-03-26 11:41:32</wp:post_date_gmt>
		<wp:comment_status>open</wp:comment_status>
		<wp:ping_status>open</wp:ping_status>
		<wp:post_name>img53</wp:post_name>
		<wp:status>inherit</wp:status>
		<wp:post_parent>285</wp:post_parent>
		<wp:menu_order>0</wp:menu_order>
		<wp:post_type>attachment</wp:post_type>
		<wp:post_password></wp:post_password>
		<wp:is_sticky>0</wp:is_sticky>
		<wp:attachment_url>http://travelarabic3.wpengine.com/wp-content/uploads/2014/11/img53.gif</wp:attachment_url>
		<wp:postmeta>
			<wp:meta_key>_wp_attached_file</wp:meta_key>
			<wp:meta_value><![CDATA[2014/11/img53.gif]]></wp:meta_value>
		</wp:postmeta>
		<wp:postmeta>
			<wp:meta_key>_wp_attachment_metadata</wp:meta_key>
			<wp:meta_value><![CDATA[a:5:{s:5:"width";i:1900;s:6:"height";i:900;s:4:"file";s:17:"2014/11/img53.gif";s:5:"sizes";a:7:{s:9:"thumbnail";a:4:{s:4:"file";s:17:"img53-150x150.gif";s:5:"width";i:150;s:6:"height";i:150;s:9:"mime-type";s:9:"image/gif";}s:6:"medium";a:4:{s:4:"file";s:17:"img53-300x300.gif";s:5:"width";i:300;s:6:"height";i:300;s:9:"mime-type";s:9:"image/gif";}s:5:"large";a:4:{s:4:"file";s:19:"img53-1024x1024.gif";s:5:"width";i:1024;s:6:"height";i:1024;s:9:"mime-type";s:9:"image/gif";}s:7:"266x266";a:4:{s:4:"file";s:17:"img53-266x266.gif";s:5:"width";i:266;s:6:"height";i:266;s:9:"mime-type";s:9:"image/gif";}s:7:"400x300";a:4:{s:4:"file";s:17:"img53-400x300.gif";s:5:"width";i:400;s:6:"height";i:300;s:9:"mime-type";s:9:"image/gif";}s:7:"800x600";a:4:{s:4:"file";s:17:"img53-800x600.gif";s:5:"width";i:800;s:6:"height";i:600;s:9:"mime-type";s:9:"image/gif";}s:5:"80x60";a:4:{s:4:"file";s:15:"img53-80x60.gif";s:5:"width";i:80;s:6:"height";i:60;s:9:"mime-type";s:9:"image/gif";}}s:10:"image_meta";a:11:{s:8:"aperture";i:0;s:6:"credit";s:0:"";s:6:"camera";s:0:"";s:7:"caption";s:0:"";s:17:"created_timestamp";i:0;s:9:"copyright";s:0:"";s:12:"focal_length";i:0;s:3:"iso";i:0;s:13:"shutter_speed";i:0;s:5:"title";s:0:"";s:11:"orientation";i:0;}}]]></wp:meta_value>
		</wp:postmeta>
	</item>
	<item>
		<title>img65</title>
		<link>http://travelarabic3.wpengine.com/?attachment_id=5494</link>
		<pubDate>Thu, 26 Mar 2015 11:41:33 +0000</pubDate>
		<dc:creator><![CDATA[admin]]></dc:creator>
		<guid isPermaLink="false">http://travelarabic3.wpengine.com/wp-content/uploads/2014/11/img65.gif</guid>
		<description></description>
		<content:encoded><![CDATA[]]></content:encoded>
		<excerpt:encoded><![CDATA[]]></excerpt:encoded>
		<wp:post_id>5494</wp:post_id>
		<wp:post_date>2015-03-26 11:41:33</wp:post_date>
		<wp:post_date_gmt>2015-03-26 11:41:33</wp:post_date_gmt>
		<wp:comment_status>open</wp:comment_status>
		<wp:ping_status>open</wp:ping_status>
		<wp:post_name>img65</wp:post_name>
		<wp:status>inherit</wp:status>
		<wp:post_parent>285</wp:post_parent>
		<wp:menu_order>0</wp:menu_order>
		<wp:post_type>attachment</wp:post_type>
		<wp:post_password></wp:post_password>
		<wp:is_sticky>0</wp:is_sticky>
		<wp:attachment_url>http://travelarabic3.wpengine.com/wp-content/uploads/2014/11/img65.gif</wp:attachment_url>
		<wp:postmeta>
			<wp:meta_key>_wp_attached_file</wp:meta_key>
			<wp:meta_value><![CDATA[2014/11/img65.gif]]></wp:meta_value>
		</wp:postmeta>
		<wp:postmeta>
			<wp:meta_key>_wp_attachment_metadata</wp:meta_key>
			<wp:meta_value><![CDATA[a:5:{s:5:"width";i:1250;s:6:"height";i:900;s:4:"file";s:17:"2014/11/img65.gif";s:5:"sizes";a:7:{s:9:"thumbnail";a:4:{s:4:"file";s:17:"img65-150x150.gif";s:5:"width";i:150;s:6:"height";i:150;s:9:"mime-type";s:9:"image/gif";}s:6:"medium";a:4:{s:4:"file";s:17:"img65-300x300.gif";s:5:"width";i:300;s:6:"height";i:300;s:9:"mime-type";s:9:"image/gif";}s:5:"large";a:4:{s:4:"file";s:19:"img65-1024x1024.gif";s:5:"width";i:1024;s:6:"height";i:1024;s:9:"mime-type";s:9:"image/gif";}s:7:"266x266";a:4:{s:4:"file";s:17:"img65-266x266.gif";s:5:"width";i:266;s:6:"height";i:266;s:9:"mime-type";s:9:"image/gif";}s:7:"400x300";a:4:{s:4:"file";s:17:"img65-400x300.gif";s:5:"width";i:400;s:6:"height";i:300;s:9:"mime-type";s:9:"image/gif";}s:7:"800x600";a:4:{s:4:"file";s:17:"img65-800x600.gif";s:5:"width";i:800;s:6:"height";i:600;s:9:"mime-type";s:9:"image/gif";}s:5:"80x60";a:4:{s:4:"file";s:15:"img65-80x60.gif";s:5:"width";i:80;s:6:"height";i:60;s:9:"mime-type";s:9:"image/gif";}}s:10:"image_meta";a:11:{s:8:"aperture";i:0;s:6:"credit";s:0:"";s:6:"camera";s:0:"";s:7:"caption";s:0:"";s:17:"created_timestamp";i:0;s:9:"copyright";s:0:"";s:12:"focal_length";i:0;s:3:"iso";i:0;s:13:"shutter_speed";i:0;s:5:"title";s:0:"";s:11:"orientation";i:0;}}]]></wp:meta_value>
		</wp:postmeta>
	</item>
	<item>
		<title>sm</title>
		<link>http://travelarabic3.wpengine.com/?attachment_id=5496</link>
		<pubDate>Fri, 27 Mar 2015 03:22:06 +0000</pubDate>
		<dc:creator><![CDATA[admin]]></dc:creator>
		<guid isPermaLink="false">http://travelarabic3.wpengine.com/wp-content/uploads/2014/11/sm.png</guid>
		<description></description>
		<content:encoded><![CDATA[]]></content:encoded>
		<excerpt:encoded><![CDATA[]]></excerpt:encoded>
		<wp:post_id>5496</wp:post_id>
		<wp:post_date>2015-03-27 03:22:06</wp:post_date>
		<wp:post_date_gmt>2015-03-27 03:22:06</wp:post_date_gmt>
		<wp:comment_status>open</wp:comment_status>
		<wp:ping_status>open</wp:ping_status>
		<wp:post_name>sm</wp:post_name>
		<wp:status>inherit</wp:status>
		<wp:post_parent>287</wp:post_parent>
		<wp:menu_order>0</wp:menu_order>
		<wp:post_type>attachment</wp:post_type>
		<wp:post_password></wp:post_password>
		<wp:is_sticky>0</wp:is_sticky>
		<wp:attachment_url>http://travelarabic3.wpengine.com/wp-content/uploads/2014/11/sm.png</wp:attachment_url>
		<wp:postmeta>
			<wp:meta_key>_wp_attached_file</wp:meta_key>
			<wp:meta_value><![CDATA[2014/11/sm.png]]></wp:meta_value>
		</wp:postmeta>
		<wp:postmeta>
			<wp:meta_key>_wp_attachment_metadata</wp:meta_key>
			<wp:meta_value><![CDATA[a:5:{s:5:"width";i:32;s:6:"height";i:32;s:4:"file";s:14:"2014/11/sm.png";s:5:"sizes";a:4:{s:9:"thumbnail";a:4:{s:4:"file";s:14:"sm-150x150.png";s:5:"width";i:150;s:6:"height";i:150;s:9:"mime-type";s:9:"image/png";}s:6:"medium";a:4:{s:4:"file";s:14:"sm-300x300.png";s:5:"width";i:300;s:6:"height";i:300;s:9:"mime-type";s:9:"image/png";}s:5:"large";a:4:{s:4:"file";s:16:"sm-1024x1024.png";s:5:"width";i:1024;s:6:"height";i:1024;s:9:"mime-type";s:9:"image/png";}s:5:"80x60";a:4:{s:4:"file";s:12:"sm-80x60.png";s:5:"width";i:80;s:6:"height";i:60;s:9:"mime-type";s:9:"image/png";}}s:10:"image_meta";a:11:{s:8:"aperture";i:0;s:6:"credit";s:0:"";s:6:"camera";s:0:"";s:7:"caption";s:0:"";s:17:"created_timestamp";i:0;s:9:"copyright";s:0:"";s:12:"focal_length";i:0;s:3:"iso";i:0;s:13:"shutter_speed";i:0;s:5:"title";s:0:"";s:11:"orientation";i:0;}}]]></wp:meta_value>
		</wp:postmeta>
	</item>
	<item>
		<title>logo</title>
		<link>http://travelarabic3.wpengine.com/?attachment_id=5497</link>
		<pubDate>Fri, 27 Mar 2015 03:29:38 +0000</pubDate>
		<dc:creator><![CDATA[admin]]></dc:creator>
		<guid isPermaLink="false">http://travelarabic3.wpengine.com/wp-content/uploads/2015/03/logo.gif</guid>
		<description></description>
		<content:encoded><![CDATA[]]></content:encoded>
		<excerpt:encoded><![CDATA[]]></excerpt:encoded>
		<wp:post_id>5497</wp:post_id>
		<wp:post_date>2015-03-27 03:29:38</wp:post_date>
		<wp:post_date_gmt>2015-03-27 03:29:38</wp:post_date_gmt>
		<wp:comment_status>open</wp:comment_status>
		<wp:ping_status>open</wp:ping_status>
		<wp:post_name>logo</wp:post_name>
		<wp:status>inherit</wp:status>
		<wp:post_parent>5</wp:post_parent>
		<wp:menu_order>0</wp:menu_order>
		<wp:post_type>attachment</wp:post_type>
		<wp:post_password></wp:post_password>
		<wp:is_sticky>0</wp:is_sticky>
		<wp:attachment_url>http://travelarabic3.wpengine.com/wp-content/uploads/2015/03/logo.gif</wp:attachment_url>
		<wp:postmeta>
			<wp:meta_key>_wp_attached_file</wp:meta_key>
			<wp:meta_value><![CDATA[2015/03/logo.gif]]></wp:meta_value>
		</wp:postmeta>
		<wp:postmeta>
			<wp:meta_key>_wp_attachment_metadata</wp:meta_key>
			<wp:meta_value><![CDATA[a:5:{s:5:"width";i:110;s:6:"height";i:40;s:4:"file";s:16:"2015/03/logo.gif";s:5:"sizes";a:4:{s:9:"thumbnail";a:4:{s:4:"file";s:16:"logo-150x150.gif";s:5:"width";i:150;s:6:"height";i:150;s:9:"mime-type";s:9:"image/gif";}s:6:"medium";a:4:{s:4:"file";s:16:"logo-300x300.gif";s:5:"width";i:300;s:6:"height";i:300;s:9:"mime-type";s:9:"image/gif";}s:5:"large";a:4:{s:4:"file";s:18:"logo-1024x1024.gif";s:5:"width";i:1024;s:6:"height";i:1024;s:9:"mime-type";s:9:"image/gif";}s:5:"80x60";a:4:{s:4:"file";s:14:"logo-80x60.gif";s:5:"width";i:80;s:6:"height";i:60;s:9:"mime-type";s:9:"image/gif";}}s:10:"image_meta";a:11:{s:8:"aperture";i:0;s:6:"credit";s:0:"";s:6:"camera";s:0:"";s:7:"caption";s:0:"";s:17:"created_timestamp";i:0;s:9:"copyright";s:0:"";s:12:"focal_length";i:0;s:3:"iso";i:0;s:13:"shutter_speed";i:0;s:5:"title";s:0:"";s:11:"orientation";i:0;}}]]></wp:meta_value>
		</wp:postmeta>
	</item>
	<item>
		<title>48</title>
		<link>http://travelarabic3.wpengine.com/?attachment_id=5500</link>
		<pubDate>Fri, 27 Mar 2015 04:53:54 +0000</pubDate>
		<dc:creator><![CDATA[admin]]></dc:creator>
		<guid isPermaLink="false">http://travelarabic3.wpengine.com/wp-content/uploads/2014/11/48.gif</guid>
		<description></description>
		<content:encoded><![CDATA[]]></content:encoded>
		<excerpt:encoded><![CDATA[]]></excerpt:encoded>
		<wp:post_id>5500</wp:post_id>
		<wp:post_date>2015-03-27 04:53:54</wp:post_date>
		<wp:post_date_gmt>2015-03-27 04:53:54</wp:post_date_gmt>
		<wp:comment_status>open</wp:comment_status>
		<wp:ping_status>open</wp:ping_status>
		<wp:post_name>48</wp:post_name>
		<wp:status>inherit</wp:status>
		<wp:post_parent>309</wp:post_parent>
		<wp:menu_order>0</wp:menu_order>
		<wp:post_type>attachment</wp:post_type>
		<wp:post_password></wp:post_password>
		<wp:is_sticky>0</wp:is_sticky>
		<wp:attachment_url>http://travelarabic3.wpengine.com/wp-content/uploads/2014/11/48.gif</wp:attachment_url>
		<wp:postmeta>
			<wp:meta_key>_wp_attached_file</wp:meta_key>
			<wp:meta_value><![CDATA[2014/11/48.gif]]></wp:meta_value>
		</wp:postmeta>
		<wp:postmeta>
			<wp:meta_key>_wp_attachment_metadata</wp:meta_key>
			<wp:meta_value><![CDATA[a:5:{s:5:"width";i:150;s:6:"height";i:150;s:4:"file";s:14:"2014/11/48.gif";s:5:"sizes";a:5:{s:9:"thumbnail";a:4:{s:4:"file";s:14:"48-150x150.gif";s:5:"width";i:150;s:6:"height";i:150;s:9:"mime-type";s:9:"image/gif";}s:6:"medium";a:4:{s:4:"file";s:14:"48-300x300.gif";s:5:"width";i:300;s:6:"height";i:300;s:9:"mime-type";s:9:"image/gif";}s:5:"large";a:4:{s:4:"file";s:16:"48-1024x1024.gif";s:5:"width";i:1024;s:6:"height";i:1024;s:9:"mime-type";s:9:"image/gif";}s:5:"50x50";a:4:{s:4:"file";s:12:"48-50x50.gif";s:5:"width";i:50;s:6:"height";i:50;s:9:"mime-type";s:9:"image/gif";}s:5:"80x60";a:4:{s:4:"file";s:12:"48-80x60.gif";s:5:"width";i:80;s:6:"height";i:60;s:9:"mime-type";s:9:"image/gif";}}s:10:"image_meta";a:11:{s:8:"aperture";i:0;s:6:"credit";s:0:"";s:6:"camera";s:0:"";s:7:"caption";s:0:"";s:17:"created_timestamp";i:0;s:9:"copyright";s:0:"";s:12:"focal_length";i:0;s:3:"iso";i:0;s:13:"shutter_speed";i:0;s:5:"title";s:0:"";s:11:"orientation";i:0;}}]]></wp:meta_value>
		</wp:postmeta>
	</item>
	<item>
		<title>49</title>
		<link>http://travelarabic3.wpengine.com/?attachment_id=5501</link>
		<pubDate>Fri, 27 Mar 2015 04:53:55 +0000</pubDate>
		<dc:creator><![CDATA[admin]]></dc:creator>
		<guid isPermaLink="false">http://travelarabic3.wpengine.com/wp-content/uploads/2014/11/49.gif</guid>
		<description></description>
		<content:encoded><![CDATA[]]></content:encoded>
		<excerpt:encoded><![CDATA[]]></excerpt:encoded>
		<wp:post_id>5501</wp:post_id>
		<wp:post_date>2015-03-27 04:53:55</wp:post_date>
		<wp:post_date_gmt>2015-03-27 04:53:55</wp:post_date_gmt>
		<wp:comment_status>open</wp:comment_status>
		<wp:ping_status>open</wp:ping_status>
		<wp:post_name>49</wp:post_name>
		<wp:status>inherit</wp:status>
		<wp:post_parent>309</wp:post_parent>
		<wp:menu_order>0</wp:menu_order>
		<wp:post_type>attachment</wp:post_type>
		<wp:post_password></wp:post_password>
		<wp:is_sticky>0</wp:is_sticky>
		<wp:attachment_url>http://travelarabic3.wpengine.com/wp-content/uploads/2014/11/49.gif</wp:attachment_url>
		<wp:postmeta>
			<wp:meta_key>_wp_attached_file</wp:meta_key>
			<wp:meta_value><![CDATA[2014/11/49.gif]]></wp:meta_value>
		</wp:postmeta>
		<wp:postmeta>
			<wp:meta_key>_wp_attachment_metadata</wp:meta_key>
			<wp:meta_value><![CDATA[a:5:{s:5:"width";i:150;s:6:"height";i:150;s:4:"file";s:14:"2014/11/49.gif";s:5:"sizes";a:5:{s:9:"thumbnail";a:4:{s:4:"file";s:14:"49-150x150.gif";s:5:"width";i:150;s:6:"height";i:150;s:9:"mime-type";s:9:"image/gif";}s:6:"medium";a:4:{s:4:"file";s:14:"49-300x300.gif";s:5:"width";i:300;s:6:"height";i:300;s:9:"mime-type";s:9:"image/gif";}s:5:"large";a:4:{s:4:"file";s:16:"49-1024x1024.gif";s:5:"width";i:1024;s:6:"height";i:1024;s:9:"mime-type";s:9:"image/gif";}s:5:"50x50";a:4:{s:4:"file";s:12:"49-50x50.gif";s:5:"width";i:50;s:6:"height";i:50;s:9:"mime-type";s:9:"image/gif";}s:5:"80x60";a:4:{s:4:"file";s:12:"49-80x60.gif";s:5:"width";i:80;s:6:"height";i:60;s:9:"mime-type";s:9:"image/gif";}}s:10:"image_meta";a:11:{s:8:"aperture";i:0;s:6:"credit";s:0:"";s:6:"camera";s:0:"";s:7:"caption";s:0:"";s:17:"created_timestamp";i:0;s:9:"copyright";s:0:"";s:12:"focal_length";i:0;s:3:"iso";i:0;s:13:"shutter_speed";i:0;s:5:"title";s:0:"";s:11:"orientation";i:0;}}]]></wp:meta_value>
		</wp:postmeta>
	</item>
	<item>
		<title>img28</title>
		<link>http://travelarabic3.wpengine.com/?attachment_id=5510</link>
		<pubDate>Mon, 30 Mar 2015 10:48:30 +0000</pubDate>
		<dc:creator><![CDATA[admin]]></dc:creator>
		<guid isPermaLink="false">http://travelarabic3.wpengine.com/wp-content/uploads/2014/12/img28.gif</guid>
		<description></description>
		<content:encoded><![CDATA[]]></content:encoded>
		<excerpt:encoded><![CDATA[]]></excerpt:encoded>
		<wp:post_id>5510</wp:post_id>
		<wp:post_date>2015-03-30 10:48:30</wp:post_date>
		<wp:post_date_gmt>2015-03-30 10:48:30</wp:post_date_gmt>
		<wp:comment_status>open</wp:comment_status>
		<wp:ping_status>open</wp:ping_status>
		<wp:post_name>img28</wp:post_name>
		<wp:status>inherit</wp:status>
		<wp:post_parent>494</wp:post_parent>
		<wp:menu_order>0</wp:menu_order>
		<wp:post_type>attachment</wp:post_type>
		<wp:post_password></wp:post_password>
		<wp:is_sticky>0</wp:is_sticky>
		<wp:attachment_url>http://travelarabic3.wpengine.com/wp-content/uploads/2014/12/img28.gif</wp:attachment_url>
		<wp:postmeta>
			<wp:meta_key>_wp_attached_file</wp:meta_key>
			<wp:meta_value><![CDATA[2014/12/img28.gif]]></wp:meta_value>
		</wp:postmeta>
		<wp:postmeta>
			<wp:meta_key>_wp_attachment_metadata</wp:meta_key>
			<wp:meta_value><![CDATA[a:5:{s:5:"width";i:570;s:6:"height";i:400;s:4:"file";s:17:"2014/12/img28.gif";s:5:"sizes";a:5:{s:9:"thumbnail";a:4:{s:4:"file";s:17:"img28-150x150.gif";s:5:"width";i:150;s:6:"height";i:150;s:9:"mime-type";s:9:"image/gif";}s:6:"medium";a:4:{s:4:"file";s:17:"img28-300x300.gif";s:5:"width";i:300;s:6:"height";i:300;s:9:"mime-type";s:9:"image/gif";}s:5:"large";a:4:{s:4:"file";s:19:"img28-1024x1024.gif";s:5:"width";i:1024;s:6:"height";i:1024;s:9:"mime-type";s:9:"image/gif";}s:7:"800x600";a:4:{s:4:"file";s:17:"img28-800x600.gif";s:5:"width";i:800;s:6:"height";i:600;s:9:"mime-type";s:9:"image/gif";}s:5:"80x60";a:4:{s:4:"file";s:15:"img28-80x60.gif";s:5:"width";i:80;s:6:"height";i:60;s:9:"mime-type";s:9:"image/gif";}}s:10:"image_meta";a:11:{s:8:"aperture";i:0;s:6:"credit";s:0:"";s:6:"camera";s:0:"";s:7:"caption";s:0:"";s:17:"created_timestamp";i:0;s:9:"copyright";s:0:"";s:12:"focal_length";i:0;s:3:"iso";i:0;s:13:"shutter_speed";i:0;s:5:"title";s:0:"";s:11:"orientation";i:0;}}]]></wp:meta_value>
		</wp:postmeta>
	</item>
	<item>
		<title>img36</title>
		<link>http://travelarabic3.wpengine.com/?attachment_id=5511</link>
		<pubDate>Mon, 30 Mar 2015 10:48:31 +0000</pubDate>
		<dc:creator><![CDATA[admin]]></dc:creator>
		<guid isPermaLink="false">http://travelarabic3.wpengine.com/wp-content/uploads/2014/12/img36.gif</guid>
		<description></description>
		<content:encoded><![CDATA[]]></content:encoded>
		<excerpt:encoded><![CDATA[]]></excerpt:encoded>
		<wp:post_id>5511</wp:post_id>
		<wp:post_date>2015-03-30 10:48:31</wp:post_date>
		<wp:post_date_gmt>2015-03-30 10:48:31</wp:post_date_gmt>
		<wp:comment_status>open</wp:comment_status>
		<wp:ping_status>open</wp:ping_status>
		<wp:post_name>img36</wp:post_name>
		<wp:status>inherit</wp:status>
		<wp:post_parent>494</wp:post_parent>
		<wp:menu_order>0</wp:menu_order>
		<wp:post_type>attachment</wp:post_type>
		<wp:post_password></wp:post_password>
		<wp:is_sticky>0</wp:is_sticky>
		<wp:attachment_url>http://travelarabic3.wpengine.com/wp-content/uploads/2014/12/img36.gif</wp:attachment_url>
		<wp:postmeta>
			<wp:meta_key>_wp_attached_file</wp:meta_key>
			<wp:meta_value><![CDATA[2014/12/img36.gif]]></wp:meta_value>
		</wp:postmeta>
		<wp:postmeta>
			<wp:meta_key>_wp_attachment_metadata</wp:meta_key>
			<wp:meta_value><![CDATA[a:5:{s:5:"width";i:600;s:6:"height";i:600;s:4:"file";s:17:"2014/12/img36.gif";s:5:"sizes";a:5:{s:9:"thumbnail";a:4:{s:4:"file";s:17:"img36-150x150.gif";s:5:"width";i:150;s:6:"height";i:150;s:9:"mime-type";s:9:"image/gif";}s:6:"medium";a:4:{s:4:"file";s:17:"img36-300x300.gif";s:5:"width";i:300;s:6:"height";i:300;s:9:"mime-type";s:9:"image/gif";}s:5:"large";a:4:{s:4:"file";s:19:"img36-1024x1024.gif";s:5:"width";i:1024;s:6:"height";i:1024;s:9:"mime-type";s:9:"image/gif";}s:7:"800x600";a:4:{s:4:"file";s:17:"img36-800x600.gif";s:5:"width";i:800;s:6:"height";i:600;s:9:"mime-type";s:9:"image/gif";}s:5:"80x60";a:4:{s:4:"file";s:15:"img36-80x60.gif";s:5:"width";i:80;s:6:"height";i:60;s:9:"mime-type";s:9:"image/gif";}}s:10:"image_meta";a:11:{s:8:"aperture";i:0;s:6:"credit";s:0:"";s:6:"camera";s:0:"";s:7:"caption";s:0:"";s:17:"created_timestamp";i:0;s:9:"copyright";s:0:"";s:12:"focal_length";i:0;s:3:"iso";i:0;s:13:"shutter_speed";i:0;s:5:"title";s:0:"";s:11:"orientation";i:0;}}]]></wp:meta_value>
		</wp:postmeta>
	</item>
	<item>
		<title>img36</title>
		<link>http://travelarabic3.wpengine.com/?attachment_id=5513</link>
		<pubDate>Fri, 03 Apr 2015 09:08:41 +0000</pubDate>
		<dc:creator><![CDATA[admin]]></dc:creator>
		<guid isPermaLink="false">http://travelarabic3.wpengine.com/wp-content/uploads/2014/11/img36.gif</guid>
		<description></description>
		<content:encoded><![CDATA[]]></content:encoded>
		<excerpt:encoded><![CDATA[]]></excerpt:encoded>
		<wp:post_id>5513</wp:post_id>
		<wp:post_date>2015-04-03 09:08:41</wp:post_date>
		<wp:post_date_gmt>2015-04-03 09:08:41</wp:post_date_gmt>
		<wp:comment_status>open</wp:comment_status>
		<wp:ping_status>open</wp:ping_status>
		<wp:post_name>img36-2</wp:post_name>
		<wp:status>inherit</wp:status>
		<wp:post_parent>34</wp:post_parent>
		<wp:menu_order>0</wp:menu_order>
		<wp:post_type>attachment</wp:post_type>
		<wp:post_password></wp:post_password>
		<wp:is_sticky>0</wp:is_sticky>
		<wp:attachment_url>http://travelarabic3.wpengine.com/wp-content/uploads/2014/11/img36.gif</wp:attachment_url>
		<wp:postmeta>
			<wp:meta_key>_wp_attached_file</wp:meta_key>
			<wp:meta_value><![CDATA[2014/11/img36.gif]]></wp:meta_value>
		</wp:postmeta>
		<wp:postmeta>
			<wp:meta_key>_wp_attachment_metadata</wp:meta_key>
			<wp:meta_value><![CDATA[a:5:{s:5:"width";i:600;s:6:"height";i:600;s:4:"file";s:17:"2014/11/img36.gif";s:5:"sizes";a:5:{s:9:"thumbnail";a:4:{s:4:"file";s:17:"img36-150x150.gif";s:5:"width";i:150;s:6:"height";i:150;s:9:"mime-type";s:9:"image/gif";}s:6:"medium";a:4:{s:4:"file";s:17:"img36-300x300.gif";s:5:"width";i:300;s:6:"height";i:300;s:9:"mime-type";s:9:"image/gif";}s:5:"large";a:4:{s:4:"file";s:19:"img36-1024x1024.gif";s:5:"width";i:1024;s:6:"height";i:1024;s:9:"mime-type";s:9:"image/gif";}s:7:"800x600";a:4:{s:4:"file";s:17:"img36-800x600.gif";s:5:"width";i:800;s:6:"height";i:600;s:9:"mime-type";s:9:"image/gif";}s:5:"80x60";a:4:{s:4:"file";s:15:"img36-80x60.gif";s:5:"width";i:80;s:6:"height";i:60;s:9:"mime-type";s:9:"image/gif";}}s:10:"image_meta";a:11:{s:8:"aperture";i:0;s:6:"credit";s:0:"";s:6:"camera";s:0:"";s:7:"caption";s:0:"";s:17:"created_timestamp";i:0;s:9:"copyright";s:0:"";s:12:"focal_length";i:0;s:3:"iso";i:0;s:13:"shutter_speed";i:0;s:5:"title";s:0:"";s:11:"orientation";i:0;}}]]></wp:meta_value>
		</wp:postmeta>
	</item>
	<item>
		<title>img37</title>
		<link>http://travelarabic3.wpengine.com/?attachment_id=5514</link>
		<pubDate>Fri, 03 Apr 2015 09:08:42 +0000</pubDate>
		<dc:creator><![CDATA[admin]]></dc:creator>
		<guid isPermaLink="false">http://travelarabic3.wpengine.com/wp-content/uploads/2014/11/img37.gif</guid>
		<description></description>
		<content:encoded><![CDATA[]]></content:encoded>
		<excerpt:encoded><![CDATA[]]></excerpt:encoded>
		<wp:post_id>5514</wp:post_id>
		<wp:post_date>2015-04-03 09:08:42</wp:post_date>
		<wp:post_date_gmt>2015-04-03 09:08:42</wp:post_date_gmt>
		<wp:comment_status>open</wp:comment_status>
		<wp:ping_status>open</wp:ping_status>
		<wp:post_name>img37</wp:post_name>
		<wp:status>inherit</wp:status>
		<wp:post_parent>34</wp:post_parent>
		<wp:menu_order>0</wp:menu_order>
		<wp:post_type>attachment</wp:post_type>
		<wp:post_password></wp:post_password>
		<wp:is_sticky>0</wp:is_sticky>
		<wp:attachment_url>http://travelarabic3.wpengine.com/wp-content/uploads/2014/11/img37.gif</wp:attachment_url>
		<wp:postmeta>
			<wp:meta_key>_wp_attached_file</wp:meta_key>
			<wp:meta_value><![CDATA[2014/11/img37.gif]]></wp:meta_value>
		</wp:postmeta>
		<wp:postmeta>
			<wp:meta_key>_wp_attachment_metadata</wp:meta_key>
			<wp:meta_value><![CDATA[a:5:{s:5:"width";i:600;s:6:"height";i:600;s:4:"file";s:17:"2014/11/img37.gif";s:5:"sizes";a:5:{s:9:"thumbnail";a:4:{s:4:"file";s:17:"img37-150x150.gif";s:5:"width";i:150;s:6:"height";i:150;s:9:"mime-type";s:9:"image/gif";}s:6:"medium";a:4:{s:4:"file";s:17:"img37-300x300.gif";s:5:"width";i:300;s:6:"height";i:300;s:9:"mime-type";s:9:"image/gif";}s:5:"large";a:4:{s:4:"file";s:19:"img37-1024x1024.gif";s:5:"width";i:1024;s:6:"height";i:1024;s:9:"mime-type";s:9:"image/gif";}s:7:"800x600";a:4:{s:4:"file";s:17:"img37-800x600.gif";s:5:"width";i:800;s:6:"height";i:600;s:9:"mime-type";s:9:"image/gif";}s:5:"80x60";a:4:{s:4:"file";s:15:"img37-80x60.gif";s:5:"width";i:80;s:6:"height";i:60;s:9:"mime-type";s:9:"image/gif";}}s:10:"image_meta";a:11:{s:8:"aperture";i:0;s:6:"credit";s:0:"";s:6:"camera";s:0:"";s:7:"caption";s:0:"";s:17:"created_timestamp";i:0;s:9:"copyright";s:0:"";s:12:"focal_length";i:0;s:3:"iso";i:0;s:13:"shutter_speed";i:0;s:5:"title";s:0:"";s:11:"orientation";i:0;}}]]></wp:meta_value>
		</wp:postmeta>
	</item>
</channel>
</rss>
