<?xml version="1.0" encoding="UTF-8" ?>
<!-- This is a WordPress eXtended RSS file generated by WordPress as an export of your site. -->
<!-- It contains information about your site's posts, pages, comments, categories, and other content. -->
<!-- You may use this file to transfer that content from one site to another. -->
<!-- This file is not intended to serve as a complete backup of your site. -->

<!-- To import this information into a WordPress site follow these steps: -->
<!-- 1. Log in to that site as an administrator. -->
<!-- 2. Go to Tools: Import in the WordPress admin panel. -->
<!-- 3. Install the "WordPress" importer from the list. -->
<!-- 4. Activate & Run Importer. -->
<!-- 5. Upload this file using the form provided on that page. -->
<!-- 6. You will first be asked to map the authors in this export file to users -->
<!--    on the site. For each author, you may choose to map to an -->
<!--    existing user on the site or to create a new user. -->
<!-- 7. WordPress will then import each of the posts, pages, comments, categories, etc. -->
<!--    contained in this file into your site. -->

<!-- generator="WordPress/4.1.1" created="2015-04-06 10:18" -->
<rss version="2.0"
	xmlns:excerpt="http://wordpress.org/export/1.2/excerpt/"
	xmlns:content="http://purl.org/rss/1.0/modules/content/"
	xmlns:wfw="http://wellformedweb.org/CommentAPI/"
	xmlns:dc="http://purl.org/dc/elements/1.1/"
	xmlns:wp="http://wordpress.org/export/1.2/"
>

<channel>
	<title>Traveler Arabic</title>
	<link>http://travelarabic3.wpengine.com</link>
	<description>Just another WordPress site</description>
	<pubDate>Mon, 06 Apr 2015 10:18:56 +0000</pubDate>
	<language>ar</language>
	<wp:wxr_version>1.2</wp:wxr_version>
	<wp:base_site_url>http://travelarabic3.wpengine.com</wp:base_site_url>
	<wp:base_blog_url>http://travelarabic3.wpengine.com</wp:base_blog_url>

	<wp:author><wp:author_id>1</wp:author_id><wp:author_login>admin</wp:author_login><wp:author_email>hanhnhan.hna@gmail.com</wp:author_email><wp:author_display_name><![CDATA[admin]]></wp:author_display_name><wp:author_first_name><![CDATA[]]></wp:author_first_name><wp:author_last_name><![CDATA[]]></wp:author_last_name></wp:author>


	<generator>http://wordpress.org/?v=4.1.1</generator>

	<item>
		<title>Hello world!</title>
		<link>http://travelarabic3.wpengine.com/?p=4890</link>
		<pubDate>Wed, 19 Nov 2014 10:30:39 +0000</pubDate>
		<dc:creator><![CDATA[admin]]></dc:creator>
		<guid isPermaLink="false">http://traveler.shinethemedev.com/wordpress/?p=1</guid>
		<description></description>
		<content:encoded><![CDATA[Welcome to WordPress. This is your first post. Edit or delete it, then start blogging!]]></content:encoded>
		<excerpt:encoded><![CDATA[]]></excerpt:encoded>
		<wp:post_id>4890</wp:post_id>
		<wp:post_date>2014-11-19 10:30:39</wp:post_date>
		<wp:post_date_gmt>2014-11-19 10:30:39</wp:post_date_gmt>
		<wp:comment_status>open</wp:comment_status>
		<wp:ping_status>open</wp:ping_status>
		<wp:post_name>hello-world-2</wp:post_name>
		<wp:status>publish</wp:status>
		<wp:post_parent>0</wp:post_parent>
		<wp:menu_order>0</wp:menu_order>
		<wp:post_type>post</wp:post_type>
		<wp:post_password></wp:post_password>
		<wp:is_sticky>0</wp:is_sticky>
		<category domain="post_format" nicename="post-format-gallery"><![CDATA[معرض]]></category>
		<category domain="category" nicename="%d8%a7%d9%84%d8%b3%d9%81%d8%b1-%d8%a3%d8%b1%d8%a8%d8%b9%d8%a9"><![CDATA[السفر أربعة]]></category>
		<category domain="category" nicename="%d8%b7%d8%a8%d9%8a%d8%b9%d8%a9"><![CDATA[طبيعة]]></category>
		<wp:postmeta>
			<wp:meta_key>rate_review</wp:meta_key>
			<wp:meta_value><![CDATA[0]]></wp:meta_value>
		</wp:postmeta>
		<wp:postmeta>
			<wp:meta_key>post_views_count</wp:meta_key>
			<wp:meta_value><![CDATA[]]></wp:meta_value>
		</wp:postmeta>
		<wp:postmeta>
			<wp:meta_key>_edit_last</wp:meta_key>
			<wp:meta_value><![CDATA[1]]></wp:meta_value>
		</wp:postmeta>
		<wp:postmeta>
			<wp:meta_key>_vc_post_settings</wp:meta_key>
			<wp:meta_value><![CDATA[a:2:{s:7:"vc_grid";a:0:{}s:10:"vc_grid_id";a:0:{}}]]></wp:meta_value>
		</wp:postmeta>
		<wp:postmeta>
			<wp:meta_key>gallery</wp:meta_key>
			<wp:meta_value><![CDATA[5486,5485,5484]]></wp:meta_value>
		</wp:postmeta>
		<wp:comment>
			<wp:comment_id>2</wp:comment_id>
			<wp:comment_author><![CDATA[Mr WordPress]]></wp:comment_author>
			<wp:comment_author_email></wp:comment_author_email>
			<wp:comment_author_url>https://wordpress.org/</wp:comment_author_url>
			<wp:comment_author_IP></wp:comment_author_IP>
			<wp:comment_date>2014-11-19 10:30:39</wp:comment_date>
			<wp:comment_date_gmt>2014-11-19 10:30:39</wp:comment_date_gmt>
			<wp:comment_content><![CDATA[Hi, this is a comment.
To delete a comment, just log in and view the post&#039;s comments. There you will have the option to edit or delete them.]]></wp:comment_content>
			<wp:comment_approved>1</wp:comment_approved>
			<wp:comment_type></wp:comment_type>
			<wp:comment_parent>0</wp:comment_parent>
			<wp:comment_user_id>0</wp:comment_user_id>
		</wp:comment>
	</item>
	<item>
		<title>افتراضي مشاركة نوع</title>
		<link>http://travelarabic3.wpengine.com/?p=4891</link>
		<pubDate>Mon, 02 Mar 2015 07:40:43 +0000</pubDate>
		<dc:creator><![CDATA[admin]]></dc:creator>
		<guid isPermaLink="false">http://shinetheme.com/demosd/traveler_arabic/?p=4891</guid>
		<description></description>
		<content:encoded><![CDATA[Eget sagittis justo orci faucibus platea consectetur hac imperdiet mi risus fames sapien rhoncus mattis posuere iaculis id turpis et maecenas sociosqu at eleifend velit commodo nascetur facilisis cras ornare

Mattis platea tellus lectus magnis conubia malesuada vehicula non sit tellus cubilia leo massa feugiat magnis condimentum in posuere venenatis dapibus dis hendrerit aenean purus cras convallis parturient justo ut hac faucibus euismod sem torquent venenatis varius maecenas at bibendum luctus dapibus proin odio magna neque eleifend class at vel ipsum lacinia sed volutpat nostra commodo sed ultrices phasellus bibendum ornare libero velit sollicitudin lectus sem eu hac rhoncus praesent ac blandit pretium imperdiet vitae a tristique mollis metus natoque integer in magnis quisque semper penatibus elit amet eleifend natoque nisl imperdiet erat sodales urna eros vestibulum placerat ante nunc
<h5>Venenatis sit fermentum vestibulum gravida luctus</h5>
Neque elementum porta hendrerit dictum ultrices consequat porttitor vel vestibulum dolor donec elit taciti amet condimentum turpis nascetur eleifend condimentum et morbi taciti laoreet dis risus mollis sem accumsan pretium fusce leo natoque hac taciti at dui cum donec tincidunt rutrum aptent venenatis nunc nullam mus eget massa neque nulla netus elit vulputate potenti cubilia arcu potenti scelerisque maecenas per augue hac posuere euismod ut habitant interdum orci nulla elit pharetra vehicula volutpat ad commodo ultricies iaculis conubia rutrum sagittis nunc morbi felis eros class quam sapien nam non porta sem integer mauris taciti libero ac per duis fermentum class
<h5>Interdum egestas mattis</h5>
Tincidunt natoque sollicitudin non class massa natoque praesent vehicula aptent habitasse lacinia cum nascetur penatibus senectus urna tempor lobortis massa accumsan fringilla elit natoque nisi rutrum velit nostra lacinia nascetur auctor pretium porta mi nam magnis cubilia ac torquent adipiscing vitae suscipit aenean tristique ullamcorper interdum libero egestas dictum mauris

Consequat neque magna metus malesuada auctor at et natoque eu nullam commodo scelerisque felis id suspendisse cum quis arcu tincidunt bibendum posuere tempus aenean neque quis mus nunc consectetur a fames mollis orci aenean sollicitudin class odio varius interdum convallis at feugiat porttitor accumsan inceptos etiam vehicula nam nisl in
<h5>Suspendisse cras curabitur rhoncus pellentesque neque accumsan viverra auctor eget</h5>
Parturient cum fames urna aliquet suscipit bibendum aliquam orci dictumst nullam himenaeos lacus pulvinar parturient facilisi tempor nostra id orci varius integer mi rhoncus commodo dis felis massa felis netus ligula dolor at pharetra dictum porttitor faucibus ante dignissim habitant metus sed praesent viverra per molestie luctus vel egestas fringilla platea commodo cum sagittis augue rhoncus ultrices ac sodales sed magnis natoque pretium morbi habitasse nec ultricies sodales ligula nullam diam aliquet etiam scelerisque platea vestibulum sagittis porttitor dictumst viverra libero justo tempus urna eleifend morbi magnis cum non dictumst enim luctus morbi ultricies taciti est mauris suscipit morbi hendrerit luctus natoque aliquam condimentum ullamcorper dapibus molestie fringilla risus elementum quisque inceptos morbi tempus varius cras dis placerat sapien tristique dictum purus molestie mi luctus parturient tempor hendrerit mus massa ante erat iaculis torquent rhoncus montes justo ullamcorper enim auctor ornare curae dui dictum mi pretium tempor praesent aenean dis venenatis aenean nullam phasellus placerat vel eu quis rhoncus sociosqu lobortis molestie lacinia metus curabitur nibh iaculis hac scelerisque aliquam sodales dictum imperdiet libero mollis fusce iaculis ut platea pharetra pulvinar bibendum ac molestie vehicula viverra praesent quam venenatis elementum molestie placerat erat ut pharetra dapibus scelerisque penatibus suspendisse morbi

Aptent mi faucibus per a consequat pulvinar tempor condimentum metus iaculis ac feugiat gravida urna interdum cras per nulla urna mattis class dapibus turpis ultrices posuere scelerisque dictumst fermentum consectetur]]></content:encoded>
		<excerpt:encoded><![CDATA[]]></excerpt:encoded>
		<wp:post_id>4891</wp:post_id>
		<wp:post_date>2015-03-02 07:40:43</wp:post_date>
		<wp:post_date_gmt>2015-03-02 07:40:43</wp:post_date_gmt>
		<wp:comment_status>open</wp:comment_status>
		<wp:ping_status>open</wp:ping_status>
		<wp:post_name>%d8%a7%d9%81%d8%aa%d8%b1%d8%a7%d8%b6%d9%8a-%d9%85%d8%b4%d8%a7%d8%b1%d9%83%d8%a9-%d9%86%d9%88%d8%b9</wp:post_name>
		<wp:status>publish</wp:status>
		<wp:post_parent>0</wp:post_parent>
		<wp:menu_order>0</wp:menu_order>
		<wp:post_type>post</wp:post_type>
		<wp:post_password></wp:post_password>
		<wp:is_sticky>0</wp:is_sticky>
		<category domain="category" nicename="%d8%a7%d9%84%d8%b3%d9%88%d8%a8%d8%b1"><![CDATA[السوبر]]></category>
		<category domain="category" nicename="%d8%a7%d9%84%d8%b3%d9%8a%d8%a7%d8%ad%d8%a9-%d8%a7%d9%84%d8%a8%d9%8a%d8%a6%d9%8a%d8%a9"><![CDATA[السياحة البيئية]]></category>
		<category domain="category" nicename="%d8%aa%d9%83%d9%86%d9%88%d9%84%d9%88%d8%ac%d9%8a%d8%a7-%d8%a7%d9%84%d9%85%d8%b9%d9%84%d9%88%d9%85%d8%a7%d8%aa"><![CDATA[تكنولوجيا المعلومات]]></category>
		<category domain="category" nicename="%d8%b7%d8%a8%d9%8a%d8%b9%d8%a9"><![CDATA[طبيعة]]></category>
		<wp:postmeta>
			<wp:meta_key>rate_review</wp:meta_key>
			<wp:meta_value><![CDATA[0]]></wp:meta_value>
		</wp:postmeta>
		<wp:postmeta>
			<wp:meta_key>_edit_last</wp:meta_key>
			<wp:meta_value><![CDATA[1]]></wp:meta_value>
		</wp:postmeta>
		<wp:postmeta>
			<wp:meta_key>post_views_count</wp:meta_key>
			<wp:meta_value><![CDATA[]]></wp:meta_value>
		</wp:postmeta>
		<wp:postmeta>
			<wp:meta_key>_thumbnail_id</wp:meta_key>
			<wp:meta_value><![CDATA[5484]]></wp:meta_value>
		</wp:postmeta>
		<wp:postmeta>
			<wp:meta_key>_vc_post_settings</wp:meta_key>
			<wp:meta_value><![CDATA[a:2:{s:7:"vc_grid";a:0:{}s:10:"vc_grid_id";a:0:{}}]]></wp:meta_value>
		</wp:postmeta>
	</item>
	<item>
		<title>فيميو المشاركة النوع</title>
		<link>http://travelarabic3.wpengine.com/?p=4894</link>
		<pubDate>Mon, 02 Mar 2015 07:50:11 +0000</pubDate>
		<dc:creator><![CDATA[admin]]></dc:creator>
		<guid isPermaLink="false">http://shinetheme.com/demosd/traveler_arabic/?p=4894</guid>
		<description></description>
		<content:encoded><![CDATA[Eget sagittis justo orci faucibus platea consectetur hac imperdiet mi risus fames sapien rhoncus mattis posuere iaculis id turpis et maecenas sociosqu at eleifend velit commodo nascetur facilisis cras ornare

Mattis platea tellus lectus magnis conubia malesuada vehicula non sit tellus cubilia leo massa feugiat magnis condimentum in posuere venenatis dapibus dis hendrerit aenean purus cras convallis parturient justo ut hac faucibus euismod sem torquent venenatis varius maecenas at bibendum luctus dapibus proin odio magna neque eleifend class at vel ipsum lacinia sed volutpat nostra commodo sed ultrices phasellus bibendum ornare libero velit sollicitudin lectus sem eu hac rhoncus praesent ac blandit pretium imperdiet vitae a tristique mollis metus natoque integer in magnis quisque semper penatibus elit amet eleifend natoque nisl imperdiet erat sodales urna eros vestibulum placerat ante nunc
<h5>Venenatis sit fermentum vestibulum gravida luctus</h5>
Neque elementum porta hendrerit dictum ultrices consequat porttitor vel vestibulum dolor donec elit taciti amet condimentum turpis nascetur eleifend condimentum et morbi taciti laoreet dis risus mollis sem accumsan pretium fusce leo natoque hac taciti at dui cum donec tincidunt rutrum aptent venenatis nunc nullam mus eget massa neque nulla netus elit vulputate potenti cubilia arcu potenti scelerisque maecenas per augue hac posuere euismod ut habitant interdum orci nulla elit pharetra vehicula volutpat ad commodo ultricies iaculis conubia rutrum sagittis nunc morbi felis eros class quam sapien nam non porta sem integer mauris taciti libero ac per duis fermentum class
<h5>Interdum egestas mattis</h5>
Tincidunt natoque sollicitudin non class massa natoque praesent vehicula aptent habitasse lacinia cum nascetur penatibus senectus urna tempor lobortis massa accumsan fringilla elit natoque nisi rutrum velit nostra lacinia nascetur auctor pretium porta mi nam magnis cubilia ac torquent adipiscing vitae suscipit aenean tristique ullamcorper interdum libero egestas dictum mauris

Consequat neque magna metus malesuada auctor at et natoque eu nullam commodo scelerisque felis id suspendisse cum quis arcu tincidunt bibendum posuere tempus aenean neque quis mus nunc consectetur a fames mollis orci aenean sollicitudin class odio varius interdum convallis at feugiat porttitor accumsan inceptos etiam vehicula nam nisl in
<h5>Suspendisse cras curabitur rhoncus pellentesque neque accumsan viverra auctor eget</h5>
Parturient cum fames urna aliquet suscipit bibendum aliquam orci dictumst nullam himenaeos lacus pulvinar parturient facilisi tempor nostra id orci varius integer mi rhoncus commodo dis felis massa felis netus ligula dolor at pharetra dictum porttitor faucibus ante dignissim habitant metus sed praesent viverra per molestie luctus vel egestas fringilla platea commodo cum sagittis augue rhoncus ultrices ac sodales sed magnis natoque pretium morbi habitasse nec ultricies sodales ligula nullam diam aliquet etiam scelerisque platea vestibulum sagittis porttitor dictumst viverra libero justo tempus urna eleifend morbi magnis cum non dictumst enim luctus morbi ultricies taciti est mauris suscipit morbi hendrerit luctus natoque aliquam condimentum ullamcorper dapibus molestie fringilla risus elementum quisque inceptos morbi tempus varius cras dis placerat sapien tristique dictum purus molestie mi luctus parturient tempor hendrerit mus massa ante erat iaculis torquent rhoncus montes justo ullamcorper enim auctor ornare curae dui dictum mi pretium tempor praesent aenean dis venenatis aenean nullam phasellus placerat vel eu quis rhoncus sociosqu lobortis molestie lacinia metus curabitur nibh iaculis hac scelerisque aliquam sodales dictum imperdiet libero mollis fusce iaculis ut platea pharetra pulvinar bibendum ac molestie vehicula viverra praesent quam venenatis elementum molestie placerat erat ut pharetra dapibus scelerisque penatibus suspendisse morbi

Aptent mi faucibus per a consequat pulvinar tempor condimentum metus iaculis ac feugiat gravida urna interdum cras per nulla urna mattis class dapibus turpis ultrices posuere scelerisque dictumst fermentum consectetur]]></content:encoded>
		<excerpt:encoded><![CDATA[]]></excerpt:encoded>
		<wp:post_id>4894</wp:post_id>
		<wp:post_date>2015-03-02 07:50:11</wp:post_date>
		<wp:post_date_gmt>2015-03-02 07:50:11</wp:post_date_gmt>
		<wp:comment_status>open</wp:comment_status>
		<wp:ping_status>open</wp:ping_status>
		<wp:post_name>%d9%81%d9%8a%d9%85%d9%8a%d9%88-%d8%a7%d9%84%d9%85%d8%b4%d8%a7%d8%b1%d9%83%d8%a9-%d8%a7%d9%84%d9%86%d9%88%d8%b9</wp:post_name>
		<wp:status>publish</wp:status>
		<wp:post_parent>0</wp:post_parent>
		<wp:menu_order>0</wp:menu_order>
		<wp:post_type>post</wp:post_type>
		<wp:post_password></wp:post_password>
		<wp:is_sticky>0</wp:is_sticky>
		<category domain="post_format" nicename="post-format-video"><![CDATA[فيديو]]></category>
		<category domain="category" nicename="%d8%a7%d9%84%d8%b3%d9%8a%d8%a7%d8%ad%d8%a9-%d8%a7%d9%84%d8%a8%d9%8a%d8%a6%d9%8a%d8%a9"><![CDATA[السياحة البيئية]]></category>
		<category domain="category" nicename="%d8%b7%d8%a8%d9%8a%d8%b9%d8%a9"><![CDATA[طبيعة]]></category>
		<wp:postmeta>
			<wp:meta_key>rate_review</wp:meta_key>
			<wp:meta_value><![CDATA[0]]></wp:meta_value>
		</wp:postmeta>
		<wp:postmeta>
			<wp:meta_key>_edit_last</wp:meta_key>
			<wp:meta_value><![CDATA[1]]></wp:meta_value>
		</wp:postmeta>
		<wp:postmeta>
			<wp:meta_key>media</wp:meta_key>
			<wp:meta_value><![CDATA[https://vimeo.com/103721959]]></wp:meta_value>
		</wp:postmeta>
		<wp:postmeta>
			<wp:meta_key>post_views_count</wp:meta_key>
			<wp:meta_value><![CDATA[]]></wp:meta_value>
		</wp:postmeta>
		<wp:postmeta>
			<wp:meta_key>_thumbnail_id</wp:meta_key>
			<wp:meta_value><![CDATA[5485]]></wp:meta_value>
		</wp:postmeta>
		<wp:postmeta>
			<wp:meta_key>_vc_post_settings</wp:meta_key>
			<wp:meta_value><![CDATA[a:2:{s:7:"vc_grid";a:0:{}s:10:"vc_grid_id";a:0:{}}]]></wp:meta_value>
		</wp:postmeta>
	</item>
	<item>
		<title>الصوت المشاركة النوع</title>
		<link>http://travelarabic3.wpengine.com/?p=4896</link>
		<pubDate>Wed, 04 Mar 2015 03:01:51 +0000</pubDate>
		<dc:creator><![CDATA[admin]]></dc:creator>
		<guid isPermaLink="false">http://shinetheme.com/demosd/traveler_arabic/?p=4896</guid>
		<description></description>
		<content:encoded><![CDATA[لوريم إيبسوم و ببساطة نص شكلي (بمعنى أن الغاية هي الشكل وليس المحتوى) ويُستخدم في صناعات المطابع ودور النشر. كان لوريم إيبسوم ولايزال المعيار للنص الشكلي منذ القرن الخامس عشر عندما قامت مطبعة مجهولة برص مجموعة من الأحرف بشكل عشوائي أخذتها من نص، لتكوّن كتيّب بمثابة دليل أو مرجع شكلي لهذه الأحرف. خمسة قرون من الزمن لم تقضي على هذا النص، بل انه حتى صار مستخدماً وبشكله الأصلي في الطباعة والتنضيد الإلكتروني. انتشر بشكل كبير في ستينيّات هذا القرن مع إصدار رقائق "ليتراسيت"  البلاستيكية تحوي مقاطع من هذا النص، وعاد لينتشر مرة أخرى مؤخراَ مع ظهور برامج النشر الإلكتروني مثل "ألدوس بايج مايكر"  والتي حوت أيضاً على نسخ من نص لوريم إيبسوم.
<blockquote>لوريم إيبسوم و ببساطة نص شكلي (بمعنى أن الغاية هي الشكل وليس المحتوى) ويُستخدم في صناعات المطابع ودور النشر. كان لوريم إيبسوم ولايزال المعيار للنص الشكلي منذ القرن الخامس عشر عندما قامت مطبعة مجهولة برص مجموعة من الأحرف بشكل عشوائي أخذتها من نص، لتكوّن كتيّب بمثابة دليل أو مرجع شكلي لهذه الأحرف. خمسة قرون من الزمن لم تقضي على هذا النص، بل انه حتى صار مستخدماً وبشكله الأصلي في الطباعة والتنضيد الإلكتروني. انتشر بشكل كبير في ستينيّات هذا القرن مع إصدار رقائق "ليتراسيت"  البلاستيكية تحوي مقاطع من هذا النص، وعاد لينتشر مرة أخرى مؤخراَ مع ظهور برامج النشر الإلكتروني مثل "ألدوس بايج مايكر"  والتي حوت أيضاً على نسخ من نص لوريم إيبسوم.</blockquote>
&nbsp;

لوريم إيبسوم و ببساطة نص شكلي (بمعنى أن الغاية هي الشكل وليس المحتوى) ويُستخدم في صناعات المطابع ودور النشر. كان لوريم إيبسوم ولايزال المعيار للنص الشكلي منذ القرن الخامس عشر عندما قامت مطبعة مجهولة برص مجموعة من الأحرف بشكل عشوائي أخذتها من نص، لتكوّن كتيّب بمثابة دليل أو مرجع شكلي لهذه الأحرف. خمسة قرون من الزمن لم تقضي على هذا النص، بل انه حتى صار مستخدماً وبشكله الأصلي في الطباعة والتنضيد الإلكتروني. انتشر بشكل كبير في ستينيّات هذا القرن مع إصدار رقائق "ليتراسيت"  البلاستيكية تحوي مقاطع من هذا النص، وعاد لينتشر مرة أخرى مؤخراَ مع ظهور برامج النشر الإلكتروني مثل "ألدوس بايج مايكر"  والتي حوت أيضاً على نسخ من نص لوريم إيبسوم.]]></content:encoded>
		<excerpt:encoded><![CDATA[]]></excerpt:encoded>
		<wp:post_id>4896</wp:post_id>
		<wp:post_date>2015-03-04 03:01:51</wp:post_date>
		<wp:post_date_gmt>2015-03-04 03:01:51</wp:post_date_gmt>
		<wp:comment_status>open</wp:comment_status>
		<wp:ping_status>open</wp:ping_status>
		<wp:post_name>%d8%a7%d9%84%d8%b5%d9%88%d8%aa-%d8%a7%d9%84%d9%85%d8%b4%d8%a7%d8%b1%d9%83%d8%a9-%d8%a7%d9%84%d9%86%d9%88%d8%b9</wp:post_name>
		<wp:status>publish</wp:status>
		<wp:post_parent>0</wp:post_parent>
		<wp:menu_order>0</wp:menu_order>
		<wp:post_type>post</wp:post_type>
		<wp:post_password></wp:post_password>
		<wp:is_sticky>0</wp:is_sticky>
		<category domain="post_format" nicename="post-format-image"><![CDATA[صورة]]></category>
		<category domain="category" nicename="%d8%a7%d9%84%d8%b3%d9%81%d8%b1-%d8%a3%d8%b1%d8%a8%d8%b9%d8%a9"><![CDATA[السفر أربعة]]></category>
		<category domain="category" nicename="%d8%a7%d9%84%d8%b3%d9%8a%d8%a7%d8%ad%d8%a9-%d8%a7%d9%84%d8%a8%d9%8a%d8%a6%d9%8a%d8%a9"><![CDATA[السياحة البيئية]]></category>
		<wp:postmeta>
			<wp:meta_key>rate_review</wp:meta_key>
			<wp:meta_value><![CDATA[0]]></wp:meta_value>
		</wp:postmeta>
		<wp:postmeta>
			<wp:meta_key>_edit_last</wp:meta_key>
			<wp:meta_value><![CDATA[1]]></wp:meta_value>
		</wp:postmeta>
		<wp:postmeta>
			<wp:meta_key>post_views_count</wp:meta_key>
			<wp:meta_value><![CDATA[]]></wp:meta_value>
		</wp:postmeta>
		<wp:postmeta>
			<wp:meta_key>_vc_post_settings</wp:meta_key>
			<wp:meta_value><![CDATA[a:2:{s:7:"vc_grid";a:0:{}s:10:"vc_grid_id";a:0:{}}]]></wp:meta_value>
		</wp:postmeta>
		<wp:postmeta>
			<wp:meta_key>post_sidebar_pos</wp:meta_key>
			<wp:meta_value><![CDATA[left]]></wp:meta_value>
		</wp:postmeta>
		<wp:postmeta>
			<wp:meta_key>post_sidebar</wp:meta_key>
			<wp:meta_value><![CDATA[blog-sidebar]]></wp:meta_value>
		</wp:postmeta>
		<wp:postmeta>
			<wp:meta_key>_thumbnail_id</wp:meta_key>
			<wp:meta_value><![CDATA[5486]]></wp:meta_value>
		</wp:postmeta>
	</item>
	<item>
		<title>ما هو &quot;لوريم إيبسوم&quot; ؟</title>
		<link>http://travelarabic3.wpengine.com/?p=4897</link>
		<pubDate>Mon, 02 Mar 2015 16:10:04 +0000</pubDate>
		<dc:creator><![CDATA[admin]]></dc:creator>
		<guid isPermaLink="false">http://shinetheme.com/demosd/traveler_arabic/?p=4897</guid>
		<description></description>
		<content:encoded><![CDATA[لوريم إيبسوم و ببساطة نص شكلي (بمعنى أن الغاية هي الشكل وليس المحتوى) ويُستخدم في صناعات المطابع ودور النشر. كان لوريم إيبسوم ولايزال المعيار للنص الشكلي منذ القرن الخامس عشر عندما قامت مطبعة مجهولة برص مجموعة من الأحرف بشكل عشوائي أخذتها من نص، لتكوّن كتيّب بمثابة دليل أو مرجع شكلي لهذه الأحرف. خمسة قرون من الزمن لم تقضي على هذا النص، بل انه حتى صار مستخدماً وبشكله الأصلي في الطباعة والتنضيد الإلكتروني. انتشر بشكل كبير في ستينيّات هذا القرن مع إصدار رقائق "ليتراسيت"  البلاستيكية تحوي مقاطع من هذا النص، وعاد لينتشر مرة أخرى مؤخراَ مع ظهور برامج النشر الإلكتروني مثل "ألدوس بايج مايكر"  والتي حوت أيضاً على نسخ من نص لوريم إيبسوم.
<blockquote>لوريم إيبسوم و ببساطة نص شكلي (بمعنى أن الغاية هي الشكل وليس المحتوى) ويُستخدم في صناعات المطابع ودور النشر. كان لوريم إيبسوم ولايزال المعيار للنص الشكلي منذ القرن الخامس عشر عندما قامت مطبعة مجهولة برص مجموعة من الأحرف بشكل عشوائي أخذتها من نص، لتكوّن كتيّب بمثابة دليل أو مرجع شكلي لهذه الأحرف. خمسة قرون من الزمن لم تقضي على هذا النص، بل انه حتى صار مستخدماً وبشكله الأصلي في الطباعة والتنضيد الإلكتروني. انتشر بشكل كبير في ستينيّات هذا القرن مع إصدار رقائق "ليتراسيت"  البلاستيكية تحوي مقاطع من هذا النص، وعاد لينتشر مرة أخرى مؤخراَ مع ظهور برامج النشر الإلكتروني مثل "ألدوس بايج مايكر"  والتي حوت أيضاً على نسخ من نص لوريم إيبسوم.</blockquote>
&nbsp;

لوريم إيبسوم و ببساطة نص شكلي (بمعنى أن الغاية هي الشكل وليس المحتوى) ويُستخدم في صناعات المطابع ودور النشر. كان لوريم إيبسوم ولايزال المعيار للنص الشكلي منذ القرن الخامس عشر عندما قامت مطبعة مجهولة برص مجموعة من الأحرف بشكل عشوائي أخذتها من نص، لتكوّن كتيّب بمثابة دليل أو مرجع شكلي لهذه الأحرف. خمسة قرون من الزمن لم تقضي على هذا النص، بل انه حتى صار مستخدماً وبشكله الأصلي في الطباعة والتنضيد الإلكتروني. انتشر بشكل كبير في ستينيّات هذا القرن مع إصدار رقائق "ليتراسيت"  البلاستيكية تحوي مقاطع من هذا النص، وعاد لينتشر مرة أخرى مؤخراَ مع ظهور برامج النشر الإلكتروني مثل "ألدوس بايج مايكر"  والتي حوت أيضاً على نسخ من نص لوريم إيبسوم.]]></content:encoded>
		<excerpt:encoded><![CDATA[]]></excerpt:encoded>
		<wp:post_id>4897</wp:post_id>
		<wp:post_date>2015-03-02 16:10:04</wp:post_date>
		<wp:post_date_gmt>2015-03-02 16:10:04</wp:post_date_gmt>
		<wp:comment_status>open</wp:comment_status>
		<wp:ping_status>open</wp:ping_status>
		<wp:post_name>%d9%85%d8%a7-%d9%87%d9%88-%d9%84%d9%88%d8%b1%d9%8a%d9%85-%d8%a5%d9%8a%d8%a8%d8%b3%d9%88%d9%85-%d8%9f</wp:post_name>
		<wp:status>publish</wp:status>
		<wp:post_parent>0</wp:post_parent>
		<wp:menu_order>0</wp:menu_order>
		<wp:post_type>post</wp:post_type>
		<wp:post_password></wp:post_password>
		<wp:is_sticky>0</wp:is_sticky>
		<category domain="post_format" nicename="post-format-video"><![CDATA[فيديو]]></category>
		<category domain="category" nicename="%d8%aa%d9%83%d9%86%d9%88%d9%84%d9%88%d8%ac%d9%8a%d8%a7-%d8%a7%d9%84%d9%85%d8%b9%d9%84%d9%88%d9%85%d8%a7%d8%aa"><![CDATA[تكنولوجيا المعلومات]]></category>
		<wp:postmeta>
			<wp:meta_key>rate_review</wp:meta_key>
			<wp:meta_value><![CDATA[0]]></wp:meta_value>
		</wp:postmeta>
		<wp:postmeta>
			<wp:meta_key>_edit_last</wp:meta_key>
			<wp:meta_value><![CDATA[1]]></wp:meta_value>
		</wp:postmeta>
		<wp:postmeta>
			<wp:meta_key>media</wp:meta_key>
			<wp:meta_value><![CDATA[https://vimeo.com/88010604]]></wp:meta_value>
		</wp:postmeta>
		<wp:postmeta>
			<wp:meta_key>post_views_count</wp:meta_key>
			<wp:meta_value><![CDATA[]]></wp:meta_value>
		</wp:postmeta>
		<wp:postmeta>
			<wp:meta_key>_thumbnail_id</wp:meta_key>
			<wp:meta_value><![CDATA[5484]]></wp:meta_value>
		</wp:postmeta>
		<wp:postmeta>
			<wp:meta_key>_vc_post_settings</wp:meta_key>
			<wp:meta_value><![CDATA[a:2:{s:7:"vc_grid";a:0:{}s:10:"vc_grid_id";a:0:{}}]]></wp:meta_value>
		</wp:postmeta>
	</item>
	<item>
		<title>بلوق للمعرضبل وق للمعرض</title>
		<link>http://travelarabic3.wpengine.com/?p=4899</link>
		<pubDate>Mon, 02 Mar 2015 16:13:16 +0000</pubDate>
		<dc:creator><![CDATA[admin]]></dc:creator>
		<guid isPermaLink="false">http://shinetheme.com/demosd/traveler_arabic/?p=4899</guid>
		<description></description>
		<content:encoded><![CDATA[لوريم إيبسوم و ببساطة نص شكلي (بمعنى أن الغاية هي الشكل وليس المحتوى) ويُستخدم في صناعات المطابع ودور النشر. كان لوريم إيبسوم ولايزال المعيار للنص الشكلي منذ القرن الخامس عشر عندما قامت مطبعة مجهولة برص مجموعة من الأحرف بشكل عشوائي أخذتها من نص، لتكوّن كتيّب بمثابة دليل أو مرجع شكلي لهذه الأحرف. خمسة قرون من الزمن لم تقضي على هذا النص، بل انه حتى صار مستخدماً وبشكله الأصلي في الطباعة والتنضيد الإلكتروني. انتشر بشكل كبير في ستينيّات هذا القرن مع إصدار رقائق "ليتراسيت"  البلاستيكية تحوي مقاطع من هذا النص، وعاد لينتشر مرة أخرى مؤخراَ مع ظهور برامج النشر الإلكتروني مثل "ألدوس بايج مايكر"  والتي حوت أيضاً على نسخ من نص لوريم إيبسوم.
<blockquote>لوريم إيبسوم و ببساطة نص شكلي (بمعنى أن الغاية هي الشكل وليس المحتوى) ويُستخدم في صناعات المطابع ودور النشر. كان لوريم إيبسوم ولايزال المعيار للنص الشكلي منذ القرن الخامس عشر عندما قامت مطبعة مجهولة برص مجموعة من الأحرف بشكل عشوائي أخذتها من نص، لتكوّن كتيّب بمثابة دليل أو مرجع شكلي لهذه الأحرف. خمسة قرون من الزمن لم تقضي على هذا النص، بل انه حتى صار مستخدماً وبشكله الأصلي في الطباعة والتنضيد الإلكتروني. انتشر بشكل كبير في ستينيّات هذا القرن مع إصدار رقائق "ليتراسيت"  البلاستيكية تحوي مقاطع من هذا النص، وعاد لينتشر مرة أخرى مؤخراَ مع ظهور برامج النشر الإلكتروني مثل "ألدوس بايج مايكر"  والتي حوت أيضاً على نسخ من نص لوريم إيبسوم.</blockquote>
&nbsp;

لوريم إيبسوم و ببساطة نص شكلي (بمعنى أن الغاية هي الشكل وليس المحتوى) ويُستخدم في صناعات المطابع ودور النشر. كان لوريم إيبسوم ولايزال المعيار للنص الشكلي منذ القرن الخامس عشر عندما قامت مطبعة مجهولة برص مجموعة من الأحرف بشكل عشوائي أخذتها من نص، لتكوّن كتيّب بمثابة دليل أو مرجع شكلي لهذه الأحرف. خمسة قرون من الزمن لم تقضي على هذا النص، بل انه حتى صار مستخدماً وبشكله الأصلي في الطباعة والتنضيد الإلكتروني. انتشر بشكل كبير في ستينيّات هذا القرن مع إصدار رقائق "ليتراسيت"  البلاستيكية تحوي مقاطع من هذا النص، وعاد لينتشر مرة أخرى مؤخراَ مع ظهور برامج النشر الإلكتروني مثل "ألدوس بايج مايكر"  والتي حوت أيضاً على نسخ من نص لوريم إيبسوم.]]></content:encoded>
		<excerpt:encoded><![CDATA[]]></excerpt:encoded>
		<wp:post_id>4899</wp:post_id>
		<wp:post_date>2015-03-02 16:13:16</wp:post_date>
		<wp:post_date_gmt>2015-03-02 16:13:16</wp:post_date_gmt>
		<wp:comment_status>open</wp:comment_status>
		<wp:ping_status>open</wp:ping_status>
		<wp:post_name>%d8%a8%d9%84%d9%88%d9%82-%d9%84%d9%84%d9%85%d8%b9%d8%b1%d8%b6%d8%a8%d9%84-%d9%88%d9%82-%d9%84%d9%84%d9%85%d8%b9%d8%b1%d8%b6</wp:post_name>
		<wp:status>publish</wp:status>
		<wp:post_parent>0</wp:post_parent>
		<wp:menu_order>0</wp:menu_order>
		<wp:post_type>post</wp:post_type>
		<wp:post_password></wp:post_password>
		<wp:is_sticky>0</wp:is_sticky>
		<category domain="post_format" nicename="post-format-image"><![CDATA[صورة]]></category>
		<category domain="category" nicename="%d8%a7%d9%84%d8%b3%d9%8a%d8%a7%d8%ad%d8%a9-%d8%a7%d9%84%d8%a8%d9%8a%d8%a6%d9%8a%d8%a9"><![CDATA[السياحة البيئية]]></category>
		<category domain="category" nicename="%d8%aa%d9%83%d9%86%d9%88%d9%84%d9%88%d8%ac%d9%8a%d8%a7-%d8%a7%d9%84%d9%85%d8%b9%d9%84%d9%88%d9%85%d8%a7%d8%aa"><![CDATA[تكنولوجيا المعلومات]]></category>
		<wp:postmeta>
			<wp:meta_key>rate_review</wp:meta_key>
			<wp:meta_value><![CDATA[0]]></wp:meta_value>
		</wp:postmeta>
		<wp:postmeta>
			<wp:meta_key>_edit_last</wp:meta_key>
			<wp:meta_value><![CDATA[1]]></wp:meta_value>
		</wp:postmeta>
		<wp:postmeta>
			<wp:meta_key>post_views_count</wp:meta_key>
			<wp:meta_value><![CDATA[]]></wp:meta_value>
		</wp:postmeta>
		<wp:postmeta>
			<wp:meta_key>_thumbnail_id</wp:meta_key>
			<wp:meta_value><![CDATA[5486]]></wp:meta_value>
		</wp:postmeta>
		<wp:postmeta>
			<wp:meta_key>_vc_post_settings</wp:meta_key>
			<wp:meta_value><![CDATA[a:2:{s:7:"vc_grid";a:0:{}s:10:"vc_grid_id";a:0:{}}]]></wp:meta_value>
		</wp:postmeta>
	</item>
	<item>
		<title>بلوق للصورة بلوق للمعرض</title>
		<link>http://travelarabic3.wpengine.com/?p=4900</link>
		<pubDate>Mon, 02 Mar 2015 16:27:52 +0000</pubDate>
		<dc:creator><![CDATA[admin]]></dc:creator>
		<guid isPermaLink="false">http://shinetheme.com/demosd/traveler_arabic/?p=4900</guid>
		<description></description>
		<content:encoded><![CDATA[لوريم إيبسوم و ببساطة نص شكلي (بمعنى أن الغاية هي الشكل وليس المحتوى) ويُستخدم في صناعات المطابع ودور النشر. كان لوريم إيبسوم ولايزال المعيار للنص الشكلي منذ القرن الخامس عشر عندما قامت مطبعة مجهولة برص مجموعة من الأحرف بشكل عشوائي أخذتها من نص، لتكوّن كتيّب بمثابة دليل أو مرجع شكلي لهذه الأحرف. خمسة قرون من الزمن لم تقضي على هذا النص، بل انه حتى صار مستخدماً وبشكله الأصلي في الطباعة والتنضيد الإلكتروني. انتشر بشكل كبير في ستينيّات هذا القرن مع إصدار رقائق "ليتراسيت"  البلاستيكية تحوي مقاطع من هذا النص، وعاد لينتشر مرة أخرى مؤخراَ مع ظهور برامج النشر الإلكتروني مثل "ألدوس بايج مايكر"  والتي حوت أيضاً على نسخ من نص لوريم إيبسوم.
<blockquote>لوريم إيبسوم و ببساطة نص شكلي (بمعنى أن الغاية هي الشكل وليس المحتوى) ويُستخدم في صناعات المطابع ودور النشر. كان لوريم إيبسوم ولايزال المعيار للنص الشكلي منذ القرن الخامس عشر عندما قامت مطبعة مجهولة برص مجموعة من الأحرف بشكل عشوائي أخذتها من نص، لتكوّن كتيّب بمثابة دليل أو مرجع شكلي لهذه الأحرف. خمسة قرون من الزمن لم تقضي على هذا النص، بل انه حتى صار مستخدماً وبشكله الأصلي في الطباعة والتنضيد الإلكتروني. انتشر بشكل كبير في ستينيّات هذا القرن مع إصدار رقائق "ليتراسيت"  البلاستيكية تحوي مقاطع من هذا النص، وعاد لينتشر مرة أخرى مؤخراَ مع ظهور برامج النشر الإلكتروني مثل "ألدوس بايج مايكر"  والتي حوت أيضاً على نسخ من نص لوريم إيبسوم.</blockquote>
&nbsp;

لوريم إيبسوم و ببساطة نص شكلي (بمعنى أن الغاية هي الشكل وليس المحتوى) ويُستخدم في صناعات المطابع ودور النشر. كان لوريم إيبسوم ولايزال المعيار للنص الشكلي منذ القرن الخامس عشر عندما قامت مطبعة مجهولة برص مجموعة من الأحرف بشكل عشوائي أخذتها من نص، لتكوّن كتيّب بمثابة دليل أو مرجع شكلي لهذه الأحرف. خمسة قرون من الزمن لم تقضي على هذا النص، بل انه حتى صار مستخدماً وبشكله الأصلي في الطباعة والتنضيد الإلكتروني. انتشر بشكل كبير في ستينيّات هذا القرن مع إصدار رقائق "ليتراسيت"  البلاستيكية تحوي مقاطع من هذا النص، وعاد لينتشر مرة أخرى مؤخراَ مع ظهور برامج النشر الإلكتروني مثل "ألدوس بايج مايكر"  والتي حوت أيضاً على نسخ من نص لوريم إيبسوم.]]></content:encoded>
		<excerpt:encoded><![CDATA[]]></excerpt:encoded>
		<wp:post_id>4900</wp:post_id>
		<wp:post_date>2015-03-02 16:27:52</wp:post_date>
		<wp:post_date_gmt>2015-03-02 16:27:52</wp:post_date_gmt>
		<wp:comment_status>open</wp:comment_status>
		<wp:ping_status>open</wp:ping_status>
		<wp:post_name>%d8%a8%d9%84%d9%88%d9%82-%d9%84%d9%84%d8%b5%d9%88%d8%b1%d8%a9-%d8%a8%d9%84%d9%88%d9%82-%d9%84%d9%84%d9%85%d8%b9%d8%b1%d8%b6</wp:post_name>
		<wp:status>publish</wp:status>
		<wp:post_parent>0</wp:post_parent>
		<wp:menu_order>0</wp:menu_order>
		<wp:post_type>post</wp:post_type>
		<wp:post_password></wp:post_password>
		<wp:is_sticky>0</wp:is_sticky>
		<category domain="post_format" nicename="post-format-gallery"><![CDATA[معرض]]></category>
		<category domain="category" nicename="%d8%a7%d9%84%d8%b3%d9%81%d8%b1-%d8%a3%d8%b1%d8%a8%d8%b9%d8%a9"><![CDATA[السفر أربعة]]></category>
		<category domain="category" nicename="%d8%a7%d9%84%d8%b3%d9%88%d8%a8%d8%b1"><![CDATA[السوبر]]></category>
		<category domain="category" nicename="%d8%a7%d9%84%d8%b3%d9%8a%d8%a7%d8%ad%d8%a9-%d8%a7%d9%84%d8%a8%d9%8a%d8%a6%d9%8a%d8%a9"><![CDATA[السياحة البيئية]]></category>
		<wp:postmeta>
			<wp:meta_key>rate_review</wp:meta_key>
			<wp:meta_value><![CDATA[0]]></wp:meta_value>
		</wp:postmeta>
		<wp:postmeta>
			<wp:meta_key>_edit_last</wp:meta_key>
			<wp:meta_value><![CDATA[1]]></wp:meta_value>
		</wp:postmeta>
		<wp:postmeta>
			<wp:meta_key>post_views_count</wp:meta_key>
			<wp:meta_value><![CDATA[]]></wp:meta_value>
		</wp:postmeta>
		<wp:postmeta>
			<wp:meta_key>_vc_post_settings</wp:meta_key>
			<wp:meta_value><![CDATA[a:2:{s:7:"vc_grid";a:0:{}s:10:"vc_grid_id";a:0:{}}]]></wp:meta_value>
		</wp:postmeta>
		<wp:postmeta>
			<wp:meta_key>gallery</wp:meta_key>
			<wp:meta_value><![CDATA[5484,5485,5486]]></wp:meta_value>
		</wp:postmeta>
	</item>
	<item>
		<title>بلوق للصوت بلوق للمعرض</title>
		<link>http://travelarabic3.wpengine.com/?p=4902</link>
		<pubDate>Mon, 02 Mar 2015 16:30:40 +0000</pubDate>
		<dc:creator><![CDATA[admin]]></dc:creator>
		<guid isPermaLink="false">http://shinetheme.com/demosd/traveler_arabic/?p=4902</guid>
		<description></description>
		<content:encoded><![CDATA[لوريم إيبسوم و ببساطة نص شكلي (بمعنى أن الغاية هي الشكل وليس المحتوى) ويُستخدم في صناعات المطابع ودور النشر. كان لوريم إيبسوم ولايزال المعيار للنص الشكلي منذ القرن الخامس عشر عندما قامت مطبعة مجهولة برص مجموعة من الأحرف بشكل عشوائي أخذتها من نص، لتكوّن كتيّب بمثابة دليل أو مرجع شكلي لهذه الأحرف. خمسة قرون من الزمن لم تقضي على هذا النص، بل انه حتى صار مستخدماً وبشكله الأصلي في الطباعة والتنضيد الإلكتروني. انتشر بشكل كبير في ستينيّات هذا القرن مع إصدار رقائق "ليتراسيت"  البلاستيكية تحوي مقاطع من هذا النص، وعاد لينتشر مرة أخرى مؤخراَ مع ظهور برامج النشر الإلكتروني مثل "ألدوس بايج مايكر"  والتي حوت أيضاً على نسخ من نص لوريم إيبسوم.
<blockquote>لوريم إيبسوم و ببساطة نص شكلي (بمعنى أن الغاية هي الشكل وليس المحتوى) ويُستخدم في صناعات المطابع ودور النشر. كان لوريم إيبسوم ولايزال المعيار للنص الشكلي منذ القرن الخامس عشر عندما قامت مطبعة مجهولة برص مجموعة من الأحرف بشكل عشوائي أخذتها من نص، لتكوّن كتيّب بمثابة دليل أو مرجع شكلي لهذه الأحرف. خمسة قرون من الزمن لم تقضي على هذا النص، بل انه حتى صار مستخدماً وبشكله الأصلي في الطباعة والتنضيد الإلكتروني. انتشر بشكل كبير في ستينيّات هذا القرن مع إصدار رقائق "ليتراسيت"  البلاستيكية تحوي مقاطع من هذا النص، وعاد لينتشر مرة أخرى مؤخراَ مع ظهور برامج النشر الإلكتروني مثل "ألدوس بايج مايكر"  والتي حوت أيضاً على نسخ من نص لوريم إيبسوم.</blockquote>
&nbsp;

لوريم إيبسوم و ببساطة نص شكلي (بمعنى أن الغاية هي الشكل وليس المحتوى) ويُستخدم في صناعات المطابع ودور النشر. كان لوريم إيبسوم ولايزال المعيار للنص الشكلي منذ القرن الخامس عشر عندما قامت مطبعة مجهولة برص مجموعة من الأحرف بشكل عشوائي أخذتها من نص، لتكوّن كتيّب بمثابة دليل أو مرجع شكلي لهذه الأحرف. خمسة قرون من الزمن لم تقضي على هذا النص، بل انه حتى صار مستخدماً وبشكله الأصلي في الطباعة والتنضيد الإلكتروني. انتشر بشكل كبير في ستينيّات هذا القرن مع إصدار رقائق "ليتراسيت"  البلاستيكية تحوي مقاطع من هذا النص، وعاد لينتشر مرة أخرى مؤخراَ مع ظهور برامج النشر الإلكتروني مثل "ألدوس بايج مايكر"  والتي حوت أيضاً على نسخ من نص لوريم إيبسوم]]></content:encoded>
		<excerpt:encoded><![CDATA[]]></excerpt:encoded>
		<wp:post_id>4902</wp:post_id>
		<wp:post_date>2015-03-02 16:30:40</wp:post_date>
		<wp:post_date_gmt>2015-03-02 16:30:40</wp:post_date_gmt>
		<wp:comment_status>open</wp:comment_status>
		<wp:ping_status>open</wp:ping_status>
		<wp:post_name>%d8%a8%d9%84%d9%88%d9%82-%d9%84%d9%84%d8%b5%d9%88%d8%aa-%d8%a8%d9%84%d9%88%d9%82-%d9%84%d9%84%d9%85%d8%b9%d8%b1%d8%b6</wp:post_name>
		<wp:status>publish</wp:status>
		<wp:post_parent>0</wp:post_parent>
		<wp:menu_order>0</wp:menu_order>
		<wp:post_type>post</wp:post_type>
		<wp:post_password></wp:post_password>
		<wp:is_sticky>0</wp:is_sticky>
		<category domain="post_format" nicename="post-format-audio"><![CDATA[صوت]]></category>
		<category domain="category" nicename="uncategorized"><![CDATA[Uncategorized]]></category>
		<category domain="category" nicename="%d8%a7%d9%84%d8%b3%d9%88%d8%a8%d8%b1"><![CDATA[السوبر]]></category>
		<category domain="category" nicename="%d8%aa%d9%83%d9%86%d9%88%d9%84%d9%88%d8%ac%d9%8a%d8%a7-%d8%a7%d9%84%d9%85%d8%b9%d9%84%d9%88%d9%85%d8%a7%d8%aa"><![CDATA[تكنولوجيا المعلومات]]></category>
		<category domain="category" nicename="%d8%b7%d8%a8%d9%8a%d8%b9%d8%a9"><![CDATA[طبيعة]]></category>
		<wp:postmeta>
			<wp:meta_key>rate_review</wp:meta_key>
			<wp:meta_value><![CDATA[0]]></wp:meta_value>
		</wp:postmeta>
		<wp:postmeta>
			<wp:meta_key>_edit_last</wp:meta_key>
			<wp:meta_value><![CDATA[1]]></wp:meta_value>
		</wp:postmeta>
		<wp:postmeta>
			<wp:meta_key>media</wp:meta_key>
			<wp:meta_value><![CDATA[https://soundcloud.com/andrewbird/dont-be-scared]]></wp:meta_value>
		</wp:postmeta>
		<wp:postmeta>
			<wp:meta_key>post_views_count</wp:meta_key>
			<wp:meta_value><![CDATA[]]></wp:meta_value>
		</wp:postmeta>
		<wp:postmeta>
			<wp:meta_key>_thumbnail_id</wp:meta_key>
			<wp:meta_value><![CDATA[5484]]></wp:meta_value>
		</wp:postmeta>
		<wp:postmeta>
			<wp:meta_key>_vc_post_settings</wp:meta_key>
			<wp:meta_value><![CDATA[a:2:{s:7:"vc_grid";a:0:{}s:10:"vc_grid_id";a:0:{}}]]></wp:meta_value>
		</wp:postmeta>
	</item>
	<item>
		<title>بلوق للصوت بلوق للمعرض</title>
		<link>http://travelarabic3.wpengine.com/?p=4904</link>
		<pubDate>Mon, 02 Mar 2015 16:34:20 +0000</pubDate>
		<dc:creator><![CDATA[admin]]></dc:creator>
		<guid isPermaLink="false">http://shinetheme.com/demosd/traveler_arabic/?p=4904</guid>
		<description></description>
		<content:encoded><![CDATA[لوريم إيبسوم و ببساطة نص شكلي (بمعنى أن الغاية هي الشكل وليس المحتوى) ويُستخدم في صناعات المطابع ودور النشر. كان لوريم إيبسوم ولايزال المعيار للنص الشكلي منذ القرن الخامس عشر عندما قامت مطبعة مجهولة برص مجموعة من الأحرف بشكل عشوائي أخذتها من نص، لتكوّن كتيّب بمثابة دليل أو مرجع شكلي لهذه الأحرف. خمسة قرون من الزمن لم تقضي على هذا النص، بل انه حتى صار مستخدماً وبشكله الأصلي في الطباعة والتنضيد الإلكتروني. انتشر بشكل كبير في ستينيّات هذا القرن مع إصدار رقائق "ليتراسيت"  البلاستيكية تحوي مقاطع من هذا النص، وعاد لينتشر مرة أخرى مؤخراَ مع ظهور برامج النشر الإلكتروني مثل "ألدوس بايج مايكر"  والتي حوت أيضاً على نسخ من نص لوريم إيبسوم.
<blockquote>لوريم إيبسوم و ببساطة نص شكلي (بمعنى أن الغاية هي الشكل وليس المحتوى) ويُستخدم في صناعات المطابع ودور النشر. كان لوريم إيبسوم ولايزال المعيار للنص الشكلي منذ القرن الخامس عشر عندما قامت مطبعة مجهولة برص مجموعة من الأحرف بشكل عشوائي أخذتها من نص، لتكوّن كتيّب بمثابة دليل أو مرجع شكلي لهذه الأحرف. خمسة قرون من الزمن لم تقضي على هذا النص، بل انه حتى صار مستخدماً وبشكله الأصلي في الطباعة والتنضيد الإلكتروني. انتشر بشكل كبير في ستينيّات هذا القرن مع إصدار رقائق "ليتراسيت"  البلاستيكية تحوي مقاطع من هذا النص، وعاد لينتشر مرة أخرى مؤخراَ مع ظهور برامج النشر الإلكتروني مثل "ألدوس بايج مايكر"  والتي حوت أيضاً على نسخ من نص لوريم إيبسوم.</blockquote>
&nbsp;

لوريم إيبسوم و ببساطة نص شكلي (بمعنى أن الغاية هي الشكل وليس المحتوى) ويُستخدم في صناعات المطابع ودور النشر. كان لوريم إيبسوم ولايزال المعيار للنص الشكلي منذ القرن الخامس عشر عندما قامت مطبعة مجهولة برص مجموعة من الأحرف بشكل عشوائي أخذتها من نص، لتكوّن كتيّب بمثابة دليل أو مرجع شكلي لهذه الأحرف. خمسة قرون من الزمن لم تقضي على هذا النص، بل انه حتى صار مستخدماً وبشكله الأصلي في الطباعة والتنضيد الإلكتروني. انتشر بشكل كبير في ستينيّات هذا القرن مع إصدار رقائق "ليتراسيت"  البلاستيكية تحوي مقاطع من هذا النص، وعاد لينتشر مرة أخرى مؤخراَ مع ظهور برامج النشر الإلكتروني مثل "ألدوس بايج مايكر"  والتي حوت أيضاً على نسخ من نص لوريم إيبسوم.]]></content:encoded>
		<excerpt:encoded><![CDATA[]]></excerpt:encoded>
		<wp:post_id>4904</wp:post_id>
		<wp:post_date>2015-03-02 16:34:20</wp:post_date>
		<wp:post_date_gmt>2015-03-02 16:34:20</wp:post_date_gmt>
		<wp:comment_status>open</wp:comment_status>
		<wp:ping_status>open</wp:ping_status>
		<wp:post_name>%d8%a8%d9%84%d9%88%d9%82-%d9%84%d9%84%d8%b5%d9%88%d8%aa-%d8%a8%d9%84%d9%88%d9%82-%d9%84%d9%84%d9%85%d8%b9%d8%b1%d8%b6-2</wp:post_name>
		<wp:status>publish</wp:status>
		<wp:post_parent>0</wp:post_parent>
		<wp:menu_order>0</wp:menu_order>
		<wp:post_type>post</wp:post_type>
		<wp:post_password></wp:post_password>
		<wp:is_sticky>0</wp:is_sticky>
		<category domain="post_format" nicename="post-format-link"><![CDATA[رابط]]></category>
		<category domain="category" nicename="%d8%a7%d9%84%d8%b3%d9%88%d8%a8%d8%b1"><![CDATA[السوبر]]></category>
		<category domain="category" nicename="%d8%aa%d9%83%d9%86%d9%88%d9%84%d9%88%d8%ac%d9%8a%d8%a7-%d8%a7%d9%84%d9%85%d8%b9%d9%84%d9%88%d9%85%d8%a7%d8%aa"><![CDATA[تكنولوجيا المعلومات]]></category>
		<wp:postmeta>
			<wp:meta_key>rate_review</wp:meta_key>
			<wp:meta_value><![CDATA[0]]></wp:meta_value>
		</wp:postmeta>
		<wp:postmeta>
			<wp:meta_key>_edit_last</wp:meta_key>
			<wp:meta_value><![CDATA[1]]></wp:meta_value>
		</wp:postmeta>
		<wp:postmeta>
			<wp:meta_key>link</wp:meta_key>
			<wp:meta_value><![CDATA[https://www.google.com]]></wp:meta_value>
		</wp:postmeta>
		<wp:postmeta>
			<wp:meta_key>post_views_count</wp:meta_key>
			<wp:meta_value><![CDATA[]]></wp:meta_value>
		</wp:postmeta>
		<wp:postmeta>
			<wp:meta_key>_thumbnail_id</wp:meta_key>
			<wp:meta_value><![CDATA[5485]]></wp:meta_value>
		</wp:postmeta>
		<wp:postmeta>
			<wp:meta_key>_vc_post_settings</wp:meta_key>
			<wp:meta_value><![CDATA[a:2:{s:7:"vc_grid";a:0:{}s:10:"vc_grid_id";a:0:{}}]]></wp:meta_value>
		</wp:postmeta>
	</item>
	<item>
		<title>بلوق للمعرض بلوق للمعرض</title>
		<link>http://travelarabic3.wpengine.com/?p=4907</link>
		<pubDate>Wed, 04 Mar 2015 02:06:40 +0000</pubDate>
		<dc:creator><![CDATA[admin]]></dc:creator>
		<guid isPermaLink="false">http://shinetheme.com/demosd/traveler_arabic/?p=4907</guid>
		<description></description>
		<content:encoded><![CDATA[لوريم إيبسوم و ببساطة نص شكلي (بمعنى أن الغاية هي الشكل وليس المحتوى) ويُستخدم في صناعات المطابع ودور النشر. كان لوريم إيبسوم ولايزال المعيار للنص الشكلي منذ القرن الخامس عشر عندما قامت مطبعة مجهولة برص مجموعة من الأحرف بشكل عشوائي أخذتها من نص، لتكوّن كتيّب بمثابة دليل أو مرجع شكلي لهذه الأحرف. خمسة قرون من الزمن لم تقضي على هذا النص، بل انه حتى صار مستخدماً وبشكله الأصلي في الطباعة والتنضيد الإلكتروني. انتشر بشكل كبير في ستينيّات هذا القرن مع إصدار رقائق "ليتراسيت"  البلاستيكية تحوي مقاطع من هذا النص، وعاد لينتشر مرة أخرى مؤخراَ مع ظهور برامج النشر الإلكتروني مثل "ألدوس بايج مايكر"  والتي حوت أيضاً على نسخ من نص لوريم إيبسوم.
<blockquote>لوريم إيبسوم و ببساطة نص شكلي (بمعنى أن الغاية هي الشكل وليس المحتوى) ويُستخدم في صناعات المطابع ودور النشر. كان لوريم إيبسوم ولايزال المعيار للنص الشكلي منذ القرن الخامس عشر عندما قامت مطبعة مجهولة برص مجموعة من الأحرف بشكل عشوائي أخذتها من نص، لتكوّن كتيّب بمثابة دليل أو مرجع شكلي لهذه الأحرف. خمسة قرون من الزمن لم تقضي على هذا النص، بل انه حتى صار مستخدماً وبشكله الأصلي في الطباعة والتنضيد الإلكتروني. انتشر بشكل كبير في ستينيّات هذا القرن مع إصدار رقائق "ليتراسيت"  البلاستيكية تحوي مقاطع من هذا النص، وعاد لينتشر مرة أخرى مؤخراَ مع ظهور برامج النشر الإلكتروني مثل "ألدوس بايج مايكر"  والتي حوت أيضاً على نسخ من نص لوريم إيبسوم.</blockquote>
&nbsp;

لوريم إيبسوم و ببساطة نص شكلي (بمعنى أن الغاية هي الشكل وليس المحتوى) ويُستخدم في صناعات المطابع ودور النشر. كان لوريم إيبسوم ولايزال المعيار للنص الشكلي منذ القرن الخامس عشر عندما قامت مطبعة مجهولة برص مجموعة من الأحرف بشكل عشوائي أخذتها من نص، لتكوّن كتيّب بمثابة دليل أو مرجع شكلي لهذه الأحرف. خمسة قرون من الزمن لم تقضي على هذا النص، بل انه حتى صار مستخدماً وبشكله الأصلي في الطباعة والتنضيد الإلكتروني. انتشر بشكل كبير في ستينيّات هذا القرن مع إصدار رقائق "ليتراسيت"  البلاستيكية تحوي مقاطع من هذا النص، وعاد لينتشر مرة أخرى مؤخراَ مع ظهور برامج النشر الإلكتروني مثل "ألدوس بايج مايكر"  والتي حوت أيضاً على نسخ من نص لوريم إيبسوم.]]></content:encoded>
		<excerpt:encoded><![CDATA[]]></excerpt:encoded>
		<wp:post_id>4907</wp:post_id>
		<wp:post_date>2015-03-04 02:06:40</wp:post_date>
		<wp:post_date_gmt>2015-03-04 02:06:40</wp:post_date_gmt>
		<wp:comment_status>open</wp:comment_status>
		<wp:ping_status>open</wp:ping_status>
		<wp:post_name>%d8%a8%d9%84%d9%88%d9%82-%d9%84%d9%84%d9%85%d8%b9%d8%b1%d8%b6-%d8%a8%d9%84%d9%88%d9%82-%d9%84%d9%84%d9%85%d8%b9%d8%b1%d8%b6</wp:post_name>
		<wp:status>publish</wp:status>
		<wp:post_parent>0</wp:post_parent>
		<wp:menu_order>0</wp:menu_order>
		<wp:post_type>post</wp:post_type>
		<wp:post_password></wp:post_password>
		<wp:is_sticky>0</wp:is_sticky>
		<category domain="post_format" nicename="post-format-gallery"><![CDATA[معرض]]></category>
		<category domain="category" nicename="%d8%a7%d9%84%d8%b3%d9%81%d8%b1-%d8%a3%d8%b1%d8%a8%d8%b9%d8%a9"><![CDATA[السفر أربعة]]></category>
		<category domain="category" nicename="%d8%a7%d9%84%d8%b3%d9%8a%d8%a7%d8%ad%d8%a9-%d8%a7%d9%84%d8%a8%d9%8a%d8%a6%d9%8a%d8%a9"><![CDATA[السياحة البيئية]]></category>
		<category domain="category" nicename="%d8%aa%d9%83%d9%86%d9%88%d9%84%d9%88%d8%ac%d9%8a%d8%a7-%d8%a7%d9%84%d9%85%d8%b9%d9%84%d9%88%d9%85%d8%a7%d8%aa"><![CDATA[تكنولوجيا المعلومات]]></category>
		<wp:postmeta>
			<wp:meta_key>rate_review</wp:meta_key>
			<wp:meta_value><![CDATA[0]]></wp:meta_value>
		</wp:postmeta>
		<wp:postmeta>
			<wp:meta_key>_edit_last</wp:meta_key>
			<wp:meta_value><![CDATA[1]]></wp:meta_value>
		</wp:postmeta>
		<wp:postmeta>
			<wp:meta_key>gallery</wp:meta_key>
			<wp:meta_value><![CDATA[5484,5485,5486]]></wp:meta_value>
		</wp:postmeta>
		<wp:postmeta>
			<wp:meta_key>post_views_count</wp:meta_key>
			<wp:meta_value><![CDATA[]]></wp:meta_value>
		</wp:postmeta>
		<wp:postmeta>
			<wp:meta_key>_vc_post_settings</wp:meta_key>
			<wp:meta_value><![CDATA[a:2:{s:7:"vc_grid";a:0:{}s:10:"vc_grid_id";a:0:{}}]]></wp:meta_value>
		</wp:postmeta>
		<wp:postmeta>
			<wp:meta_key>_thumbnail_id</wp:meta_key>
			<wp:meta_value><![CDATA[5492]]></wp:meta_value>
		</wp:postmeta>
	</item>
	<item>
		<title>بلوق للصوت بلوق للمعرض</title>
		<link>http://travelarabic3.wpengine.com/?p=4909</link>
		<pubDate>Wed, 04 Mar 2015 02:08:29 +0000</pubDate>
		<dc:creator><![CDATA[admin]]></dc:creator>
		<guid isPermaLink="false">http://shinetheme.com/demosd/traveler_arabic/?p=4909</guid>
		<description></description>
		<content:encoded><![CDATA[لوريم إيبسوم و ببساطة نص شكلي (بمعنى أن الغاية هي الشكل وليس المحتوى) ويُستخدم في صناعات المطابع ودور النشر. كان لوريم إيبسوم ولايزال المعيار للنص الشكلي منذ القرن الخامس عشر عندما قامت مطبعة مجهولة برص مجموعة من الأحرف بشكل عشوائي أخذتها من نص، لتكوّن كتيّب بمثابة دليل أو مرجع شكلي لهذه الأحرف. خمسة قرون من الزمن لم تقضي على هذا النص، بل انه حتى صار مستخدماً وبشكله الأصلي في الطباعة والتنضيد الإلكتروني. انتشر بشكل كبير في ستينيّات هذا القرن مع إصدار رقائق "ليتراسيت"  البلاستيكية تحوي مقاطع من هذا النص، وعاد لينتشر مرة أخرى مؤخراَ مع ظهور برامج النشر الإلكتروني مثل "ألدوس بايج مايكر"  والتي حوت أيضاً على نسخ من نص لوريم إيبسوم.
<blockquote>لوريم إيبسوم و ببساطة نص شكلي (بمعنى أن الغاية هي الشكل وليس المحتوى) ويُستخدم في صناعات المطابع ودور النشر. كان لوريم إيبسوم ولايزال المعيار للنص الشكلي منذ القرن الخامس عشر عندما قامت مطبعة مجهولة برص مجموعة من الأحرف بشكل عشوائي أخذتها من نص، لتكوّن كتيّب بمثابة دليل أو مرجع شكلي لهذه الأحرف. خمسة قرون من الزمن لم تقضي على هذا النص، بل انه حتى صار مستخدماً وبشكله الأصلي في الطباعة والتنضيد الإلكتروني. انتشر بشكل كبير في ستينيّات هذا القرن مع إصدار رقائق "ليتراسيت"  البلاستيكية تحوي مقاطع من هذا النص، وعاد لينتشر مرة أخرى مؤخراَ مع ظهور برامج النشر الإلكتروني مثل "ألدوس بايج مايكر"  والتي حوت أيضاً على نسخ من نص لوريم إيبسوم.</blockquote>
&nbsp;

لوريم إيبسوم و ببساطة نص شكلي (بمعنى أن الغاية هي الشكل وليس المحتوى) ويُستخدم في صناعات المطابع ودور النشر. كان لوريم إيبسوم ولايزال المعيار للنص الشكلي منذ القرن الخامس عشر عندما قامت مطبعة مجهولة برص مجموعة من الأحرف بشكل عشوائي أخذتها من نص، لتكوّن كتيّب بمثابة دليل أو مرجع شكلي لهذه الأحرف. خمسة قرون من الزمن لم تقضي على هذا النص، بل انه حتى صار مستخدماً وبشكله الأصلي في الطباعة والتنضيد الإلكتروني. انتشر بشكل كبير في ستينيّات هذا القرن مع إصدار رقائق "ليتراسيت"  البلاستيكية تحوي مقاطع من هذا النص، وعاد لينتشر مرة أخرى مؤخراَ مع ظهور برامج النشر الإلكتروني مثل "ألدوس بايج مايكر"  والتي حوت أيضاً على نسخ من نص لوريم إيبسوم.]]></content:encoded>
		<excerpt:encoded><![CDATA[]]></excerpt:encoded>
		<wp:post_id>4909</wp:post_id>
		<wp:post_date>2015-03-04 02:08:29</wp:post_date>
		<wp:post_date_gmt>2015-03-04 02:08:29</wp:post_date_gmt>
		<wp:comment_status>open</wp:comment_status>
		<wp:ping_status>open</wp:ping_status>
		<wp:post_name>%d8%a8%d9%84%d9%88%d9%82-%d9%84%d9%84%d8%b5%d9%88%d8%aa-%d8%a8%d9%84%d9%88%d9%82-%d9%84%d9%84%d9%85%d8%b9%d8%b1%d8%b6-3</wp:post_name>
		<wp:status>publish</wp:status>
		<wp:post_parent>0</wp:post_parent>
		<wp:menu_order>0</wp:menu_order>
		<wp:post_type>post</wp:post_type>
		<wp:post_password></wp:post_password>
		<wp:is_sticky>0</wp:is_sticky>
		<category domain="post_format" nicename="post-format-audio"><![CDATA[صوت]]></category>
		<category domain="category" nicename="%d8%a7%d9%84%d8%b3%d9%8a%d8%a7%d8%ad%d8%a9-%d8%a7%d9%84%d8%a8%d9%8a%d8%a6%d9%8a%d8%a9"><![CDATA[السياحة البيئية]]></category>
		<category domain="category" nicename="%d8%aa%d9%83%d9%86%d9%88%d9%84%d9%88%d8%ac%d9%8a%d8%a7-%d8%a7%d9%84%d9%85%d8%b9%d9%84%d9%88%d9%85%d8%a7%d8%aa"><![CDATA[تكنولوجيا المعلومات]]></category>
		<category domain="category" nicename="%d8%b7%d8%a8%d9%8a%d8%b9%d8%a9"><![CDATA[طبيعة]]></category>
		<wp:postmeta>
			<wp:meta_key>rate_review</wp:meta_key>
			<wp:meta_value><![CDATA[0]]></wp:meta_value>
		</wp:postmeta>
		<wp:postmeta>
			<wp:meta_key>_edit_last</wp:meta_key>
			<wp:meta_value><![CDATA[1]]></wp:meta_value>
		</wp:postmeta>
		<wp:postmeta>
			<wp:meta_key>media</wp:meta_key>
			<wp:meta_value><![CDATA[https://soundcloud.com/radiohysteria/tarja-turunen-i-feel-immortal]]></wp:meta_value>
		</wp:postmeta>
		<wp:postmeta>
			<wp:meta_key>post_views_count</wp:meta_key>
			<wp:meta_value><![CDATA[]]></wp:meta_value>
		</wp:postmeta>
		<wp:postmeta>
			<wp:meta_key>_vc_post_settings</wp:meta_key>
			<wp:meta_value><![CDATA[a:2:{s:7:"vc_grid";a:0:{}s:10:"vc_grid_id";a:0:{}}]]></wp:meta_value>
		</wp:postmeta>
		<wp:postmeta>
			<wp:meta_key>post_sidebar_pos</wp:meta_key>
			<wp:meta_value><![CDATA[no]]></wp:meta_value>
		</wp:postmeta>
		<wp:postmeta>
			<wp:meta_key>_thumbnail_id</wp:meta_key>
			<wp:meta_value><![CDATA[5485]]></wp:meta_value>
		</wp:postmeta>
	</item>
	<item>
		<title>بلوق للصوت بلوق للمعرض</title>
		<link>http://travelarabic3.wpengine.com/?p=4911</link>
		<pubDate>Wed, 04 Mar 2015 02:16:12 +0000</pubDate>
		<dc:creator><![CDATA[admin]]></dc:creator>
		<guid isPermaLink="false">http://shinetheme.com/demosd/traveler_arabic/?p=4911</guid>
		<description></description>
		<content:encoded><![CDATA[لوريم إيبسوم و ببساطة نص شكلي (بمعنى أن الغاية هي الشكل وليس المحتوى) ويُستخدم في صناعات المطابع ودور النشر. كان لوريم إيبسوم ولايزال المعيار للنص الشكلي منذ القرن الخامس عشر عندما قامت مطبعة مجهولة برص مجموعة من الأحرف بشكل عشوائي أخذتها من نص، لتكوّن كتيّب بمثابة دليل أو مرجع شكلي لهذه الأحرف. خمسة قرون من الزمن لم تقضي على هذا النص، بل انه حتى صار مستخدماً وبشكله الأصلي في الطباعة والتنضيد الإلكتروني. انتشر بشكل كبير في ستينيّات هذا القرن مع إصدار رقائق "ليتراسيت"  البلاستيكية تحوي مقاطع من هذا النص، وعاد لينتشر مرة أخرى مؤخراَ مع ظهور برامج النشر الإلكتروني مثل "ألدوس بايج مايكر"  والتي حوت أيضاً على نسخ من نص لوريم إيبسوم.
<blockquote>لوريم إيبسوم و ببساطة نص شكلي (بمعنى أن الغاية هي الشكل وليس المحتوى) ويُستخدم في صناعات المطابع ودور النشر. كان لوريم إيبسوم ولايزال المعيار للنص الشكلي منذ القرن الخامس عشر عندما قامت مطبعة مجهولة برص مجموعة من الأحرف بشكل عشوائي أخذتها من نص، لتكوّن كتيّب بمثابة دليل أو مرجع شكلي لهذه الأحرف. خمسة قرون من الزمن لم تقضي على هذا النص، بل انه حتى صار مستخدماً وبشكله الأصلي في الطباعة والتنضيد الإلكتروني. انتشر بشكل كبير في ستينيّات هذا القرن مع إصدار رقائق "ليتراسيت"  البلاستيكية تحوي مقاطع من هذا النص، وعاد لينتشر مرة أخرى مؤخراَ مع ظهور برامج النشر الإلكتروني مثل "ألدوس بايج مايكر"  والتي حوت أيضاً على نسخ من نص لوريم إيبسوم.</blockquote>
&nbsp;

لوريم إيبسوم و ببساطة نص شكلي (بمعنى أن الغاية هي الشكل وليس المحتوى) ويُستخدم في صناعات المطابع ودور النشر. كان لوريم إيبسوم ولايزال المعيار للنص الشكلي منذ القرن الخامس عشر عندما قامت مطبعة مجهولة برص مجموعة من الأحرف بشكل عشوائي أخذتها من نص، لتكوّن كتيّب بمثابة دليل أو مرجع شكلي لهذه الأحرف. خمسة قرون من الزمن لم تقضي على هذا النص، بل انه حتى صار مستخدماً وبشكله الأصلي في الطباعة والتنضيد الإلكتروني. انتشر بشكل كبير في ستينيّات هذا القرن مع إصدار رقائق "ليتراسيت"  البلاستيكية تحوي مقاطع من هذا النص، وعاد لينتشر مرة أخرى مؤخراَ مع ظهور برامج النشر الإلكتروني مثل "ألدوس بايج مايكر"  والتي حوت أيضاً على نسخ من نص لوريم إيبسوم.]]></content:encoded>
		<excerpt:encoded><![CDATA[]]></excerpt:encoded>
		<wp:post_id>4911</wp:post_id>
		<wp:post_date>2015-03-04 02:16:12</wp:post_date>
		<wp:post_date_gmt>2015-03-04 02:16:12</wp:post_date_gmt>
		<wp:comment_status>open</wp:comment_status>
		<wp:ping_status>open</wp:ping_status>
		<wp:post_name>%d8%a8%d9%84%d9%88%d9%82-%d9%84%d9%84%d8%b5%d9%88%d8%aa-%d8%a8%d9%84%d9%88%d9%82-%d9%84%d9%84%d9%85%d8%b9%d8%b1%d8%b6-4</wp:post_name>
		<wp:status>publish</wp:status>
		<wp:post_parent>0</wp:post_parent>
		<wp:menu_order>0</wp:menu_order>
		<wp:post_type>post</wp:post_type>
		<wp:post_password></wp:post_password>
		<wp:is_sticky>0</wp:is_sticky>
		<category domain="post_format" nicename="post-format-image"><![CDATA[صورة]]></category>
		<category domain="category" nicename="%d8%a7%d9%84%d8%b3%d9%8a%d8%a7%d8%ad%d8%a9-%d8%a7%d9%84%d8%a8%d9%8a%d8%a6%d9%8a%d8%a9"><![CDATA[السياحة البيئية]]></category>
		<category domain="post_tag" nicename="%d8%a7%d9%84%d8%b3%d9%8a%d8%a7%d8%ad%d8%a9-%d8%a7%d9%84%d8%a8%d9%8a%d8%a6%d9%8a%d8%a9"><![CDATA[السياحة البيئية]]></category>
		<category domain="post_tag" nicename="%d8%aa%d8%b3%d9%84%d9%82-%d9%85%d8%ba%d8%a7%d9%85%d8%b1%d8%a9"><![CDATA[تسلق مغامرة]]></category>
		<category domain="post_tag" nicename="%d8%b3%d9%8a%d8%a7%d8%ad%d8%a9-%d9%81%d9%8a-%d9%85%d8%af%d9%8a%d9%86%d8%a9"><![CDATA[سياحة في مدينة]]></category>
		<category domain="post_tag" nicename="%d8%b4%d8%a7%d8%b7%d8%a6"><![CDATA[شاطئ]]></category>
		<category domain="category" nicename="%d8%b7%d8%a8%d9%8a%d8%b9%d8%a9"><![CDATA[طبيعة]]></category>
		<wp:postmeta>
			<wp:meta_key>rate_review</wp:meta_key>
			<wp:meta_value><![CDATA[0]]></wp:meta_value>
		</wp:postmeta>
		<wp:postmeta>
			<wp:meta_key>_edit_last</wp:meta_key>
			<wp:meta_value><![CDATA[1]]></wp:meta_value>
		</wp:postmeta>
		<wp:postmeta>
			<wp:meta_key>_oembed_85a5d8f3a03bb22c9ca070b29a2fbdfb</wp:meta_key>
			<wp:meta_value><![CDATA[<iframe width="500" height="400" scrolling="no" frameborder="no" src="https://w.soundcloud.com/player/?visual=true&url=http%3A%2F%2Fapi.soundcloud.com%2Ftracks%2F4552441&show_artwork=true&maxwidth=500&maxheight=750"></iframe>]]></wp:meta_value>
		</wp:postmeta>
		<wp:postmeta>
			<wp:meta_key>_oembed_time_85a5d8f3a03bb22c9ca070b29a2fbdfb</wp:meta_key>
			<wp:meta_value><![CDATA[1425435357]]></wp:meta_value>
		</wp:postmeta>
		<wp:postmeta>
			<wp:meta_key>post_views_count</wp:meta_key>
			<wp:meta_value><![CDATA[]]></wp:meta_value>
		</wp:postmeta>
		<wp:postmeta>
			<wp:meta_key>_vc_post_settings</wp:meta_key>
			<wp:meta_value><![CDATA[a:2:{s:7:"vc_grid";a:0:{}s:10:"vc_grid_id";a:0:{}}]]></wp:meta_value>
		</wp:postmeta>
		<wp:postmeta>
			<wp:meta_key>post_sidebar_pos</wp:meta_key>
			<wp:meta_value><![CDATA[right]]></wp:meta_value>
		</wp:postmeta>
		<wp:postmeta>
			<wp:meta_key>post_sidebar</wp:meta_key>
			<wp:meta_value><![CDATA[blog-sidebar]]></wp:meta_value>
		</wp:postmeta>
		<wp:postmeta>
			<wp:meta_key>_thumbnail_id</wp:meta_key>
			<wp:meta_value><![CDATA[5484]]></wp:meta_value>
		</wp:postmeta>
	</item>
</channel>
</rss>
