<?xml version="1.0" encoding="UTF-8" ?>
<!-- This is a WordPress eXtended RSS file generated by WordPress as an export of your site. -->
<!-- It contains information about your site's posts, pages, comments, categories, and other content. -->
<!-- You may use this file to transfer that content from one site to another. -->
<!-- This file is not intended to serve as a complete backup of your site. -->

<!-- To import this information into a WordPress site follow these steps: -->
<!-- 1. Log in to that site as an administrator. -->
<!-- 2. Go to Tools: Import in the WordPress admin panel. -->
<!-- 3. Install the "WordPress" importer from the list. -->
<!-- 4. Activate & Run Importer. -->
<!-- 5. Upload this file using the form provided on that page. -->
<!-- 6. You will first be asked to map the authors in this export file to users -->
<!--    on the site. For each author, you may choose to map to an -->
<!--    existing user on the site or to create a new user. -->
<!-- 7. WordPress will then import each of the posts, pages, comments, categories, etc. -->
<!--    contained in this file into your site. -->

<!-- generator="WordPress/4.1.1" created="2015-03-06 09:42" -->
<rss version="2.0"
	xmlns:excerpt="http://wordpress.org/export/1.2/excerpt/"
	xmlns:content="http://purl.org/rss/1.0/modules/content/"
	xmlns:wfw="http://wellformedweb.org/CommentAPI/"
	xmlns:dc="http://purl.org/dc/elements/1.1/"
	xmlns:wp="http://wordpress.org/export/1.2/"
>

<channel>
	<title>The Traveler</title>
	<link>http://shinetheme.com/demosd/traveler_demo</link>
	<description>Just another WordPress site</description>
	<pubDate>Fri, 06 Mar 2015 09:42:17 +0000</pubDate>
	<language>en-US</language>
	<wp:wxr_version>1.2</wp:wxr_version>
	<wp:base_site_url>http://shinetheme.com/demosd/traveler_demo</wp:base_site_url>
	<wp:base_blog_url>http://shinetheme.com/demosd/traveler_demo</wp:base_blog_url>

	<wp:author><wp:author_id>1</wp:author_id><wp:author_login>admin</wp:author_login><wp:author_email>doquangquan1993@gmail.com</wp:author_email><wp:author_display_name><![CDATA[admin]]></wp:author_display_name><wp:author_first_name><![CDATA[]]></wp:author_first_name><wp:author_last_name><![CDATA[]]></wp:author_last_name></wp:author>


	<generator>http://wordpress.org/?v=4.1.1</generator>
	<item>
		<title>Cruise demo (1)</title>
		<link>http://shinetheme.com/demosd/traveler_demo/?attachment_id=1594</link>
		<pubDate>Mon, 12 Jan 2015 06:41:31 +0000</pubDate>
		<dc:creator><![CDATA[admin]]></dc:creator>
		<guid isPermaLink="false">http://shinetheme.com/demosd/traveler_demo/wp-content/uploads/2014/12/Cruise-demo-11.jpg</guid>
		<description></description>
		<content:encoded><![CDATA[]]></content:encoded>
		<excerpt:encoded><![CDATA[]]></excerpt:encoded>
		<wp:post_id>1594</wp:post_id>
		<wp:post_date>2015-01-12 06:41:31</wp:post_date>
		<wp:post_date_gmt>2015-01-12 06:41:31</wp:post_date_gmt>
		<wp:comment_status>open</wp:comment_status>
		<wp:ping_status>open</wp:ping_status>
		<wp:post_name>cruise-demo-1</wp:post_name>
		<wp:status>inherit</wp:status>
		<wp:post_parent>0</wp:post_parent>
		<wp:menu_order>0</wp:menu_order>
		<wp:post_type>attachment</wp:post_type>
		<wp:post_password></wp:post_password>
		<wp:is_sticky>0</wp:is_sticky>
		<wp:attachment_url>http://shinetheme.com/demosd/traveler_demo/wp-content/uploads/2014/12/Cruise-demo-11.jpg</wp:attachment_url>
		<wp:postmeta>
			<wp:meta_key>_wp_attached_file</wp:meta_key>
			<wp:meta_value><![CDATA[2014/12/Cruise-demo-11.jpg]]></wp:meta_value>
		</wp:postmeta>
		<wp:postmeta>
			<wp:meta_key>_wp_attachment_metadata</wp:meta_key>
			<wp:meta_value><![CDATA[a:5:{s:5:"width";i:3000;s:6:"height";i:2400;s:4:"file";s:26:"2014/12/Cruise-demo-11.jpg";s:5:"sizes";a:3:{s:9:"thumbnail";a:4:{s:4:"file";s:26:"Cruise-demo-11-150x150.jpg";s:5:"width";i:150;s:6:"height";i:150;s:9:"mime-type";s:10:"image/jpeg";}s:6:"medium";a:4:{s:4:"file";s:26:"Cruise-demo-11-300x300.jpg";s:5:"width";i:300;s:6:"height";i:300;s:9:"mime-type";s:10:"image/jpeg";}s:5:"large";a:4:{s:4:"file";s:28:"Cruise-demo-11-1024x1024.jpg";s:5:"width";i:1024;s:6:"height";i:1024;s:9:"mime-type";s:10:"image/jpeg";}}s:10:"image_meta";a:11:{s:8:"aperture";i:0;s:6:"credit";s:0:"";s:6:"camera";s:0:"";s:7:"caption";s:0:"";s:17:"created_timestamp";i:0;s:9:"copyright";s:0:"";s:12:"focal_length";i:0;s:3:"iso";i:0;s:13:"shutter_speed";i:0;s:5:"title";s:0:"";s:11:"orientation";i:1;}}]]></wp:meta_value>
		</wp:postmeta>
	</item>
	<item>
		<title>Cruise demo (2)</title>
		<link>http://shinetheme.com/demosd/traveler_demo/?attachment_id=1595</link>
		<pubDate>Mon, 12 Jan 2015 06:41:33 +0000</pubDate>
		<dc:creator><![CDATA[admin]]></dc:creator>
		<guid isPermaLink="false">http://shinetheme.com/demosd/traveler_demo/wp-content/uploads/2014/12/Cruise-demo-21.jpg</guid>
		<description></description>
		<content:encoded><![CDATA[]]></content:encoded>
		<excerpt:encoded><![CDATA[]]></excerpt:encoded>
		<wp:post_id>1595</wp:post_id>
		<wp:post_date>2015-01-12 06:41:33</wp:post_date>
		<wp:post_date_gmt>2015-01-12 06:41:33</wp:post_date_gmt>
		<wp:comment_status>open</wp:comment_status>
		<wp:ping_status>open</wp:ping_status>
		<wp:post_name>cruise-demo-2</wp:post_name>
		<wp:status>inherit</wp:status>
		<wp:post_parent>0</wp:post_parent>
		<wp:menu_order>0</wp:menu_order>
		<wp:post_type>attachment</wp:post_type>
		<wp:post_password></wp:post_password>
		<wp:is_sticky>0</wp:is_sticky>
		<wp:attachment_url>http://shinetheme.com/demosd/traveler_demo/wp-content/uploads/2014/12/Cruise-demo-21.jpg</wp:attachment_url>
		<wp:postmeta>
			<wp:meta_key>_wp_attached_file</wp:meta_key>
			<wp:meta_value><![CDATA[2014/12/Cruise-demo-21.jpg]]></wp:meta_value>
		</wp:postmeta>
		<wp:postmeta>
			<wp:meta_key>_wp_attachment_metadata</wp:meta_key>
			<wp:meta_value><![CDATA[a:5:{s:5:"width";i:1600;s:6:"height";i:1200;s:4:"file";s:26:"2014/12/Cruise-demo-21.jpg";s:5:"sizes";a:3:{s:9:"thumbnail";a:4:{s:4:"file";s:26:"Cruise-demo-21-150x150.jpg";s:5:"width";i:150;s:6:"height";i:150;s:9:"mime-type";s:10:"image/jpeg";}s:6:"medium";a:4:{s:4:"file";s:26:"Cruise-demo-21-300x300.jpg";s:5:"width";i:300;s:6:"height";i:300;s:9:"mime-type";s:10:"image/jpeg";}s:5:"large";a:4:{s:4:"file";s:28:"Cruise-demo-21-1024x1024.jpg";s:5:"width";i:1024;s:6:"height";i:1024;s:9:"mime-type";s:10:"image/jpeg";}}s:10:"image_meta";a:11:{s:8:"aperture";i:0;s:6:"credit";s:0:"";s:6:"camera";s:0:"";s:7:"caption";s:0:"";s:17:"created_timestamp";i:0;s:9:"copyright";s:0:"";s:12:"focal_length";i:0;s:3:"iso";i:0;s:13:"shutter_speed";i:0;s:5:"title";s:0:"";s:11:"orientation";i:0;}}]]></wp:meta_value>
		</wp:postmeta>
	</item>
	<item>
		<title>Cruise demo (8)</title>
		<link>http://shinetheme.com/demosd/traveler_demo/?attachment_id=1601</link>
		<pubDate>Mon, 12 Jan 2015 06:41:39 +0000</pubDate>
		<dc:creator><![CDATA[admin]]></dc:creator>
		<guid isPermaLink="false">http://shinetheme.com/demosd/traveler_demo/wp-content/uploads/2014/12/Cruise-demo-81.jpg</guid>
		<description></description>
		<content:encoded><![CDATA[]]></content:encoded>
		<excerpt:encoded><![CDATA[]]></excerpt:encoded>
		<wp:post_id>1601</wp:post_id>
		<wp:post_date>2015-01-12 06:41:39</wp:post_date>
		<wp:post_date_gmt>2015-01-12 06:41:39</wp:post_date_gmt>
		<wp:comment_status>open</wp:comment_status>
		<wp:ping_status>open</wp:ping_status>
		<wp:post_name>cruise-demo-8</wp:post_name>
		<wp:status>inherit</wp:status>
		<wp:post_parent>0</wp:post_parent>
		<wp:menu_order>0</wp:menu_order>
		<wp:post_type>attachment</wp:post_type>
		<wp:post_password></wp:post_password>
		<wp:is_sticky>0</wp:is_sticky>
		<wp:attachment_url>http://shinetheme.com/demosd/traveler_demo/wp-content/uploads/2014/12/Cruise-demo-81.jpg</wp:attachment_url>
		<wp:postmeta>
			<wp:meta_key>_wp_attached_file</wp:meta_key>
			<wp:meta_value><![CDATA[2014/12/Cruise-demo-81.jpg]]></wp:meta_value>
		</wp:postmeta>
		<wp:postmeta>
			<wp:meta_key>_wp_attachment_metadata</wp:meta_key>
			<wp:meta_value><![CDATA[a:5:{s:5:"width";i:602;s:6:"height";i:369;s:4:"file";s:26:"2014/12/Cruise-demo-81.jpg";s:5:"sizes";a:3:{s:9:"thumbnail";a:4:{s:4:"file";s:26:"Cruise-demo-81-150x150.jpg";s:5:"width";i:150;s:6:"height";i:150;s:9:"mime-type";s:10:"image/jpeg";}s:6:"medium";a:4:{s:4:"file";s:26:"Cruise-demo-81-300x300.jpg";s:5:"width";i:300;s:6:"height";i:300;s:9:"mime-type";s:10:"image/jpeg";}s:5:"large";a:4:{s:4:"file";s:28:"Cruise-demo-81-1024x1024.jpg";s:5:"width";i:1024;s:6:"height";i:1024;s:9:"mime-type";s:10:"image/jpeg";}}s:10:"image_meta";a:11:{s:8:"aperture";i:0;s:6:"credit";s:0:"";s:6:"camera";s:0:"";s:7:"caption";s:0:"";s:17:"created_timestamp";i:0;s:9:"copyright";s:0:"";s:12:"focal_length";i:0;s:3:"iso";i:0;s:13:"shutter_speed";i:0;s:5:"title";s:0:"";s:11:"orientation";i:0;}}]]></wp:meta_value>
		</wp:postmeta>
	</item>
	<item>
		<title>cruise (1)</title>
		<link>http://shinetheme.com/demosd/traveler_demo/?attachment_id=1602</link>
		<pubDate>Mon, 12 Jan 2015 06:42:51 +0000</pubDate>
		<dc:creator><![CDATA[admin]]></dc:creator>
		<guid isPermaLink="false">http://shinetheme.com/demosd/traveler_demo/wp-content/uploads/2014/12/cruise-12.jpg</guid>
		<description></description>
		<content:encoded><![CDATA[]]></content:encoded>
		<excerpt:encoded><![CDATA[]]></excerpt:encoded>
		<wp:post_id>1602</wp:post_id>
		<wp:post_date>2015-01-12 06:42:51</wp:post_date>
		<wp:post_date_gmt>2015-01-12 06:42:51</wp:post_date_gmt>
		<wp:comment_status>open</wp:comment_status>
		<wp:ping_status>open</wp:ping_status>
		<wp:post_name>cruise-1</wp:post_name>
		<wp:status>inherit</wp:status>
		<wp:post_parent>0</wp:post_parent>
		<wp:menu_order>0</wp:menu_order>
		<wp:post_type>attachment</wp:post_type>
		<wp:post_password></wp:post_password>
		<wp:is_sticky>0</wp:is_sticky>
		<wp:attachment_url>http://shinetheme.com/demosd/traveler_demo/wp-content/uploads/2014/12/cruise-12.jpg</wp:attachment_url>
		<wp:postmeta>
			<wp:meta_key>_wp_attached_file</wp:meta_key>
			<wp:meta_value><![CDATA[2014/12/cruise-12.jpg]]></wp:meta_value>
		</wp:postmeta>
		<wp:postmeta>
			<wp:meta_key>_wp_attachment_metadata</wp:meta_key>
			<wp:meta_value><![CDATA[a:5:{s:5:"width";i:2016;s:6:"height";i:1376;s:4:"file";s:21:"2014/12/cruise-12.jpg";s:5:"sizes";a:3:{s:9:"thumbnail";a:4:{s:4:"file";s:21:"cruise-12-150x150.jpg";s:5:"width";i:150;s:6:"height";i:150;s:9:"mime-type";s:10:"image/jpeg";}s:6:"medium";a:4:{s:4:"file";s:21:"cruise-12-300x300.jpg";s:5:"width";i:300;s:6:"height";i:300;s:9:"mime-type";s:10:"image/jpeg";}s:5:"large";a:4:{s:4:"file";s:23:"cruise-12-1024x1024.jpg";s:5:"width";i:1024;s:6:"height";i:1024;s:9:"mime-type";s:10:"image/jpeg";}}s:10:"image_meta";a:11:{s:8:"aperture";i:0;s:6:"credit";s:0:"";s:6:"camera";s:0:"";s:7:"caption";s:0:"";s:17:"created_timestamp";i:0;s:9:"copyright";s:0:"";s:12:"focal_length";i:0;s:3:"iso";i:0;s:13:"shutter_speed";i:0;s:5:"title";s:0:"";s:11:"orientation";i:1;}}]]></wp:meta_value>
		</wp:postmeta>
	</item>
	<item>
		<title>S24381K</title>
		<link>http://shinetheme.com/demosd/traveler_demo/?attachment_id=1605</link>
		<pubDate>Mon, 12 Jan 2015 06:56:07 +0000</pubDate>
		<dc:creator><![CDATA[admin]]></dc:creator>
		<guid isPermaLink="false">http://shinetheme.com/demosd/traveler_demo/wp-content/uploads/2014/12/cruise-21.jpg</guid>
		<description></description>
		<content:encoded><![CDATA[]]></content:encoded>
		<excerpt:encoded><![CDATA[]]></excerpt:encoded>
		<wp:post_id>1605</wp:post_id>
		<wp:post_date>2015-01-12 06:56:07</wp:post_date>
		<wp:post_date_gmt>2015-01-12 06:56:07</wp:post_date_gmt>
		<wp:comment_status>open</wp:comment_status>
		<wp:ping_status>open</wp:ping_status>
		<wp:post_name>s24381k</wp:post_name>
		<wp:status>inherit</wp:status>
		<wp:post_parent>0</wp:post_parent>
		<wp:menu_order>0</wp:menu_order>
		<wp:post_type>attachment</wp:post_type>
		<wp:post_password></wp:post_password>
		<wp:is_sticky>0</wp:is_sticky>
		<wp:attachment_url>http://shinetheme.com/demosd/traveler_demo/wp-content/uploads/2014/12/cruise-21.jpg</wp:attachment_url>
		<wp:postmeta>
			<wp:meta_key>_wp_attached_file</wp:meta_key>
			<wp:meta_value><![CDATA[2014/12/cruise-21.jpg]]></wp:meta_value>
		</wp:postmeta>
		<wp:postmeta>
			<wp:meta_key>_wp_attachment_metadata</wp:meta_key>
			<wp:meta_value><![CDATA[a:5:{s:5:"width";i:1500;s:6:"height";i:1043;s:4:"file";s:21:"2014/12/cruise-21.jpg";s:5:"sizes";a:3:{s:9:"thumbnail";a:4:{s:4:"file";s:21:"cruise-21-150x150.jpg";s:5:"width";i:150;s:6:"height";i:150;s:9:"mime-type";s:10:"image/jpeg";}s:6:"medium";a:4:{s:4:"file";s:21:"cruise-21-300x300.jpg";s:5:"width";i:300;s:6:"height";i:300;s:9:"mime-type";s:10:"image/jpeg";}s:5:"large";a:4:{s:4:"file";s:23:"cruise-21-1024x1024.jpg";s:5:"width";i:1024;s:6:"height";i:1024;s:9:"mime-type";s:10:"image/jpeg";}}s:10:"image_meta";a:11:{s:8:"aperture";i:0;s:6:"credit";s:0:"";s:6:"camera";s:0:"";s:7:"caption";s:0:"";s:17:"created_timestamp";i:0;s:9:"copyright";s:0:"";s:12:"focal_length";i:0;s:3:"iso";i:0;s:13:"shutter_speed";i:0;s:5:"title";s:7:"S24381K";s:11:"orientation";i:1;}}]]></wp:meta_value>
		</wp:postmeta>
	</item>
	<item>
		<title>bmw</title>
		<link>http://shinetheme.com/demosd/traveler_demo/?attachment_id=1744</link>
		<pubDate>Tue, 27 Jan 2015 02:06:58 +0000</pubDate>
		<dc:creator><![CDATA[admin]]></dc:creator>
		<guid isPermaLink="false">http://shinetheme.com/demosd/traveler_demo/wp-content/uploads/2015/01/chỉ-mục1.jpg</guid>
		<description></description>
		<content:encoded><![CDATA[]]></content:encoded>
		<excerpt:encoded><![CDATA[]]></excerpt:encoded>
		<wp:post_id>1744</wp:post_id>
		<wp:post_date>2015-01-27 02:06:58</wp:post_date>
		<wp:post_date_gmt>2015-01-27 02:06:58</wp:post_date_gmt>
		<wp:comment_status>open</wp:comment_status>
		<wp:ping_status>open</wp:ping_status>
		<wp:post_name>chi-muc</wp:post_name>
		<wp:status>inherit</wp:status>
		<wp:post_parent>0</wp:post_parent>
		<wp:menu_order>0</wp:menu_order>
		<wp:post_type>attachment</wp:post_type>
		<wp:post_password></wp:post_password>
		<wp:is_sticky>0</wp:is_sticky>
		<wp:attachment_url>http://shinetheme.com/demosd/traveler_demo/wp-content/uploads/2015/01/chỉ-mục1.jpg</wp:attachment_url>
		<wp:postmeta>
			<wp:meta_key>_wp_attached_file</wp:meta_key>
			<wp:meta_value><![CDATA[2015/01/chỉ-mục1.jpg]]></wp:meta_value>
		</wp:postmeta>
		<wp:postmeta>
			<wp:meta_key>_wp_attachment_metadata</wp:meta_key>
			<wp:meta_value><![CDATA[a:5:{s:5:"width";i:225;s:6:"height";i:225;s:4:"file";s:24:"2015/01/chỉ-mục1.jpg";s:5:"sizes";a:3:{s:9:"thumbnail";a:4:{s:4:"file";s:24:"chỉ-mục1-150x150.jpg";s:5:"width";i:150;s:6:"height";i:150;s:9:"mime-type";s:10:"image/jpeg";}s:6:"medium";a:4:{s:4:"file";s:24:"chỉ-mục1-300x300.jpg";s:5:"width";i:300;s:6:"height";i:300;s:9:"mime-type";s:10:"image/jpeg";}s:5:"large";a:4:{s:4:"file";s:26:"chỉ-mục1-1024x1024.jpg";s:5:"width";i:1024;s:6:"height";i:1024;s:9:"mime-type";s:10:"image/jpeg";}}s:10:"image_meta";a:11:{s:8:"aperture";i:0;s:6:"credit";s:0:"";s:6:"camera";s:0:"";s:7:"caption";s:0:"";s:17:"created_timestamp";i:0;s:9:"copyright";s:0:"";s:12:"focal_length";i:0;s:3:"iso";i:0;s:13:"shutter_speed";i:0;s:5:"title";s:0:"";s:11:"orientation";i:0;}}]]></wp:meta_value>
		</wp:postmeta>
	</item>
	<item>
		<title>chỉ mục</title>
		<link>http://shinetheme.com/demosd/traveler_demo/?attachment_id=1746</link>
		<pubDate>Tue, 27 Jan 2015 02:15:56 +0000</pubDate>
		<dc:creator><![CDATA[admin]]></dc:creator>
		<guid isPermaLink="false">http://shinetheme.com/demosd/traveler_demo/wp-content/uploads/2014/12/chỉ-mục1.jpg</guid>
		<description></description>
		<content:encoded><![CDATA[]]></content:encoded>
		<excerpt:encoded><![CDATA[]]></excerpt:encoded>
		<wp:post_id>1746</wp:post_id>
		<wp:post_date>2015-01-27 02:15:56</wp:post_date>
		<wp:post_date_gmt>2015-01-27 02:15:56</wp:post_date_gmt>
		<wp:comment_status>open</wp:comment_status>
		<wp:ping_status>open</wp:ping_status>
		<wp:post_name>chi-muc-2</wp:post_name>
		<wp:status>inherit</wp:status>
		<wp:post_parent>0</wp:post_parent>
		<wp:menu_order>0</wp:menu_order>
		<wp:post_type>attachment</wp:post_type>
		<wp:post_password></wp:post_password>
		<wp:is_sticky>0</wp:is_sticky>
		<wp:attachment_url>http://shinetheme.com/demosd/traveler_demo/wp-content/uploads/2014/12/chỉ-mục1.jpg</wp:attachment_url>
		<wp:postmeta>
			<wp:meta_key>_wp_attached_file</wp:meta_key>
			<wp:meta_value><![CDATA[2014/12/chỉ-mục1.jpg]]></wp:meta_value>
		</wp:postmeta>
		<wp:postmeta>
			<wp:meta_key>_wp_attachment_metadata</wp:meta_key>
			<wp:meta_value><![CDATA[a:5:{s:5:"width";i:210;s:6:"height";i:240;s:4:"file";s:24:"2014/12/chỉ-mục1.jpg";s:5:"sizes";a:3:{s:9:"thumbnail";a:4:{s:4:"file";s:24:"chỉ-mục1-150x150.jpg";s:5:"width";i:150;s:6:"height";i:150;s:9:"mime-type";s:10:"image/jpeg";}s:6:"medium";a:4:{s:4:"file";s:24:"chỉ-mục1-300x300.jpg";s:5:"width";i:300;s:6:"height";i:300;s:9:"mime-type";s:10:"image/jpeg";}s:5:"large";a:4:{s:4:"file";s:26:"chỉ-mục1-1024x1024.jpg";s:5:"width";i:1024;s:6:"height";i:1024;s:9:"mime-type";s:10:"image/jpeg";}}s:10:"image_meta";a:11:{s:8:"aperture";i:0;s:6:"credit";s:0:"";s:6:"camera";s:0:"";s:7:"caption";s:0:"";s:17:"created_timestamp";i:0;s:9:"copyright";s:0:"";s:12:"focal_length";i:0;s:3:"iso";i:0;s:13:"shutter_speed";i:0;s:5:"title";s:0:"";s:11:"orientation";i:0;}}]]></wp:meta_value>
		</wp:postmeta>
	</item>
	<item>
		<title>Lamborghini-Logo</title>
		<link>http://shinetheme.com/demosd/traveler_demo/?attachment_id=1747</link>
		<pubDate>Tue, 27 Jan 2015 02:16:59 +0000</pubDate>
		<dc:creator><![CDATA[admin]]></dc:creator>
		<guid isPermaLink="false">http://shinetheme.com/demosd/traveler_demo/wp-content/uploads/2014/12/Lamborghini-Logo1.jpg</guid>
		<description></description>
		<content:encoded><![CDATA[]]></content:encoded>
		<excerpt:encoded><![CDATA[]]></excerpt:encoded>
		<wp:post_id>1747</wp:post_id>
		<wp:post_date>2015-01-27 02:16:59</wp:post_date>
		<wp:post_date_gmt>2015-01-27 02:16:59</wp:post_date_gmt>
		<wp:comment_status>open</wp:comment_status>
		<wp:ping_status>open</wp:ping_status>
		<wp:post_name>lamborghini-logo</wp:post_name>
		<wp:status>inherit</wp:status>
		<wp:post_parent>0</wp:post_parent>
		<wp:menu_order>0</wp:menu_order>
		<wp:post_type>attachment</wp:post_type>
		<wp:post_password></wp:post_password>
		<wp:is_sticky>0</wp:is_sticky>
		<wp:attachment_url>http://shinetheme.com/demosd/traveler_demo/wp-content/uploads/2014/12/Lamborghini-Logo1.jpg</wp:attachment_url>
		<wp:postmeta>
			<wp:meta_key>_wp_attached_file</wp:meta_key>
			<wp:meta_value><![CDATA[2014/12/Lamborghini-Logo1.jpg]]></wp:meta_value>
		</wp:postmeta>
		<wp:postmeta>
			<wp:meta_key>_wp_attachment_metadata</wp:meta_key>
			<wp:meta_value><![CDATA[a:5:{s:5:"width";i:600;s:6:"height";i:600;s:4:"file";s:29:"2014/12/Lamborghini-Logo1.jpg";s:5:"sizes";a:3:{s:9:"thumbnail";a:4:{s:4:"file";s:29:"Lamborghini-Logo1-150x150.jpg";s:5:"width";i:150;s:6:"height";i:150;s:9:"mime-type";s:10:"image/jpeg";}s:6:"medium";a:4:{s:4:"file";s:29:"Lamborghini-Logo1-300x300.jpg";s:5:"width";i:300;s:6:"height";i:300;s:9:"mime-type";s:10:"image/jpeg";}s:5:"large";a:4:{s:4:"file";s:31:"Lamborghini-Logo1-1024x1024.jpg";s:5:"width";i:1024;s:6:"height";i:1024;s:9:"mime-type";s:10:"image/jpeg";}}s:10:"image_meta";a:11:{s:8:"aperture";i:0;s:6:"credit";s:0:"";s:6:"camera";s:0:"";s:7:"caption";s:0:"";s:17:"created_timestamp";i:0;s:9:"copyright";s:0:"";s:12:"focal_length";i:0;s:3:"iso";i:0;s:13:"shutter_speed";i:0;s:5:"title";s:0:"";s:11:"orientation";i:0;}}]]></wp:meta_value>
		</wp:postmeta>
	</item>
	<item>
		<title>logo</title>
		<link>http://shinetheme.com/demosd/traveler_demo/?attachment_id=1753</link>
		<pubDate>Tue, 27 Jan 2015 03:21:31 +0000</pubDate>
		<dc:creator><![CDATA[admin]]></dc:creator>
		<guid isPermaLink="false">http://shinetheme.com/demosd/traveler_demo/wp-content/uploads/2014/11/logo1.png</guid>
		<description></description>
		<content:encoded><![CDATA[]]></content:encoded>
		<excerpt:encoded><![CDATA[]]></excerpt:encoded>
		<wp:post_id>1753</wp:post_id>
		<wp:post_date>2015-01-27 03:21:31</wp:post_date>
		<wp:post_date_gmt>2015-01-27 03:21:31</wp:post_date_gmt>
		<wp:comment_status>open</wp:comment_status>
		<wp:ping_status>open</wp:ping_status>
		<wp:post_name>logo-2</wp:post_name>
		<wp:status>inherit</wp:status>
		<wp:post_parent>0</wp:post_parent>
		<wp:menu_order>0</wp:menu_order>
		<wp:post_type>attachment</wp:post_type>
		<wp:post_password></wp:post_password>
		<wp:is_sticky>0</wp:is_sticky>
		<wp:attachment_url>http://shinetheme.com/demosd/traveler_demo/wp-content/uploads/2014/11/logo1.png</wp:attachment_url>
		<wp:postmeta>
			<wp:meta_key>_wp_attached_file</wp:meta_key>
			<wp:meta_value><![CDATA[2014/11/logo1.png]]></wp:meta_value>
		</wp:postmeta>
		<wp:postmeta>
			<wp:meta_key>_wp_attachment_metadata</wp:meta_key>
			<wp:meta_value><![CDATA[a:5:{s:5:"width";i:110;s:6:"height";i:40;s:4:"file";s:17:"2014/11/logo1.png";s:5:"sizes";a:3:{s:9:"thumbnail";a:4:{s:4:"file";s:17:"logo1-150x150.png";s:5:"width";i:150;s:6:"height";i:150;s:9:"mime-type";s:9:"image/png";}s:6:"medium";a:4:{s:4:"file";s:17:"logo1-300x300.png";s:5:"width";i:300;s:6:"height";i:300;s:9:"mime-type";s:9:"image/png";}s:5:"large";a:4:{s:4:"file";s:19:"logo1-1024x1024.png";s:5:"width";i:1024;s:6:"height";i:1024;s:9:"mime-type";s:9:"image/png";}}s:10:"image_meta";a:11:{s:8:"aperture";i:0;s:6:"credit";s:0:"";s:6:"camera";s:0:"";s:7:"caption";s:0:"";s:17:"created_timestamp";i:0;s:9:"copyright";s:0:"";s:12:"focal_length";i:0;s:3:"iso";i:0;s:13:"shutter_speed";i:0;s:5:"title";s:0:"";s:11:"orientation";i:0;}}]]></wp:meta_value>
		</wp:postmeta>
	</item>
	<item>
		<title>logo-white</title>
		<link>http://shinetheme.com/demosd/traveler_demo/?attachment_id=1754</link>
		<pubDate>Tue, 27 Jan 2015 03:22:19 +0000</pubDate>
		<dc:creator><![CDATA[admin]]></dc:creator>
		<guid isPermaLink="false">http://shinetheme.com/demosd/traveler_demo/wp-content/uploads/2014/11/logo-white1.png</guid>
		<description></description>
		<content:encoded><![CDATA[]]></content:encoded>
		<excerpt:encoded><![CDATA[]]></excerpt:encoded>
		<wp:post_id>1754</wp:post_id>
		<wp:post_date>2015-01-27 03:22:19</wp:post_date>
		<wp:post_date_gmt>2015-01-27 03:22:19</wp:post_date_gmt>
		<wp:comment_status>open</wp:comment_status>
		<wp:ping_status>open</wp:ping_status>
		<wp:post_name>logo-white</wp:post_name>
		<wp:status>inherit</wp:status>
		<wp:post_parent>0</wp:post_parent>
		<wp:menu_order>0</wp:menu_order>
		<wp:post_type>attachment</wp:post_type>
		<wp:post_password></wp:post_password>
		<wp:is_sticky>0</wp:is_sticky>
		<wp:attachment_url>http://shinetheme.com/demosd/traveler_demo/wp-content/uploads/2014/11/logo-white1.png</wp:attachment_url>
		<wp:postmeta>
			<wp:meta_key>_wp_attached_file</wp:meta_key>
			<wp:meta_value><![CDATA[2014/11/logo-white1.png]]></wp:meta_value>
		</wp:postmeta>
		<wp:postmeta>
			<wp:meta_key>_wp_attachment_metadata</wp:meta_key>
			<wp:meta_value><![CDATA[a:5:{s:5:"width";i:110;s:6:"height";i:40;s:4:"file";s:23:"2014/11/logo-white1.png";s:5:"sizes";a:3:{s:9:"thumbnail";a:4:{s:4:"file";s:23:"logo-white1-150x150.png";s:5:"width";i:150;s:6:"height";i:150;s:9:"mime-type";s:9:"image/png";}s:6:"medium";a:4:{s:4:"file";s:23:"logo-white1-300x300.png";s:5:"width";i:300;s:6:"height";i:300;s:9:"mime-type";s:9:"image/png";}s:5:"large";a:4:{s:4:"file";s:25:"logo-white1-1024x1024.png";s:5:"width";i:1024;s:6:"height";i:1024;s:9:"mime-type";s:9:"image/png";}}s:10:"image_meta";a:11:{s:8:"aperture";i:0;s:6:"credit";s:0:"";s:6:"camera";s:0:"";s:7:"caption";s:0:"";s:17:"created_timestamp";i:0;s:9:"copyright";s:0:"";s:12:"focal_length";i:0;s:3:"iso";i:0;s:13:"shutter_speed";i:0;s:5:"title";s:0:"";s:11:"orientation";i:0;}}]]></wp:meta_value>
		</wp:postmeta>
	</item>
	<item>
		<title>favicon</title>
		<link>http://shinetheme.com/demosd/traveler_demo/?attachment_id=1755</link>
		<pubDate>Tue, 27 Jan 2015 03:22:38 +0000</pubDate>
		<dc:creator><![CDATA[admin]]></dc:creator>
		<guid isPermaLink="false">http://shinetheme.com/demosd/traveler_demo/wp-content/uploads/2014/11/favicon1.png</guid>
		<description></description>
		<content:encoded><![CDATA[]]></content:encoded>
		<excerpt:encoded><![CDATA[]]></excerpt:encoded>
		<wp:post_id>1755</wp:post_id>
		<wp:post_date>2015-01-27 03:22:38</wp:post_date>
		<wp:post_date_gmt>2015-01-27 03:22:38</wp:post_date_gmt>
		<wp:comment_status>open</wp:comment_status>
		<wp:ping_status>open</wp:ping_status>
		<wp:post_name>favicon</wp:post_name>
		<wp:status>inherit</wp:status>
		<wp:post_parent>0</wp:post_parent>
		<wp:menu_order>0</wp:menu_order>
		<wp:post_type>attachment</wp:post_type>
		<wp:post_password></wp:post_password>
		<wp:is_sticky>0</wp:is_sticky>
		<wp:attachment_url>http://shinetheme.com/demosd/traveler_demo/wp-content/uploads/2014/11/favicon1.png</wp:attachment_url>
		<wp:postmeta>
			<wp:meta_key>_wp_attached_file</wp:meta_key>
			<wp:meta_value><![CDATA[2014/11/favicon1.png]]></wp:meta_value>
		</wp:postmeta>
		<wp:postmeta>
			<wp:meta_key>_wp_attachment_metadata</wp:meta_key>
			<wp:meta_value><![CDATA[a:5:{s:5:"width";i:38;s:6:"height";i:40;s:4:"file";s:20:"2014/11/favicon1.png";s:5:"sizes";a:3:{s:9:"thumbnail";a:4:{s:4:"file";s:20:"favicon1-150x150.png";s:5:"width";i:150;s:6:"height";i:150;s:9:"mime-type";s:9:"image/png";}s:6:"medium";a:4:{s:4:"file";s:20:"favicon1-300x300.png";s:5:"width";i:300;s:6:"height";i:300;s:9:"mime-type";s:9:"image/png";}s:5:"large";a:4:{s:4:"file";s:22:"favicon1-1024x1024.png";s:5:"width";i:1024;s:6:"height";i:1024;s:9:"mime-type";s:9:"image/png";}}s:10:"image_meta";a:11:{s:8:"aperture";i:0;s:6:"credit";s:0:"";s:6:"camera";s:0:"";s:7:"caption";s:0:"";s:17:"created_timestamp";i:0;s:9:"copyright";s:0:"";s:12:"focal_length";i:0;s:3:"iso";i:0;s:13:"shutter_speed";i:0;s:5:"title";s:0:"";s:11:"orientation";i:0;}}]]></wp:meta_value>
		</wp:postmeta>
	</item>
	<item>
		<title>hotel_2_xxxx800xxx600</title>
		<link>http://shinetheme.com/demosd/traveler_demo/?attachment_id=4429</link>
		<pubDate>Mon, 02 Feb 2015 10:25:24 +0000</pubDate>
		<dc:creator><![CDATA[admin]]></dc:creator>
		<guid isPermaLink="false">http://shinetheme.com/demosd/traveler_demo/wp-content/uploads/2014/11/hotel_2_xxxx800xxx6003.jpg</guid>
		<description></description>
		<content:encoded><![CDATA[]]></content:encoded>
		<excerpt:encoded><![CDATA[]]></excerpt:encoded>
		<wp:post_id>4429</wp:post_id>
		<wp:post_date>2015-02-02 10:25:24</wp:post_date>
		<wp:post_date_gmt>2015-02-02 10:25:24</wp:post_date_gmt>
		<wp:comment_status>open</wp:comment_status>
		<wp:ping_status>open</wp:ping_status>
		<wp:post_name>hotel_2_xxxx800xxx600</wp:post_name>
		<wp:status>inherit</wp:status>
		<wp:post_parent>0</wp:post_parent>
		<wp:menu_order>0</wp:menu_order>
		<wp:post_type>attachment</wp:post_type>
		<wp:post_password></wp:post_password>
		<wp:is_sticky>0</wp:is_sticky>
		<wp:attachment_url>http://shinetheme.com/demosd/traveler_demo/wp-content/uploads/2014/11/hotel_2_xxxx800xxx6003.jpg</wp:attachment_url>
		<wp:postmeta>
			<wp:meta_key>_wp_attached_file</wp:meta_key>
			<wp:meta_value><![CDATA[2014/11/hotel_2_xxxx800xxx6003.jpg]]></wp:meta_value>
		</wp:postmeta>
		<wp:postmeta>
			<wp:meta_key>_wp_attachment_metadata</wp:meta_key>
			<wp:meta_value><![CDATA[a:5:{s:5:"width";i:800;s:6:"height";i:600;s:4:"file";s:34:"2014/11/hotel_2_xxxx800xxx6003.jpg";s:5:"sizes";a:3:{s:9:"thumbnail";a:4:{s:4:"file";s:34:"hotel_2_xxxx800xxx6003-150x150.jpg";s:5:"width";i:150;s:6:"height";i:150;s:9:"mime-type";s:10:"image/jpeg";}s:6:"medium";a:4:{s:4:"file";s:34:"hotel_2_xxxx800xxx6003-300x300.jpg";s:5:"width";i:300;s:6:"height";i:300;s:9:"mime-type";s:10:"image/jpeg";}s:5:"large";a:4:{s:4:"file";s:36:"hotel_2_xxxx800xxx6003-1024x1024.jpg";s:5:"width";i:1024;s:6:"height";i:1024;s:9:"mime-type";s:10:"image/jpeg";}}s:10:"image_meta";a:11:{s:8:"aperture";i:0;s:6:"credit";s:0:"";s:6:"camera";s:0:"";s:7:"caption";s:0:"";s:17:"created_timestamp";i:0;s:9:"copyright";s:0:"";s:12:"focal_length";i:0;s:3:"iso";i:0;s:13:"shutter_speed";i:0;s:5:"title";s:0:"";s:11:"orientation";i:0;}}]]></wp:meta_value>
		</wp:postmeta>
	</item>
	<item>
		<title>street_yoga_800x600</title>
		<link>http://shinetheme.com/demosd/traveler_demo/?attachment_id=4431</link>
		<pubDate>Mon, 02 Feb 2015 10:27:08 +0000</pubDate>
		<dc:creator><![CDATA[admin]]></dc:creator>
		<guid isPermaLink="false">http://shinetheme.com/demosd/traveler_demo/wp-content/uploads/2014/11/street_yoga_800x6003.jpg</guid>
		<description></description>
		<content:encoded><![CDATA[]]></content:encoded>
		<excerpt:encoded><![CDATA[]]></excerpt:encoded>
		<wp:post_id>4431</wp:post_id>
		<wp:post_date>2015-02-02 10:27:08</wp:post_date>
		<wp:post_date_gmt>2015-02-02 10:27:08</wp:post_date_gmt>
		<wp:comment_status>open</wp:comment_status>
		<wp:ping_status>open</wp:ping_status>
		<wp:post_name>street_yoga_800x600</wp:post_name>
		<wp:status>inherit</wp:status>
		<wp:post_parent>0</wp:post_parent>
		<wp:menu_order>0</wp:menu_order>
		<wp:post_type>attachment</wp:post_type>
		<wp:post_password></wp:post_password>
		<wp:is_sticky>0</wp:is_sticky>
		<wp:attachment_url>http://shinetheme.com/demosd/traveler_demo/wp-content/uploads/2014/11/street_yoga_800x6003.jpg</wp:attachment_url>
		<wp:postmeta>
			<wp:meta_key>_wp_attached_file</wp:meta_key>
			<wp:meta_value><![CDATA[2014/11/street_yoga_800x6003.jpg]]></wp:meta_value>
		</wp:postmeta>
		<wp:postmeta>
			<wp:meta_key>_wp_attachment_metadata</wp:meta_key>
			<wp:meta_value><![CDATA[a:5:{s:5:"width";i:800;s:6:"height";i:600;s:4:"file";s:32:"2014/11/street_yoga_800x6003.jpg";s:5:"sizes";a:3:{s:9:"thumbnail";a:4:{s:4:"file";s:32:"street_yoga_800x6003-150x150.jpg";s:5:"width";i:150;s:6:"height";i:150;s:9:"mime-type";s:10:"image/jpeg";}s:6:"medium";a:4:{s:4:"file";s:32:"street_yoga_800x6003-300x300.jpg";s:5:"width";i:300;s:6:"height";i:300;s:9:"mime-type";s:10:"image/jpeg";}s:5:"large";a:4:{s:4:"file";s:34:"street_yoga_800x6003-1024x1024.jpg";s:5:"width";i:1024;s:6:"height";i:1024;s:9:"mime-type";s:10:"image/jpeg";}}s:10:"image_meta";a:11:{s:8:"aperture";i:0;s:6:"credit";s:0:"";s:6:"camera";s:0:"";s:7:"caption";s:0:"";s:17:"created_timestamp";i:0;s:9:"copyright";s:0:"";s:12:"focal_length";i:0;s:3:"iso";i:0;s:13:"shutter_speed";i:0;s:5:"title";s:0:"";s:11:"orientation";i:0;}}]]></wp:meta_value>
		</wp:postmeta>
	</item>
	<item>
		<title>trebbiano_ristorante_-_japenese_breakfast_800x600</title>
		<link>http://shinetheme.com/demosd/traveler_demo/?attachment_id=4433</link>
		<pubDate>Mon, 02 Feb 2015 10:29:15 +0000</pubDate>
		<dc:creator><![CDATA[admin]]></dc:creator>
		<guid isPermaLink="false">http://shinetheme.com/demosd/traveler_demo/wp-content/uploads/2014/11/trebbiano_ristorante_-_japenese_breakfast_800x6003.jpg</guid>
		<description></description>
		<content:encoded><![CDATA[]]></content:encoded>
		<excerpt:encoded><![CDATA[]]></excerpt:encoded>
		<wp:post_id>4433</wp:post_id>
		<wp:post_date>2015-02-02 10:29:15</wp:post_date>
		<wp:post_date_gmt>2015-02-02 10:29:15</wp:post_date_gmt>
		<wp:comment_status>open</wp:comment_status>
		<wp:ping_status>open</wp:ping_status>
		<wp:post_name>trebbiano_ristorante_-_japenese_breakfast_800x600</wp:post_name>
		<wp:status>inherit</wp:status>
		<wp:post_parent>0</wp:post_parent>
		<wp:menu_order>0</wp:menu_order>
		<wp:post_type>attachment</wp:post_type>
		<wp:post_password></wp:post_password>
		<wp:is_sticky>0</wp:is_sticky>
		<wp:attachment_url>http://shinetheme.com/demosd/traveler_demo/wp-content/uploads/2014/11/trebbiano_ristorante_-_japenese_breakfast_800x6003.jpg</wp:attachment_url>
		<wp:postmeta>
			<wp:meta_key>_wp_attached_file</wp:meta_key>
			<wp:meta_value><![CDATA[2014/11/trebbiano_ristorante_-_japenese_breakfast_800x6003.jpg]]></wp:meta_value>
		</wp:postmeta>
		<wp:postmeta>
			<wp:meta_key>_wp_attachment_metadata</wp:meta_key>
			<wp:meta_value><![CDATA[a:5:{s:5:"width";i:800;s:6:"height";i:600;s:4:"file";s:62:"2014/11/trebbiano_ristorante_-_japenese_breakfast_800x6003.jpg";s:5:"sizes";a:3:{s:9:"thumbnail";a:4:{s:4:"file";s:62:"trebbiano_ristorante_-_japenese_breakfast_800x6003-150x150.jpg";s:5:"width";i:150;s:6:"height";i:150;s:9:"mime-type";s:10:"image/jpeg";}s:6:"medium";a:4:{s:4:"file";s:62:"trebbiano_ristorante_-_japenese_breakfast_800x6003-300x300.jpg";s:5:"width";i:300;s:6:"height";i:300;s:9:"mime-type";s:10:"image/jpeg";}s:5:"large";a:4:{s:4:"file";s:64:"trebbiano_ristorante_-_japenese_breakfast_800x6003-1024x1024.jpg";s:5:"width";i:1024;s:6:"height";i:1024;s:9:"mime-type";s:10:"image/jpeg";}}s:10:"image_meta";a:11:{s:8:"aperture";i:0;s:6:"credit";s:0:"";s:6:"camera";s:0:"";s:7:"caption";s:0:"";s:17:"created_timestamp";i:0;s:9:"copyright";s:0:"";s:12:"focal_length";i:0;s:3:"iso";i:0;s:13:"shutter_speed";i:0;s:5:"title";s:0:"";s:11:"orientation";i:0;}}]]></wp:meta_value>
		</wp:postmeta>
	</item>
	<item>
		<title>street_yoga_800x600</title>
		<link>http://shinetheme.com/demosd/traveler_demo/?attachment_id=4435</link>
		<pubDate>Mon, 02 Feb 2015 11:05:48 +0000</pubDate>
		<dc:creator><![CDATA[admin]]></dc:creator>
		<guid isPermaLink="false">http://shinetheme.com/demosd/traveler_demo/wp-content/uploads/2014/11/street_yoga_800x60011.jpg</guid>
		<description></description>
		<content:encoded><![CDATA[]]></content:encoded>
		<excerpt:encoded><![CDATA[]]></excerpt:encoded>
		<wp:post_id>4435</wp:post_id>
		<wp:post_date>2015-02-02 11:05:48</wp:post_date>
		<wp:post_date_gmt>2015-02-02 11:05:48</wp:post_date_gmt>
		<wp:comment_status>open</wp:comment_status>
		<wp:ping_status>open</wp:ping_status>
		<wp:post_name>street_yoga_800x600-2</wp:post_name>
		<wp:status>inherit</wp:status>
		<wp:post_parent>0</wp:post_parent>
		<wp:menu_order>0</wp:menu_order>
		<wp:post_type>attachment</wp:post_type>
		<wp:post_password></wp:post_password>
		<wp:is_sticky>0</wp:is_sticky>
		<wp:attachment_url>http://shinetheme.com/demosd/traveler_demo/wp-content/uploads/2014/11/street_yoga_800x60011.jpg</wp:attachment_url>
		<wp:postmeta>
			<wp:meta_key>_wp_attached_file</wp:meta_key>
			<wp:meta_value><![CDATA[2014/11/street_yoga_800x60011.jpg]]></wp:meta_value>
		</wp:postmeta>
		<wp:postmeta>
			<wp:meta_key>_wp_attachment_metadata</wp:meta_key>
			<wp:meta_value><![CDATA[a:5:{s:5:"width";i:800;s:6:"height";i:600;s:4:"file";s:33:"2014/11/street_yoga_800x60011.jpg";s:5:"sizes";a:3:{s:9:"thumbnail";a:4:{s:4:"file";s:33:"street_yoga_800x60011-150x150.jpg";s:5:"width";i:150;s:6:"height";i:150;s:9:"mime-type";s:10:"image/jpeg";}s:6:"medium";a:4:{s:4:"file";s:33:"street_yoga_800x60011-300x300.jpg";s:5:"width";i:300;s:6:"height";i:300;s:9:"mime-type";s:10:"image/jpeg";}s:5:"large";a:4:{s:4:"file";s:35:"street_yoga_800x60011-1024x1024.jpg";s:5:"width";i:1024;s:6:"height";i:1024;s:9:"mime-type";s:10:"image/jpeg";}}s:10:"image_meta";a:11:{s:8:"aperture";i:0;s:6:"credit";s:0:"";s:6:"camera";s:0:"";s:7:"caption";s:0:"";s:17:"created_timestamp";i:0;s:9:"copyright";s:0:"";s:12:"focal_length";i:0;s:3:"iso";i:0;s:13:"shutter_speed";i:0;s:5:"title";s:0:"";s:11:"orientation";i:0;}}]]></wp:meta_value>
		</wp:postmeta>
	</item>
	<item>
		<title>hotel_2_xxxx800xxx600</title>
		<link>http://shinetheme.com/demosd/traveler_demo/?attachment_id=4436</link>
		<pubDate>Mon, 02 Feb 2015 11:06:17 +0000</pubDate>
		<dc:creator><![CDATA[admin]]></dc:creator>
		<guid isPermaLink="false">http://shinetheme.com/demosd/traveler_demo/wp-content/uploads/2014/11/hotel_2_xxxx800xxx60011.jpg</guid>
		<description></description>
		<content:encoded><![CDATA[]]></content:encoded>
		<excerpt:encoded><![CDATA[]]></excerpt:encoded>
		<wp:post_id>4436</wp:post_id>
		<wp:post_date>2015-02-02 11:06:17</wp:post_date>
		<wp:post_date_gmt>2015-02-02 11:06:17</wp:post_date_gmt>
		<wp:comment_status>open</wp:comment_status>
		<wp:ping_status>open</wp:ping_status>
		<wp:post_name>hotel_2_xxxx800xxx600-2</wp:post_name>
		<wp:status>inherit</wp:status>
		<wp:post_parent>0</wp:post_parent>
		<wp:menu_order>0</wp:menu_order>
		<wp:post_type>attachment</wp:post_type>
		<wp:post_password></wp:post_password>
		<wp:is_sticky>0</wp:is_sticky>
		<wp:attachment_url>http://shinetheme.com/demosd/traveler_demo/wp-content/uploads/2014/11/hotel_2_xxxx800xxx60011.jpg</wp:attachment_url>
		<wp:postmeta>
			<wp:meta_key>_wp_attached_file</wp:meta_key>
			<wp:meta_value><![CDATA[2014/11/hotel_2_xxxx800xxx60011.jpg]]></wp:meta_value>
		</wp:postmeta>
		<wp:postmeta>
			<wp:meta_key>_wp_attachment_metadata</wp:meta_key>
			<wp:meta_value><![CDATA[a:5:{s:5:"width";i:800;s:6:"height";i:600;s:4:"file";s:35:"2014/11/hotel_2_xxxx800xxx60011.jpg";s:5:"sizes";a:3:{s:9:"thumbnail";a:4:{s:4:"file";s:35:"hotel_2_xxxx800xxx60011-150x150.jpg";s:5:"width";i:150;s:6:"height";i:150;s:9:"mime-type";s:10:"image/jpeg";}s:6:"medium";a:4:{s:4:"file";s:35:"hotel_2_xxxx800xxx60011-300x300.jpg";s:5:"width";i:300;s:6:"height";i:300;s:9:"mime-type";s:10:"image/jpeg";}s:5:"large";a:4:{s:4:"file";s:37:"hotel_2_xxxx800xxx60011-1024x1024.jpg";s:5:"width";i:1024;s:6:"height";i:1024;s:9:"mime-type";s:10:"image/jpeg";}}s:10:"image_meta";a:11:{s:8:"aperture";i:0;s:6:"credit";s:0:"";s:6:"camera";s:0:"";s:7:"caption";s:0:"";s:17:"created_timestamp";i:0;s:9:"copyright";s:0:"";s:12:"focal_length";i:0;s:3:"iso";i:0;s:13:"shutter_speed";i:0;s:5:"title";s:0:"";s:11:"orientation";i:0;}}]]></wp:meta_value>
		</wp:postmeta>
	</item>
	<item>
		<title>trebbiano_ristorante_-_japenese_breakfast_800x600</title>
		<link>http://shinetheme.com/demosd/traveler_demo/?attachment_id=4438</link>
		<pubDate>Mon, 02 Feb 2015 11:07:30 +0000</pubDate>
		<dc:creator><![CDATA[admin]]></dc:creator>
		<guid isPermaLink="false">http://shinetheme.com/demosd/traveler_demo/wp-content/uploads/2014/11/trebbiano_ristorante_-_japenese_breakfast_800x60011.jpg</guid>
		<description></description>
		<content:encoded><![CDATA[]]></content:encoded>
		<excerpt:encoded><![CDATA[]]></excerpt:encoded>
		<wp:post_id>4438</wp:post_id>
		<wp:post_date>2015-02-02 11:07:30</wp:post_date>
		<wp:post_date_gmt>2015-02-02 11:07:30</wp:post_date_gmt>
		<wp:comment_status>open</wp:comment_status>
		<wp:ping_status>open</wp:ping_status>
		<wp:post_name>trebbiano_ristorante_-_japenese_breakfast_800x600-2</wp:post_name>
		<wp:status>inherit</wp:status>
		<wp:post_parent>0</wp:post_parent>
		<wp:menu_order>0</wp:menu_order>
		<wp:post_type>attachment</wp:post_type>
		<wp:post_password></wp:post_password>
		<wp:is_sticky>0</wp:is_sticky>
		<wp:attachment_url>http://shinetheme.com/demosd/traveler_demo/wp-content/uploads/2014/11/trebbiano_ristorante_-_japenese_breakfast_800x60011.jpg</wp:attachment_url>
		<wp:postmeta>
			<wp:meta_key>_wp_attached_file</wp:meta_key>
			<wp:meta_value><![CDATA[2014/11/trebbiano_ristorante_-_japenese_breakfast_800x60011.jpg]]></wp:meta_value>
		</wp:postmeta>
		<wp:postmeta>
			<wp:meta_key>_wp_attachment_metadata</wp:meta_key>
			<wp:meta_value><![CDATA[a:5:{s:5:"width";i:800;s:6:"height";i:600;s:4:"file";s:63:"2014/11/trebbiano_ristorante_-_japenese_breakfast_800x60011.jpg";s:5:"sizes";a:3:{s:9:"thumbnail";a:4:{s:4:"file";s:63:"trebbiano_ristorante_-_japenese_breakfast_800x60011-150x150.jpg";s:5:"width";i:150;s:6:"height";i:150;s:9:"mime-type";s:10:"image/jpeg";}s:6:"medium";a:4:{s:4:"file";s:63:"trebbiano_ristorante_-_japenese_breakfast_800x60011-300x300.jpg";s:5:"width";i:300;s:6:"height";i:300;s:9:"mime-type";s:10:"image/jpeg";}s:5:"large";a:4:{s:4:"file";s:65:"trebbiano_ristorante_-_japenese_breakfast_800x60011-1024x1024.jpg";s:5:"width";i:1024;s:6:"height";i:1024;s:9:"mime-type";s:10:"image/jpeg";}}s:10:"image_meta";a:11:{s:8:"aperture";i:0;s:6:"credit";s:0:"";s:6:"camera";s:0:"";s:7:"caption";s:0:"";s:17:"created_timestamp";i:0;s:9:"copyright";s:0:"";s:12:"focal_length";i:0;s:3:"iso";i:0;s:13:"shutter_speed";i:0;s:5:"title";s:0:"";s:11:"orientation";i:0;}}]]></wp:meta_value>
		</wp:postmeta>
	</item>
	<item>
		<title>the_big_showoff-take_2_800x600</title>
		<link>http://shinetheme.com/demosd/traveler_demo/?attachment_id=4440</link>
		<pubDate>Mon, 02 Feb 2015 11:08:31 +0000</pubDate>
		<dc:creator><![CDATA[admin]]></dc:creator>
		<guid isPermaLink="false">http://shinetheme.com/demosd/traveler_demo/wp-content/uploads/2014/11/the_big_showoff-take_2_800x60011.jpg</guid>
		<description></description>
		<content:encoded><![CDATA[]]></content:encoded>
		<excerpt:encoded><![CDATA[]]></excerpt:encoded>
		<wp:post_id>4440</wp:post_id>
		<wp:post_date>2015-02-02 11:08:31</wp:post_date>
		<wp:post_date_gmt>2015-02-02 11:08:31</wp:post_date_gmt>
		<wp:comment_status>open</wp:comment_status>
		<wp:ping_status>open</wp:ping_status>
		<wp:post_name>the_big_showoff-take_2_800x600-2</wp:post_name>
		<wp:status>inherit</wp:status>
		<wp:post_parent>0</wp:post_parent>
		<wp:menu_order>0</wp:menu_order>
		<wp:post_type>attachment</wp:post_type>
		<wp:post_password></wp:post_password>
		<wp:is_sticky>0</wp:is_sticky>
		<wp:attachment_url>http://shinetheme.com/demosd/traveler_demo/wp-content/uploads/2014/11/the_big_showoff-take_2_800x60011.jpg</wp:attachment_url>
		<wp:postmeta>
			<wp:meta_key>_wp_attached_file</wp:meta_key>
			<wp:meta_value><![CDATA[2014/11/the_big_showoff-take_2_800x60011.jpg]]></wp:meta_value>
		</wp:postmeta>
		<wp:postmeta>
			<wp:meta_key>_wp_attachment_metadata</wp:meta_key>
			<wp:meta_value><![CDATA[a:5:{s:5:"width";i:800;s:6:"height";i:600;s:4:"file";s:44:"2014/11/the_big_showoff-take_2_800x60011.jpg";s:5:"sizes";a:3:{s:9:"thumbnail";a:4:{s:4:"file";s:44:"the_big_showoff-take_2_800x60011-150x150.jpg";s:5:"width";i:150;s:6:"height";i:150;s:9:"mime-type";s:10:"image/jpeg";}s:6:"medium";a:4:{s:4:"file";s:44:"the_big_showoff-take_2_800x60011-300x300.jpg";s:5:"width";i:300;s:6:"height";i:300;s:9:"mime-type";s:10:"image/jpeg";}s:5:"large";a:4:{s:4:"file";s:46:"the_big_showoff-take_2_800x60011-1024x1024.jpg";s:5:"width";i:1024;s:6:"height";i:1024;s:9:"mime-type";s:10:"image/jpeg";}}s:10:"image_meta";a:11:{s:8:"aperture";i:0;s:6:"credit";s:0:"";s:6:"camera";s:0:"";s:7:"caption";s:0:"";s:17:"created_timestamp";i:0;s:9:"copyright";s:0:"";s:12:"focal_length";i:0;s:3:"iso";i:0;s:13:"shutter_speed";i:0;s:5:"title";s:0:"";s:11:"orientation";i:0;}}]]></wp:meta_value>
		</wp:postmeta>
	</item>
	<item>
		<title>the_big_showoff-take_2_800x600</title>
		<link>http://shinetheme.com/demosd/traveler_demo/?attachment_id=4442</link>
		<pubDate>Mon, 02 Feb 2015 11:11:02 +0000</pubDate>
		<dc:creator><![CDATA[admin]]></dc:creator>
		<guid isPermaLink="false">http://shinetheme.com/demosd/traveler_demo/wp-content/uploads/2014/11/the_big_showoff-take_2_800x60021.jpg</guid>
		<description></description>
		<content:encoded><![CDATA[]]></content:encoded>
		<excerpt:encoded><![CDATA[]]></excerpt:encoded>
		<wp:post_id>4442</wp:post_id>
		<wp:post_date>2015-02-02 11:11:02</wp:post_date>
		<wp:post_date_gmt>2015-02-02 11:11:02</wp:post_date_gmt>
		<wp:comment_status>open</wp:comment_status>
		<wp:ping_status>open</wp:ping_status>
		<wp:post_name>the_big_showoff-take_2_800x600-3</wp:post_name>
		<wp:status>inherit</wp:status>
		<wp:post_parent>0</wp:post_parent>
		<wp:menu_order>0</wp:menu_order>
		<wp:post_type>attachment</wp:post_type>
		<wp:post_password></wp:post_password>
		<wp:is_sticky>0</wp:is_sticky>
		<wp:attachment_url>http://shinetheme.com/demosd/traveler_demo/wp-content/uploads/2014/11/the_big_showoff-take_2_800x60021.jpg</wp:attachment_url>
		<wp:postmeta>
			<wp:meta_key>_wp_attached_file</wp:meta_key>
			<wp:meta_value><![CDATA[2014/11/the_big_showoff-take_2_800x60021.jpg]]></wp:meta_value>
		</wp:postmeta>
		<wp:postmeta>
			<wp:meta_key>_wp_attachment_metadata</wp:meta_key>
			<wp:meta_value><![CDATA[a:5:{s:5:"width";i:800;s:6:"height";i:600;s:4:"file";s:44:"2014/11/the_big_showoff-take_2_800x60021.jpg";s:5:"sizes";a:3:{s:9:"thumbnail";a:4:{s:4:"file";s:44:"the_big_showoff-take_2_800x60021-150x150.jpg";s:5:"width";i:150;s:6:"height";i:150;s:9:"mime-type";s:10:"image/jpeg";}s:6:"medium";a:4:{s:4:"file";s:44:"the_big_showoff-take_2_800x60021-300x300.jpg";s:5:"width";i:300;s:6:"height";i:300;s:9:"mime-type";s:10:"image/jpeg";}s:5:"large";a:4:{s:4:"file";s:46:"the_big_showoff-take_2_800x60021-1024x1024.jpg";s:5:"width";i:1024;s:6:"height";i:1024;s:9:"mime-type";s:10:"image/jpeg";}}s:10:"image_meta";a:11:{s:8:"aperture";i:0;s:6:"credit";s:0:"";s:6:"camera";s:0:"";s:7:"caption";s:0:"";s:17:"created_timestamp";i:0;s:9:"copyright";s:0:"";s:12:"focal_length";i:0;s:3:"iso";i:0;s:13:"shutter_speed";i:0;s:5:"title";s:0:"";s:11:"orientation";i:0;}}]]></wp:meta_value>
		</wp:postmeta>
	</item>
	<item>
		<title>upper_lake_in_new_york_central_park_1024x487</title>
		<link>http://shinetheme.com/demosd/traveler_demo/?attachment_id=4443</link>
		<pubDate>Mon, 02 Feb 2015 11:12:04 +0000</pubDate>
		<dc:creator><![CDATA[admin]]></dc:creator>
		<guid isPermaLink="false">http://shinetheme.com/demosd/traveler_demo/wp-content/uploads/2014/11/upper_lake_in_new_york_central_park_1024x4871.jpg</guid>
		<description></description>
		<content:encoded><![CDATA[]]></content:encoded>
		<excerpt:encoded><![CDATA[]]></excerpt:encoded>
		<wp:post_id>4443</wp:post_id>
		<wp:post_date>2015-02-02 11:12:04</wp:post_date>
		<wp:post_date_gmt>2015-02-02 11:12:04</wp:post_date_gmt>
		<wp:comment_status>open</wp:comment_status>
		<wp:ping_status>open</wp:ping_status>
		<wp:post_name>upper_lake_in_new_york_central_park_1024x487</wp:post_name>
		<wp:status>inherit</wp:status>
		<wp:post_parent>0</wp:post_parent>
		<wp:menu_order>0</wp:menu_order>
		<wp:post_type>attachment</wp:post_type>
		<wp:post_password></wp:post_password>
		<wp:is_sticky>0</wp:is_sticky>
		<wp:attachment_url>http://shinetheme.com/demosd/traveler_demo/wp-content/uploads/2014/11/upper_lake_in_new_york_central_park_1024x4871.jpg</wp:attachment_url>
		<wp:postmeta>
			<wp:meta_key>_wp_attached_file</wp:meta_key>
			<wp:meta_value><![CDATA[2014/11/upper_lake_in_new_york_central_park_1024x4871.jpg]]></wp:meta_value>
		</wp:postmeta>
		<wp:postmeta>
			<wp:meta_key>_wp_attachment_metadata</wp:meta_key>
			<wp:meta_value><![CDATA[a:5:{s:5:"width";i:1024;s:6:"height";i:487;s:4:"file";s:57:"2014/11/upper_lake_in_new_york_central_park_1024x4871.jpg";s:5:"sizes";a:3:{s:9:"thumbnail";a:4:{s:4:"file";s:57:"upper_lake_in_new_york_central_park_1024x4871-150x150.jpg";s:5:"width";i:150;s:6:"height";i:150;s:9:"mime-type";s:10:"image/jpeg";}s:6:"medium";a:4:{s:4:"file";s:57:"upper_lake_in_new_york_central_park_1024x4871-300x300.jpg";s:5:"width";i:300;s:6:"height";i:300;s:9:"mime-type";s:10:"image/jpeg";}s:5:"large";a:4:{s:4:"file";s:59:"upper_lake_in_new_york_central_park_1024x4871-1024x1024.jpg";s:5:"width";i:1024;s:6:"height";i:1024;s:9:"mime-type";s:10:"image/jpeg";}}s:10:"image_meta";a:11:{s:8:"aperture";i:0;s:6:"credit";s:0:"";s:6:"camera";s:0:"";s:7:"caption";s:0:"";s:17:"created_timestamp";i:0;s:9:"copyright";s:0:"";s:12:"focal_length";i:0;s:3:"iso";i:0;s:13:"shutter_speed";i:0;s:5:"title";s:0:"";s:11:"orientation";i:0;}}]]></wp:meta_value>
		</wp:postmeta>
	</item>
	<item>
		<title>a_dreamy_jump_800x600</title>
		<link>http://shinetheme.com/demosd/traveler_demo/?attachment_id=4445</link>
		<pubDate>Mon, 02 Feb 2015 11:12:55 +0000</pubDate>
		<dc:creator><![CDATA[admin]]></dc:creator>
		<guid isPermaLink="false">http://shinetheme.com/demosd/traveler_demo/wp-content/uploads/2014/11/a_dreamy_jump_800x60011.jpg</guid>
		<description></description>
		<content:encoded><![CDATA[]]></content:encoded>
		<excerpt:encoded><![CDATA[]]></excerpt:encoded>
		<wp:post_id>4445</wp:post_id>
		<wp:post_date>2015-02-02 11:12:55</wp:post_date>
		<wp:post_date_gmt>2015-02-02 11:12:55</wp:post_date_gmt>
		<wp:comment_status>open</wp:comment_status>
		<wp:ping_status>open</wp:ping_status>
		<wp:post_name>a_dreamy_jump_800x600-2</wp:post_name>
		<wp:status>inherit</wp:status>
		<wp:post_parent>0</wp:post_parent>
		<wp:menu_order>0</wp:menu_order>
		<wp:post_type>attachment</wp:post_type>
		<wp:post_password></wp:post_password>
		<wp:is_sticky>0</wp:is_sticky>
		<wp:attachment_url>http://shinetheme.com/demosd/traveler_demo/wp-content/uploads/2014/11/a_dreamy_jump_800x60011.jpg</wp:attachment_url>
		<wp:postmeta>
			<wp:meta_key>_wp_attached_file</wp:meta_key>
			<wp:meta_value><![CDATA[2014/11/a_dreamy_jump_800x60011.jpg]]></wp:meta_value>
		</wp:postmeta>
		<wp:postmeta>
			<wp:meta_key>_wp_attachment_metadata</wp:meta_key>
			<wp:meta_value><![CDATA[a:5:{s:5:"width";i:800;s:6:"height";i:600;s:4:"file";s:35:"2014/11/a_dreamy_jump_800x60011.jpg";s:5:"sizes";a:3:{s:9:"thumbnail";a:4:{s:4:"file";s:35:"a_dreamy_jump_800x60011-150x150.jpg";s:5:"width";i:150;s:6:"height";i:150;s:9:"mime-type";s:10:"image/jpeg";}s:6:"medium";a:4:{s:4:"file";s:35:"a_dreamy_jump_800x60011-300x300.jpg";s:5:"width";i:300;s:6:"height";i:300;s:9:"mime-type";s:10:"image/jpeg";}s:5:"large";a:4:{s:4:"file";s:37:"a_dreamy_jump_800x60011-1024x1024.jpg";s:5:"width";i:1024;s:6:"height";i:1024;s:9:"mime-type";s:10:"image/jpeg";}}s:10:"image_meta";a:11:{s:8:"aperture";i:0;s:6:"credit";s:0:"";s:6:"camera";s:0:"";s:7:"caption";s:0:"";s:17:"created_timestamp";i:0;s:9:"copyright";s:0:"";s:12:"focal_length";i:0;s:3:"iso";i:0;s:13:"shutter_speed";i:0;s:5:"title";s:0:"";s:11:"orientation";i:0;}}]]></wp:meta_value>
		</wp:postmeta>
	</item>
	</channel>
</rss>