<?xml version="1.0" encoding="UTF-8" ?>
<!-- This is a WordPress eXtended RSS file generated by WordPress as an export of your site. -->
<!-- It contains information about your site's posts, pages, comments, categories, and other content. -->
<!-- You may use this file to transfer that content from one site to another. -->
<!-- This file is not intended to serve as a complete backup of your site. -->

<!-- To import this information into a WordPress site follow these steps: -->
<!-- 1. Log in to that site as an administrator. -->
<!-- 2. Go to Tools: Import in the WordPress admin panel. -->
<!-- 3. Install the "WordPress" importer from the list. -->
<!-- 4. Activate & Run Importer. -->
<!-- 5. Upload this file using the form provided on that page. -->
<!-- 6. You will first be asked to map the authors in this export file to users -->
<!--    on the site. For each author, you may choose to map to an -->
<!--    existing user on the site or to create a new user. -->
<!-- 7. WordPress will then import each of the posts, pages, comments, categories, etc. -->
<!--    contained in this file into your site. -->

<!-- generator="WordPress/4.1.1" created="2015-03-06 09:43" -->
<rss version="2.0"
	xmlns:excerpt="http://wordpress.org/export/1.2/excerpt/"
	xmlns:content="http://purl.org/rss/1.0/modules/content/"
	xmlns:wfw="http://wellformedweb.org/CommentAPI/"
	xmlns:dc="http://purl.org/dc/elements/1.1/"
	xmlns:wp="http://wordpress.org/export/1.2/"
>

<channel>
	<title>The Traveler</title>
	<link>http://shinetheme.com/demosd/traveler_demo</link>
	<description>Just another WordPress site</description>
	<pubDate>Fri, 06 Mar 2015 09:43:31 +0000</pubDate>
	<language>en-US</language>
	<wp:wxr_version>1.2</wp:wxr_version>
	<wp:base_site_url>http://shinetheme.com/demosd/traveler_demo</wp:base_site_url>
	<wp:base_blog_url>http://shinetheme.com/demosd/traveler_demo</wp:base_blog_url>

	<wp:author><wp:author_id>1</wp:author_id><wp:author_login>admin</wp:author_login><wp:author_email>doquangquan1993@gmail.com</wp:author_email><wp:author_display_name><![CDATA[admin]]></wp:author_display_name><wp:author_first_name><![CDATA[]]></wp:author_first_name><wp:author_last_name><![CDATA[]]></wp:author_last_name></wp:author>


	<generator>http://wordpress.org/?v=4.1.1</generator>

	<item>
		<title>Order - February 26, 2015 @ 7:49 am</title>
		<link>http://shinetheme.com/demosd/traveler_demo/?st_order=order-february-26-2015-749-am</link>
		<pubDate>Thu, 26 Feb 2015 07:49:44 +0000</pubDate>
		<dc:creator><![CDATA[admin]]></dc:creator>
		<guid isPermaLink="false">http://dungdt.shinethemedev.com/traveler/?st_order=order-february-26-2015-749-am</guid>
		<description></description>
		<content:encoded><![CDATA[]]></content:encoded>
		<excerpt:encoded><![CDATA[]]></excerpt:encoded>
		<wp:post_id>4766</wp:post_id>
		<wp:post_date>2015-02-26 07:49:44</wp:post_date>
		<wp:post_date_gmt>2015-02-26 07:49:44</wp:post_date_gmt>
		<wp:comment_status>open</wp:comment_status>
		<wp:ping_status>open</wp:ping_status>
		<wp:post_name>order-february-26-2015-749-am</wp:post_name>
		<wp:status>publish</wp:status>
		<wp:post_parent>0</wp:post_parent>
		<wp:menu_order>0</wp:menu_order>
		<wp:post_type>st_order</wp:post_type>
		<wp:post_password></wp:post_password>
		<wp:is_sticky>0</wp:is_sticky>
		<wp:postmeta>
			<wp:meta_key>rate_review</wp:meta_key>
			<wp:meta_value><![CDATA[0]]></wp:meta_value>
		</wp:postmeta>
		<wp:postmeta>
			<wp:meta_key>rate_review</wp:meta_key>
			<wp:meta_value><![CDATA[]]></wp:meta_value>
		</wp:postmeta>
		<wp:postmeta>
			<wp:meta_key>st_c_first_name</wp:meta_key>
			<wp:meta_value><![CDATA[Tran]]></wp:meta_value>
		</wp:postmeta>
		<wp:postmeta>
			<wp:meta_key>st_c_last_name</wp:meta_key>
			<wp:meta_value><![CDATA[Kien]]></wp:meta_value>
		</wp:postmeta>
		<wp:postmeta>
			<wp:meta_key>st_c_email</wp:meta_key>
			<wp:meta_value><![CDATA[test@gmail.com]]></wp:meta_value>
		</wp:postmeta>
		<wp:postmeta>
			<wp:meta_key>st_c_phone</wp:meta_key>
			<wp:meta_value><![CDATA[+22 12345678]]></wp:meta_value>
		</wp:postmeta>
		<wp:postmeta>
			<wp:meta_key>st_c_address</wp:meta_key>
			<wp:meta_value><![CDATA[Address line 1]]></wp:meta_value>
		</wp:postmeta>
		<wp:postmeta>
			<wp:meta_key>st_c_address2</wp:meta_key>
			<wp:meta_value><![CDATA[Addres line 2]]></wp:meta_value>
		</wp:postmeta>
		<wp:postmeta>
			<wp:meta_key>st_c_city</wp:meta_key>
			<wp:meta_value><![CDATA[ha noi]]></wp:meta_value>
		</wp:postmeta>
		<wp:postmeta>
			<wp:meta_key>st_c_province</wp:meta_key>
			<wp:meta_value><![CDATA[Cầu giấy]]></wp:meta_value>
		</wp:postmeta>
		<wp:postmeta>
			<wp:meta_key>st_c_zip_code</wp:meta_key>
			<wp:meta_value><![CDATA[10111]]></wp:meta_value>
		</wp:postmeta>
		<wp:postmeta>
			<wp:meta_key>st_c_country</wp:meta_key>
			<wp:meta_value><![CDATA[Viet nam]]></wp:meta_value>
		</wp:postmeta>
		<wp:postmeta>
			<wp:meta_key>st_o_note</wp:meta_key>
			<wp:meta_value><![CDATA[]]></wp:meta_value>
		</wp:postmeta>
		<wp:postmeta>
			<wp:meta_key>st_tax</wp:meta_key>
			<wp:meta_value><![CDATA[10]]></wp:meta_value>
		</wp:postmeta>
		<wp:postmeta>
			<wp:meta_key>st_currency</wp:meta_key>
			<wp:meta_value><![CDATA[$]]></wp:meta_value>
		</wp:postmeta>
		<wp:postmeta>
			<wp:meta_key>coupon_code</wp:meta_key>
			<wp:meta_value><![CDATA[]]></wp:meta_value>
		</wp:postmeta>
		<wp:postmeta>
			<wp:meta_key>coupon_amount</wp:meta_key>
			<wp:meta_value><![CDATA[0]]></wp:meta_value>
		</wp:postmeta>
		<wp:postmeta>
			<wp:meta_key>status</wp:meta_key>
			<wp:meta_value><![CDATA[pending]]></wp:meta_value>
		</wp:postmeta>
		<wp:postmeta>
			<wp:meta_key>st_cart_info</wp:meta_key>
			<wp:meta_value><![CDATA[a:1:{i:980;a:3:{s:6:"number";s:1:"1";s:5:"price";s:5:"245.7";s:4:"data";a:6:{s:8:"check_in";s:10:"02/26/2015";s:9:"check_out";s:10:"02/27/2015";s:8:"currency";s:1:"$";s:15:"room_num_search";s:1:"1";s:15:"room_num_config";s:4:"b:0;";s:7:"room_id";s:4:"4593";}}}]]></wp:meta_value>
		</wp:postmeta>
		<wp:postmeta>
			<wp:meta_key>total_price</wp:meta_key>
			<wp:meta_value><![CDATA[270.27]]></wp:meta_value>
		</wp:postmeta>
		<wp:postmeta>
			<wp:meta_key>item_price</wp:meta_key>
			<wp:meta_value><![CDATA[245.7]]></wp:meta_value>
		</wp:postmeta>
		<wp:postmeta>
			<wp:meta_key>item_id</wp:meta_key>
			<wp:meta_value><![CDATA[980]]></wp:meta_value>
		</wp:postmeta>
		<wp:postmeta>
			<wp:meta_key>item_number</wp:meta_key>
			<wp:meta_value><![CDATA[1]]></wp:meta_value>
		</wp:postmeta>
		<wp:postmeta>
			<wp:meta_key>item_post_type</wp:meta_key>
			<wp:meta_value><![CDATA[hotel]]></wp:meta_value>
		</wp:postmeta>
		<wp:postmeta>
			<wp:meta_key>check_in</wp:meta_key>
			<wp:meta_value><![CDATA[2015-02-26]]></wp:meta_value>
		</wp:postmeta>
		<wp:postmeta>
			<wp:meta_key>check_out</wp:meta_key>
			<wp:meta_value><![CDATA[2015-02-27]]></wp:meta_value>
		</wp:postmeta>
		<wp:postmeta>
			<wp:meta_key>currency</wp:meta_key>
			<wp:meta_value><![CDATA[$]]></wp:meta_value>
		</wp:postmeta>
		<wp:postmeta>
			<wp:meta_key>room_num_search</wp:meta_key>
			<wp:meta_value><![CDATA[1]]></wp:meta_value>
		</wp:postmeta>
		<wp:postmeta>
			<wp:meta_key>room_num_config</wp:meta_key>
			<wp:meta_value><![CDATA[s:4:"b:0;";]]></wp:meta_value>
		</wp:postmeta>
		<wp:postmeta>
			<wp:meta_key>room_id</wp:meta_key>
			<wp:meta_value><![CDATA[4593]]></wp:meta_value>
		</wp:postmeta>
		<wp:postmeta>
			<wp:meta_key>id_user</wp:meta_key>
			<wp:meta_value><![CDATA[1]]></wp:meta_value>
		</wp:postmeta>
		<wp:postmeta>
			<wp:meta_key>payment_method</wp:meta_key>
			<wp:meta_value><![CDATA[submit_form]]></wp:meta_value>
		</wp:postmeta>
		<wp:postmeta>
			<wp:meta_key>order_confirm_hash</wp:meta_key>
			<wp:meta_value><![CDATA[2e6ba9d8671015bfef8f4db477e26792]]></wp:meta_value>
		</wp:postmeta>
	</item>
	<item>
		<title>Order - February 26, 2015 @ 7:50 am</title>
		<link>http://shinetheme.com/demosd/traveler_demo/?st_order=order-february-26-2015-750-am</link>
		<pubDate>Thu, 26 Feb 2015 07:50:17 +0000</pubDate>
		<dc:creator><![CDATA[admin]]></dc:creator>
		<guid isPermaLink="false">http://dungdt.shinethemedev.com/traveler/?st_order=order-february-26-2015-750-am</guid>
		<description></description>
		<content:encoded><![CDATA[]]></content:encoded>
		<excerpt:encoded><![CDATA[]]></excerpt:encoded>
		<wp:post_id>4767</wp:post_id>
		<wp:post_date>2015-02-26 07:50:17</wp:post_date>
		<wp:post_date_gmt>2015-02-26 07:50:17</wp:post_date_gmt>
		<wp:comment_status>open</wp:comment_status>
		<wp:ping_status>open</wp:ping_status>
		<wp:post_name>order-february-26-2015-750-am</wp:post_name>
		<wp:status>publish</wp:status>
		<wp:post_parent>0</wp:post_parent>
		<wp:menu_order>0</wp:menu_order>
		<wp:post_type>st_order</wp:post_type>
		<wp:post_password></wp:post_password>
		<wp:is_sticky>0</wp:is_sticky>
		<wp:postmeta>
			<wp:meta_key>rate_review</wp:meta_key>
			<wp:meta_value><![CDATA[0]]></wp:meta_value>
		</wp:postmeta>
		<wp:postmeta>
			<wp:meta_key>rate_review</wp:meta_key>
			<wp:meta_value><![CDATA[]]></wp:meta_value>
		</wp:postmeta>
		<wp:postmeta>
			<wp:meta_key>st_c_first_name</wp:meta_key>
			<wp:meta_value><![CDATA[Tran]]></wp:meta_value>
		</wp:postmeta>
		<wp:postmeta>
			<wp:meta_key>st_c_last_name</wp:meta_key>
			<wp:meta_value><![CDATA[Kien]]></wp:meta_value>
		</wp:postmeta>
		<wp:postmeta>
			<wp:meta_key>st_c_email</wp:meta_key>
			<wp:meta_value><![CDATA[test@gmail.com]]></wp:meta_value>
		</wp:postmeta>
		<wp:postmeta>
			<wp:meta_key>st_c_phone</wp:meta_key>
			<wp:meta_value><![CDATA[+22 12345678]]></wp:meta_value>
		</wp:postmeta>
		<wp:postmeta>
			<wp:meta_key>st_c_address</wp:meta_key>
			<wp:meta_value><![CDATA[Address line 1]]></wp:meta_value>
		</wp:postmeta>
		<wp:postmeta>
			<wp:meta_key>st_c_address2</wp:meta_key>
			<wp:meta_value><![CDATA[Addres line 2]]></wp:meta_value>
		</wp:postmeta>
		<wp:postmeta>
			<wp:meta_key>st_c_city</wp:meta_key>
			<wp:meta_value><![CDATA[ha noi]]></wp:meta_value>
		</wp:postmeta>
		<wp:postmeta>
			<wp:meta_key>st_c_province</wp:meta_key>
			<wp:meta_value><![CDATA[Cầu giấy]]></wp:meta_value>
		</wp:postmeta>
		<wp:postmeta>
			<wp:meta_key>st_c_zip_code</wp:meta_key>
			<wp:meta_value><![CDATA[10111]]></wp:meta_value>
		</wp:postmeta>
		<wp:postmeta>
			<wp:meta_key>st_c_country</wp:meta_key>
			<wp:meta_value><![CDATA[Viet nam]]></wp:meta_value>
		</wp:postmeta>
		<wp:postmeta>
			<wp:meta_key>st_o_note</wp:meta_key>
			<wp:meta_value><![CDATA[]]></wp:meta_value>
		</wp:postmeta>
		<wp:postmeta>
			<wp:meta_key>st_tax</wp:meta_key>
			<wp:meta_value><![CDATA[10]]></wp:meta_value>
		</wp:postmeta>
		<wp:postmeta>
			<wp:meta_key>st_currency</wp:meta_key>
			<wp:meta_value><![CDATA[$]]></wp:meta_value>
		</wp:postmeta>
		<wp:postmeta>
			<wp:meta_key>coupon_code</wp:meta_key>
			<wp:meta_value><![CDATA[]]></wp:meta_value>
		</wp:postmeta>
		<wp:postmeta>
			<wp:meta_key>coupon_amount</wp:meta_key>
			<wp:meta_value><![CDATA[0]]></wp:meta_value>
		</wp:postmeta>
		<wp:postmeta>
			<wp:meta_key>status</wp:meta_key>
			<wp:meta_value><![CDATA[pending]]></wp:meta_value>
		</wp:postmeta>
		<wp:postmeta>
			<wp:meta_key>st_cart_info</wp:meta_key>
			<wp:meta_value><![CDATA[a:1:{i:1568;a:3:{s:6:"number";s:1:"1";s:5:"price";s:3:"500";s:4:"data";a:2:{s:8:"check_in";s:10:"2015-01-09";s:9:"check_out";s:10:"2015-01-16";}}}]]></wp:meta_value>
		</wp:postmeta>
		<wp:postmeta>
			<wp:meta_key>total_price</wp:meta_key>
			<wp:meta_value><![CDATA[550]]></wp:meta_value>
		</wp:postmeta>
		<wp:postmeta>
			<wp:meta_key>item_price</wp:meta_key>
			<wp:meta_value><![CDATA[500]]></wp:meta_value>
		</wp:postmeta>
		<wp:postmeta>
			<wp:meta_key>item_id</wp:meta_key>
			<wp:meta_value><![CDATA[1568]]></wp:meta_value>
		</wp:postmeta>
		<wp:postmeta>
			<wp:meta_key>item_number</wp:meta_key>
			<wp:meta_value><![CDATA[1]]></wp:meta_value>
		</wp:postmeta>
		<wp:postmeta>
			<wp:meta_key>item_post_type</wp:meta_key>
			<wp:meta_value><![CDATA[st_activity]]></wp:meta_value>
		</wp:postmeta>
		<wp:postmeta>
			<wp:meta_key>check_in</wp:meta_key>
			<wp:meta_value><![CDATA[2015-01-09]]></wp:meta_value>
		</wp:postmeta>
		<wp:postmeta>
			<wp:meta_key>check_out</wp:meta_key>
			<wp:meta_value><![CDATA[2015-01-16]]></wp:meta_value>
		</wp:postmeta>
		<wp:postmeta>
			<wp:meta_key>id_user</wp:meta_key>
			<wp:meta_value><![CDATA[1]]></wp:meta_value>
		</wp:postmeta>
		<wp:postmeta>
			<wp:meta_key>payment_method</wp:meta_key>
			<wp:meta_value><![CDATA[submit_form]]></wp:meta_value>
		</wp:postmeta>
		<wp:postmeta>
			<wp:meta_key>order_confirm_hash</wp:meta_key>
			<wp:meta_value><![CDATA[25ba2427cecaeb4d6ccd3943bea5f2c7]]></wp:meta_value>
		</wp:postmeta>
	</item>
	<item>
		<title>Order - February 26, 2015 @ 7:59 am</title>
		<link>http://shinetheme.com/demosd/traveler_demo/?st_order=order-february-26-2015-759-am</link>
		<pubDate>Thu, 26 Feb 2015 07:59:38 +0000</pubDate>
		<dc:creator><![CDATA[admin]]></dc:creator>
		<guid isPermaLink="false">http://dungdt.shinethemedev.com/traveler/?st_order=order-february-26-2015-759-am</guid>
		<description></description>
		<content:encoded><![CDATA[]]></content:encoded>
		<excerpt:encoded><![CDATA[]]></excerpt:encoded>
		<wp:post_id>4771</wp:post_id>
		<wp:post_date>2015-02-26 07:59:38</wp:post_date>
		<wp:post_date_gmt>2015-02-26 07:59:38</wp:post_date_gmt>
		<wp:comment_status>open</wp:comment_status>
		<wp:ping_status>open</wp:ping_status>
		<wp:post_name>order-february-26-2015-759-am</wp:post_name>
		<wp:status>publish</wp:status>
		<wp:post_parent>0</wp:post_parent>
		<wp:menu_order>0</wp:menu_order>
		<wp:post_type>st_order</wp:post_type>
		<wp:post_password></wp:post_password>
		<wp:is_sticky>0</wp:is_sticky>
		<wp:postmeta>
			<wp:meta_key>rate_review</wp:meta_key>
			<wp:meta_value><![CDATA[0]]></wp:meta_value>
		</wp:postmeta>
		<wp:postmeta>
			<wp:meta_key>rate_review</wp:meta_key>
			<wp:meta_value><![CDATA[]]></wp:meta_value>
		</wp:postmeta>
		<wp:postmeta>
			<wp:meta_key>st_c_first_name</wp:meta_key>
			<wp:meta_value><![CDATA[Tran]]></wp:meta_value>
		</wp:postmeta>
		<wp:postmeta>
			<wp:meta_key>st_c_last_name</wp:meta_key>
			<wp:meta_value><![CDATA[Kien]]></wp:meta_value>
		</wp:postmeta>
		<wp:postmeta>
			<wp:meta_key>st_c_email</wp:meta_key>
			<wp:meta_value><![CDATA[test@gmail.com]]></wp:meta_value>
		</wp:postmeta>
		<wp:postmeta>
			<wp:meta_key>st_c_phone</wp:meta_key>
			<wp:meta_value><![CDATA[+22 12345678]]></wp:meta_value>
		</wp:postmeta>
		<wp:postmeta>
			<wp:meta_key>st_c_address</wp:meta_key>
			<wp:meta_value><![CDATA[Address line 1]]></wp:meta_value>
		</wp:postmeta>
		<wp:postmeta>
			<wp:meta_key>st_c_address2</wp:meta_key>
			<wp:meta_value><![CDATA[Addres line 2]]></wp:meta_value>
		</wp:postmeta>
		<wp:postmeta>
			<wp:meta_key>st_c_city</wp:meta_key>
			<wp:meta_value><![CDATA[ha noi]]></wp:meta_value>
		</wp:postmeta>
		<wp:postmeta>
			<wp:meta_key>st_c_province</wp:meta_key>
			<wp:meta_value><![CDATA[Cầu giấy]]></wp:meta_value>
		</wp:postmeta>
		<wp:postmeta>
			<wp:meta_key>st_c_zip_code</wp:meta_key>
			<wp:meta_value><![CDATA[10111]]></wp:meta_value>
		</wp:postmeta>
		<wp:postmeta>
			<wp:meta_key>st_c_country</wp:meta_key>
			<wp:meta_value><![CDATA[Viet nam]]></wp:meta_value>
		</wp:postmeta>
		<wp:postmeta>
			<wp:meta_key>st_o_note</wp:meta_key>
			<wp:meta_value><![CDATA[]]></wp:meta_value>
		</wp:postmeta>
		<wp:postmeta>
			<wp:meta_key>st_tax</wp:meta_key>
			<wp:meta_value><![CDATA[10]]></wp:meta_value>
		</wp:postmeta>
		<wp:postmeta>
			<wp:meta_key>st_currency</wp:meta_key>
			<wp:meta_value><![CDATA[$]]></wp:meta_value>
		</wp:postmeta>
		<wp:postmeta>
			<wp:meta_key>coupon_code</wp:meta_key>
			<wp:meta_value><![CDATA[]]></wp:meta_value>
		</wp:postmeta>
		<wp:postmeta>
			<wp:meta_key>coupon_amount</wp:meta_key>
			<wp:meta_value><![CDATA[0]]></wp:meta_value>
		</wp:postmeta>
		<wp:postmeta>
			<wp:meta_key>status</wp:meta_key>
			<wp:meta_value><![CDATA[pending]]></wp:meta_value>
		</wp:postmeta>
		<wp:postmeta>
			<wp:meta_key>st_cart_info</wp:meta_key>
			<wp:meta_value><![CDATA[a:1:{i:1616;a:3:{s:6:"number";s:1:"1";s:5:"price";i:586;s:4:"data";a:2:{s:8:"check_in";s:10:"2015-02-04";s:9:"check_out";s:10:"2015-02-19";}}}]]></wp:meta_value>
		</wp:postmeta>
		<wp:postmeta>
			<wp:meta_key>total_price</wp:meta_key>
			<wp:meta_value><![CDATA[644.6]]></wp:meta_value>
		</wp:postmeta>
		<wp:postmeta>
			<wp:meta_key>item_price</wp:meta_key>
			<wp:meta_value><![CDATA[586]]></wp:meta_value>
		</wp:postmeta>
		<wp:postmeta>
			<wp:meta_key>item_id</wp:meta_key>
			<wp:meta_value><![CDATA[1616]]></wp:meta_value>
		</wp:postmeta>
		<wp:postmeta>
			<wp:meta_key>item_number</wp:meta_key>
			<wp:meta_value><![CDATA[1]]></wp:meta_value>
		</wp:postmeta>
		<wp:postmeta>
			<wp:meta_key>item_post_type</wp:meta_key>
			<wp:meta_value><![CDATA[st_tours]]></wp:meta_value>
		</wp:postmeta>
		<wp:postmeta>
			<wp:meta_key>check_in</wp:meta_key>
			<wp:meta_value><![CDATA[2015-02-04]]></wp:meta_value>
		</wp:postmeta>
		<wp:postmeta>
			<wp:meta_key>check_out</wp:meta_key>
			<wp:meta_value><![CDATA[2015-02-19]]></wp:meta_value>
		</wp:postmeta>
		<wp:postmeta>
			<wp:meta_key>id_user</wp:meta_key>
			<wp:meta_value><![CDATA[1]]></wp:meta_value>
		</wp:postmeta>
		<wp:postmeta>
			<wp:meta_key>payment_method</wp:meta_key>
			<wp:meta_value><![CDATA[submit_form]]></wp:meta_value>
		</wp:postmeta>
		<wp:postmeta>
			<wp:meta_key>order_confirm_hash</wp:meta_key>
			<wp:meta_value><![CDATA[a47a0aceff3198aaacd0b4623e26129d]]></wp:meta_value>
		</wp:postmeta>
		<wp:postmeta>
			<wp:meta_key>post_views_count</wp:meta_key>
			<wp:meta_value><![CDATA[]]></wp:meta_value>
		</wp:postmeta>
	</item>
	<item>
		<title>Order - February 26, 2015 @ 7:59 am</title>
		<link>http://shinetheme.com/demosd/traveler_demo/?st_order=order-february-26-2015-759-am-2</link>
		<pubDate>Thu, 26 Feb 2015 07:59:57 +0000</pubDate>
		<dc:creator><![CDATA[admin]]></dc:creator>
		<guid isPermaLink="false">http://dungdt.shinethemedev.com/traveler/?st_order=order-february-26-2015-759-am-2</guid>
		<description></description>
		<content:encoded><![CDATA[]]></content:encoded>
		<excerpt:encoded><![CDATA[]]></excerpt:encoded>
		<wp:post_id>4772</wp:post_id>
		<wp:post_date>2015-02-26 07:59:57</wp:post_date>
		<wp:post_date_gmt>2015-02-26 07:59:57</wp:post_date_gmt>
		<wp:comment_status>open</wp:comment_status>
		<wp:ping_status>open</wp:ping_status>
		<wp:post_name>order-february-26-2015-759-am-2</wp:post_name>
		<wp:status>publish</wp:status>
		<wp:post_parent>0</wp:post_parent>
		<wp:menu_order>0</wp:menu_order>
		<wp:post_type>st_order</wp:post_type>
		<wp:post_password></wp:post_password>
		<wp:is_sticky>0</wp:is_sticky>
		<wp:postmeta>
			<wp:meta_key>rate_review</wp:meta_key>
			<wp:meta_value><![CDATA[0]]></wp:meta_value>
		</wp:postmeta>
		<wp:postmeta>
			<wp:meta_key>rate_review</wp:meta_key>
			<wp:meta_value><![CDATA[]]></wp:meta_value>
		</wp:postmeta>
		<wp:postmeta>
			<wp:meta_key>st_c_first_name</wp:meta_key>
			<wp:meta_value><![CDATA[Tran]]></wp:meta_value>
		</wp:postmeta>
		<wp:postmeta>
			<wp:meta_key>st_c_last_name</wp:meta_key>
			<wp:meta_value><![CDATA[Kien]]></wp:meta_value>
		</wp:postmeta>
		<wp:postmeta>
			<wp:meta_key>st_c_email</wp:meta_key>
			<wp:meta_value><![CDATA[test@gmail.com]]></wp:meta_value>
		</wp:postmeta>
		<wp:postmeta>
			<wp:meta_key>st_c_phone</wp:meta_key>
			<wp:meta_value><![CDATA[+22 12345678]]></wp:meta_value>
		</wp:postmeta>
		<wp:postmeta>
			<wp:meta_key>st_c_address</wp:meta_key>
			<wp:meta_value><![CDATA[Address line 1]]></wp:meta_value>
		</wp:postmeta>
		<wp:postmeta>
			<wp:meta_key>st_c_address2</wp:meta_key>
			<wp:meta_value><![CDATA[Addres line 2]]></wp:meta_value>
		</wp:postmeta>
		<wp:postmeta>
			<wp:meta_key>st_c_city</wp:meta_key>
			<wp:meta_value><![CDATA[ha noi]]></wp:meta_value>
		</wp:postmeta>
		<wp:postmeta>
			<wp:meta_key>st_c_province</wp:meta_key>
			<wp:meta_value><![CDATA[Cầu giấy]]></wp:meta_value>
		</wp:postmeta>
		<wp:postmeta>
			<wp:meta_key>st_c_zip_code</wp:meta_key>
			<wp:meta_value><![CDATA[10111]]></wp:meta_value>
		</wp:postmeta>
		<wp:postmeta>
			<wp:meta_key>st_c_country</wp:meta_key>
			<wp:meta_value><![CDATA[Viet nam]]></wp:meta_value>
		</wp:postmeta>
		<wp:postmeta>
			<wp:meta_key>st_o_note</wp:meta_key>
			<wp:meta_value><![CDATA[]]></wp:meta_value>
		</wp:postmeta>
		<wp:postmeta>
			<wp:meta_key>st_tax</wp:meta_key>
			<wp:meta_value><![CDATA[10]]></wp:meta_value>
		</wp:postmeta>
		<wp:postmeta>
			<wp:meta_key>st_currency</wp:meta_key>
			<wp:meta_value><![CDATA[$]]></wp:meta_value>
		</wp:postmeta>
		<wp:postmeta>
			<wp:meta_key>coupon_code</wp:meta_key>
			<wp:meta_value><![CDATA[]]></wp:meta_value>
		</wp:postmeta>
		<wp:postmeta>
			<wp:meta_key>coupon_amount</wp:meta_key>
			<wp:meta_value><![CDATA[0]]></wp:meta_value>
		</wp:postmeta>
		<wp:postmeta>
			<wp:meta_key>status</wp:meta_key>
			<wp:meta_value><![CDATA[pending]]></wp:meta_value>
		</wp:postmeta>
		<wp:postmeta>
			<wp:meta_key>st_cart_info</wp:meta_key>
			<wp:meta_value><![CDATA[a:1:{i:1428;a:3:{s:6:"number";s:1:"1";s:5:"price";s:3:"380";s:4:"data";a:5:{s:8:"check_in";s:10:"02/26/2015";s:9:"check_out";s:10:"02/27/2015";s:8:"currency";s:1:"$";s:5:"adult";s:1:"1";s:8:"children";s:1:"0";}}}]]></wp:meta_value>
		</wp:postmeta>
		<wp:postmeta>
			<wp:meta_key>total_price</wp:meta_key>
			<wp:meta_value><![CDATA[418]]></wp:meta_value>
		</wp:postmeta>
		<wp:postmeta>
			<wp:meta_key>item_price</wp:meta_key>
			<wp:meta_value><![CDATA[380]]></wp:meta_value>
		</wp:postmeta>
		<wp:postmeta>
			<wp:meta_key>item_id</wp:meta_key>
			<wp:meta_value><![CDATA[1428]]></wp:meta_value>
		</wp:postmeta>
		<wp:postmeta>
			<wp:meta_key>item_number</wp:meta_key>
			<wp:meta_value><![CDATA[1]]></wp:meta_value>
		</wp:postmeta>
		<wp:postmeta>
			<wp:meta_key>item_post_type</wp:meta_key>
			<wp:meta_value><![CDATA[rental]]></wp:meta_value>
		</wp:postmeta>
		<wp:postmeta>
			<wp:meta_key>check_in</wp:meta_key>
			<wp:meta_value><![CDATA[2015-02-26]]></wp:meta_value>
		</wp:postmeta>
		<wp:postmeta>
			<wp:meta_key>check_out</wp:meta_key>
			<wp:meta_value><![CDATA[2015-02-27]]></wp:meta_value>
		</wp:postmeta>
		<wp:postmeta>
			<wp:meta_key>currency</wp:meta_key>
			<wp:meta_value><![CDATA[$]]></wp:meta_value>
		</wp:postmeta>
		<wp:postmeta>
			<wp:meta_key>adult</wp:meta_key>
			<wp:meta_value><![CDATA[1]]></wp:meta_value>
		</wp:postmeta>
		<wp:postmeta>
			<wp:meta_key>children</wp:meta_key>
			<wp:meta_value><![CDATA[0]]></wp:meta_value>
		</wp:postmeta>
		<wp:postmeta>
			<wp:meta_key>id_user</wp:meta_key>
			<wp:meta_value><![CDATA[1]]></wp:meta_value>
		</wp:postmeta>
		<wp:postmeta>
			<wp:meta_key>payment_method</wp:meta_key>
			<wp:meta_value><![CDATA[submit_form]]></wp:meta_value>
		</wp:postmeta>
		<wp:postmeta>
			<wp:meta_key>order_confirm_hash</wp:meta_key>
			<wp:meta_value><![CDATA[8714e837a60bd4636690669e26169a63]]></wp:meta_value>
		</wp:postmeta>
	</item>
	<item>
		<title>Order - February 27, 2015 @ 12:12 pm</title>
		<link>http://shinetheme.com/demosd/traveler_demo/?st_order=order-february-27-2015-1212-pm</link>
		<pubDate>Fri, 27 Feb 2015 12:12:40 +0000</pubDate>
		<dc:creator><![CDATA[admin]]></dc:creator>
		<guid isPermaLink="false">http://dungdt.shinethemedev.com/traveler/?st_order=order-february-27-2015-1212-pm</guid>
		<description></description>
		<content:encoded><![CDATA[]]></content:encoded>
		<excerpt:encoded><![CDATA[]]></excerpt:encoded>
		<wp:post_id>4815</wp:post_id>
		<wp:post_date>2015-02-27 12:12:40</wp:post_date>
		<wp:post_date_gmt>2015-02-27 12:12:40</wp:post_date_gmt>
		<wp:comment_status>open</wp:comment_status>
		<wp:ping_status>open</wp:ping_status>
		<wp:post_name>order-february-27-2015-1212-pm</wp:post_name>
		<wp:status>publish</wp:status>
		<wp:post_parent>0</wp:post_parent>
		<wp:menu_order>0</wp:menu_order>
		<wp:post_type>st_order</wp:post_type>
		<wp:post_password></wp:post_password>
		<wp:is_sticky>0</wp:is_sticky>
		<wp:postmeta>
			<wp:meta_key>rate_review</wp:meta_key>
			<wp:meta_value><![CDATA[0]]></wp:meta_value>
		</wp:postmeta>
		<wp:postmeta>
			<wp:meta_key>rate_review</wp:meta_key>
			<wp:meta_value><![CDATA[0]]></wp:meta_value>
		</wp:postmeta>
		<wp:postmeta>
			<wp:meta_key>st_c_first_name</wp:meta_key>
			<wp:meta_value><![CDATA[Tran]]></wp:meta_value>
		</wp:postmeta>
		<wp:postmeta>
			<wp:meta_key>st_c_last_name</wp:meta_key>
			<wp:meta_value><![CDATA[Kien]]></wp:meta_value>
		</wp:postmeta>
		<wp:postmeta>
			<wp:meta_key>st_c_email</wp:meta_key>
			<wp:meta_value><![CDATA[test@gmail.com]]></wp:meta_value>
		</wp:postmeta>
		<wp:postmeta>
			<wp:meta_key>st_c_phone</wp:meta_key>
			<wp:meta_value><![CDATA[+22 12345678]]></wp:meta_value>
		</wp:postmeta>
		<wp:postmeta>
			<wp:meta_key>st_c_address</wp:meta_key>
			<wp:meta_value><![CDATA[Address line 1]]></wp:meta_value>
		</wp:postmeta>
		<wp:postmeta>
			<wp:meta_key>st_c_address2</wp:meta_key>
			<wp:meta_value><![CDATA[Addres line 2]]></wp:meta_value>
		</wp:postmeta>
		<wp:postmeta>
			<wp:meta_key>st_c_city</wp:meta_key>
			<wp:meta_value><![CDATA[ha noi]]></wp:meta_value>
		</wp:postmeta>
		<wp:postmeta>
			<wp:meta_key>st_c_province</wp:meta_key>
			<wp:meta_value><![CDATA[Cầu giấy]]></wp:meta_value>
		</wp:postmeta>
		<wp:postmeta>
			<wp:meta_key>st_c_zip_code</wp:meta_key>
			<wp:meta_value><![CDATA[10111]]></wp:meta_value>
		</wp:postmeta>
		<wp:postmeta>
			<wp:meta_key>st_c_country</wp:meta_key>
			<wp:meta_value><![CDATA[Viet nam]]></wp:meta_value>
		</wp:postmeta>
		<wp:postmeta>
			<wp:meta_key>st_o_note</wp:meta_key>
			<wp:meta_value><![CDATA[]]></wp:meta_value>
		</wp:postmeta>
		<wp:postmeta>
			<wp:meta_key>st_tax</wp:meta_key>
			<wp:meta_value><![CDATA[10]]></wp:meta_value>
		</wp:postmeta>
		<wp:postmeta>
			<wp:meta_key>st_currency</wp:meta_key>
			<wp:meta_value><![CDATA[$]]></wp:meta_value>
		</wp:postmeta>
		<wp:postmeta>
			<wp:meta_key>coupon_code</wp:meta_key>
			<wp:meta_value><![CDATA[]]></wp:meta_value>
		</wp:postmeta>
		<wp:postmeta>
			<wp:meta_key>coupon_amount</wp:meta_key>
			<wp:meta_value><![CDATA[0]]></wp:meta_value>
		</wp:postmeta>
		<wp:postmeta>
			<wp:meta_key>status</wp:meta_key>
			<wp:meta_value><![CDATA[pending]]></wp:meta_value>
		</wp:postmeta>
		<wp:postmeta>
			<wp:meta_key>st_cart_info</wp:meta_key>
			<wp:meta_value><![CDATA[a:1:{i:980;a:3:{s:6:"number";s:1:"1";s:5:"price";s:5:"245.7";s:4:"data";a:6:{s:8:"check_in";s:10:"02/27/2015";s:9:"check_out";s:10:"02/28/2015";s:8:"currency";s:1:"$";s:15:"room_num_search";s:1:"1";s:15:"room_num_config";s:4:"b:0;";s:7:"room_id";s:4:"4593";}}}]]></wp:meta_value>
		</wp:postmeta>
		<wp:postmeta>
			<wp:meta_key>total_price</wp:meta_key>
			<wp:meta_value><![CDATA[270.27]]></wp:meta_value>
		</wp:postmeta>
		<wp:postmeta>
			<wp:meta_key>item_price</wp:meta_key>
			<wp:meta_value><![CDATA[245.7]]></wp:meta_value>
		</wp:postmeta>
		<wp:postmeta>
			<wp:meta_key>item_id</wp:meta_key>
			<wp:meta_value><![CDATA[980]]></wp:meta_value>
		</wp:postmeta>
		<wp:postmeta>
			<wp:meta_key>item_number</wp:meta_key>
			<wp:meta_value><![CDATA[1]]></wp:meta_value>
		</wp:postmeta>
		<wp:postmeta>
			<wp:meta_key>item_post_type</wp:meta_key>
			<wp:meta_value><![CDATA[hotel]]></wp:meta_value>
		</wp:postmeta>
		<wp:postmeta>
			<wp:meta_key>check_in</wp:meta_key>
			<wp:meta_value><![CDATA[2015-02-27]]></wp:meta_value>
		</wp:postmeta>
		<wp:postmeta>
			<wp:meta_key>check_out</wp:meta_key>
			<wp:meta_value><![CDATA[2015-02-28]]></wp:meta_value>
		</wp:postmeta>
		<wp:postmeta>
			<wp:meta_key>currency</wp:meta_key>
			<wp:meta_value><![CDATA[$]]></wp:meta_value>
		</wp:postmeta>
		<wp:postmeta>
			<wp:meta_key>room_num_search</wp:meta_key>
			<wp:meta_value><![CDATA[1]]></wp:meta_value>
		</wp:postmeta>
		<wp:postmeta>
			<wp:meta_key>room_num_config</wp:meta_key>
			<wp:meta_value><![CDATA[s:4:"b:0;";]]></wp:meta_value>
		</wp:postmeta>
		<wp:postmeta>
			<wp:meta_key>room_id</wp:meta_key>
			<wp:meta_value><![CDATA[4593]]></wp:meta_value>
		</wp:postmeta>
		<wp:postmeta>
			<wp:meta_key>id_user</wp:meta_key>
			<wp:meta_value><![CDATA[1]]></wp:meta_value>
		</wp:postmeta>
		<wp:postmeta>
			<wp:meta_key>payment_method</wp:meta_key>
			<wp:meta_value><![CDATA[submit_form]]></wp:meta_value>
		</wp:postmeta>
		<wp:postmeta>
			<wp:meta_key>order_confirm_hash</wp:meta_key>
			<wp:meta_value><![CDATA[fe61a36c0c5175d222fcd88095f9cf8a]]></wp:meta_value>
		</wp:postmeta>
	</item>
	<item>
		<title>Order - March 4, 2015 @ 3:25 am</title>
		<link>http://shinetheme.com/demosd/traveler_demo/?st_order=order-march-4-2015-325-am</link>
		<pubDate>Wed, 04 Mar 2015 03:25:37 +0000</pubDate>
		<dc:creator><![CDATA[admin]]></dc:creator>
		<guid isPermaLink="false">http://dungdt.shinethemedev.com/traveler/?st_order=order-march-4-2015-325-am</guid>
		<description></description>
		<content:encoded><![CDATA[]]></content:encoded>
		<excerpt:encoded><![CDATA[]]></excerpt:encoded>
		<wp:post_id>4969</wp:post_id>
		<wp:post_date>2015-03-04 03:25:37</wp:post_date>
		<wp:post_date_gmt>2015-03-04 03:25:37</wp:post_date_gmt>
		<wp:comment_status>open</wp:comment_status>
		<wp:ping_status>open</wp:ping_status>
		<wp:post_name>order-march-4-2015-325-am</wp:post_name>
		<wp:status>publish</wp:status>
		<wp:post_parent>0</wp:post_parent>
		<wp:menu_order>0</wp:menu_order>
		<wp:post_type>st_order</wp:post_type>
		<wp:post_password></wp:post_password>
		<wp:is_sticky>0</wp:is_sticky>
		<wp:postmeta>
			<wp:meta_key>rate_review</wp:meta_key>
			<wp:meta_value><![CDATA[0]]></wp:meta_value>
		</wp:postmeta>
		<wp:postmeta>
			<wp:meta_key>rate_review</wp:meta_key>
			<wp:meta_value><![CDATA[0]]></wp:meta_value>
		</wp:postmeta>
		<wp:postmeta>
			<wp:meta_key>st_first_name</wp:meta_key>
			<wp:meta_value><![CDATA[Tran]]></wp:meta_value>
		</wp:postmeta>
		<wp:postmeta>
			<wp:meta_key>st_last_name</wp:meta_key>
			<wp:meta_value><![CDATA[Kien]]></wp:meta_value>
		</wp:postmeta>
		<wp:postmeta>
			<wp:meta_key>st_email</wp:meta_key>
			<wp:meta_value><![CDATA[test@gmail.com]]></wp:meta_value>
		</wp:postmeta>
		<wp:postmeta>
			<wp:meta_key>st_phone</wp:meta_key>
			<wp:meta_value><![CDATA[+22 12345678]]></wp:meta_value>
		</wp:postmeta>
		<wp:postmeta>
			<wp:meta_key>st_address</wp:meta_key>
			<wp:meta_value><![CDATA[Address line 1]]></wp:meta_value>
		</wp:postmeta>
		<wp:postmeta>
			<wp:meta_key>st_address2</wp:meta_key>
			<wp:meta_value><![CDATA[Addres line 2]]></wp:meta_value>
		</wp:postmeta>
		<wp:postmeta>
			<wp:meta_key>st_city</wp:meta_key>
			<wp:meta_value><![CDATA[ha noi]]></wp:meta_value>
		</wp:postmeta>
		<wp:postmeta>
			<wp:meta_key>st_province</wp:meta_key>
			<wp:meta_value><![CDATA[Cầu giấy]]></wp:meta_value>
		</wp:postmeta>
		<wp:postmeta>
			<wp:meta_key>st_zip_code</wp:meta_key>
			<wp:meta_value><![CDATA[10111]]></wp:meta_value>
		</wp:postmeta>
		<wp:postmeta>
			<wp:meta_key>st_country</wp:meta_key>
			<wp:meta_value><![CDATA[Viet nam]]></wp:meta_value>
		</wp:postmeta>
		<wp:postmeta>
			<wp:meta_key>st_note</wp:meta_key>
			<wp:meta_value><![CDATA[]]></wp:meta_value>
		</wp:postmeta>
		<wp:postmeta>
			<wp:meta_key>st_tax</wp:meta_key>
			<wp:meta_value><![CDATA[10]]></wp:meta_value>
		</wp:postmeta>
		<wp:postmeta>
			<wp:meta_key>st_currency</wp:meta_key>
			<wp:meta_value><![CDATA[$]]></wp:meta_value>
		</wp:postmeta>
		<wp:postmeta>
			<wp:meta_key>coupon_code</wp:meta_key>
			<wp:meta_value><![CDATA[]]></wp:meta_value>
		</wp:postmeta>
		<wp:postmeta>
			<wp:meta_key>coupon_amount</wp:meta_key>
			<wp:meta_value><![CDATA[0]]></wp:meta_value>
		</wp:postmeta>
		<wp:postmeta>
			<wp:meta_key>status</wp:meta_key>
			<wp:meta_value><![CDATA[pending]]></wp:meta_value>
		</wp:postmeta>
		<wp:postmeta>
			<wp:meta_key>st_cart_info</wp:meta_key>
			<wp:meta_value><![CDATA[a:1:{i:1428;a:3:{s:6:"number";s:1:"1";s:5:"price";s:3:"380";s:4:"data";a:5:{s:8:"check_in";s:0:"";s:9:"check_out";s:0:"";s:8:"currency";s:1:"$";s:5:"adult";s:1:"1";s:8:"children";s:1:"2";}}}]]></wp:meta_value>
		</wp:postmeta>
		<wp:postmeta>
			<wp:meta_key>total_price</wp:meta_key>
			<wp:meta_value><![CDATA[418]]></wp:meta_value>
		</wp:postmeta>
		<wp:postmeta>
			<wp:meta_key>item_price</wp:meta_key>
			<wp:meta_value><![CDATA[380]]></wp:meta_value>
		</wp:postmeta>
		<wp:postmeta>
			<wp:meta_key>item_id</wp:meta_key>
			<wp:meta_value><![CDATA[1428]]></wp:meta_value>
		</wp:postmeta>
		<wp:postmeta>
			<wp:meta_key>item_number</wp:meta_key>
			<wp:meta_value><![CDATA[1]]></wp:meta_value>
		</wp:postmeta>
		<wp:postmeta>
			<wp:meta_key>item_post_type</wp:meta_key>
			<wp:meta_value><![CDATA[rental]]></wp:meta_value>
		</wp:postmeta>
		<wp:postmeta>
			<wp:meta_key>check_in</wp:meta_key>
			<wp:meta_value><![CDATA[1970-01-01]]></wp:meta_value>
		</wp:postmeta>
		<wp:postmeta>
			<wp:meta_key>check_out</wp:meta_key>
			<wp:meta_value><![CDATA[1970-01-01]]></wp:meta_value>
		</wp:postmeta>
		<wp:postmeta>
			<wp:meta_key>currency</wp:meta_key>
			<wp:meta_value><![CDATA[$]]></wp:meta_value>
		</wp:postmeta>
		<wp:postmeta>
			<wp:meta_key>adult</wp:meta_key>
			<wp:meta_value><![CDATA[1]]></wp:meta_value>
		</wp:postmeta>
		<wp:postmeta>
			<wp:meta_key>children</wp:meta_key>
			<wp:meta_value><![CDATA[2]]></wp:meta_value>
		</wp:postmeta>
		<wp:postmeta>
			<wp:meta_key>id_user</wp:meta_key>
			<wp:meta_value><![CDATA[1]]></wp:meta_value>
		</wp:postmeta>
		<wp:postmeta>
			<wp:meta_key>payment_method</wp:meta_key>
			<wp:meta_value><![CDATA[st_submit_form]]></wp:meta_value>
		</wp:postmeta>
	</item>
	<item>
		<title>Order - March 5, 2015 @ 5:04 am</title>
		<link>http://shinetheme.com/demosd/traveler_demo/?st_order=order-march-5-2015-504-am</link>
		<pubDate>Thu, 05 Mar 2015 05:04:45 +0000</pubDate>
		<dc:creator><![CDATA[admin]]></dc:creator>
		<guid isPermaLink="false">http://dungdt.shinethemedev.com/traveler/?st_order=order-march-5-2015-504-am</guid>
		<description></description>
		<content:encoded><![CDATA[]]></content:encoded>
		<excerpt:encoded><![CDATA[]]></excerpt:encoded>
		<wp:post_id>4970</wp:post_id>
		<wp:post_date>2015-03-05 05:04:45</wp:post_date>
		<wp:post_date_gmt>2015-03-05 05:04:45</wp:post_date_gmt>
		<wp:comment_status>open</wp:comment_status>
		<wp:ping_status>open</wp:ping_status>
		<wp:post_name>order-march-5-2015-504-am</wp:post_name>
		<wp:status>publish</wp:status>
		<wp:post_parent>0</wp:post_parent>
		<wp:menu_order>0</wp:menu_order>
		<wp:post_type>st_order</wp:post_type>
		<wp:post_password></wp:post_password>
		<wp:is_sticky>0</wp:is_sticky>
		<wp:postmeta>
			<wp:meta_key>rate_review</wp:meta_key>
			<wp:meta_value><![CDATA[0]]></wp:meta_value>
		</wp:postmeta>
		<wp:postmeta>
			<wp:meta_key>rate_review</wp:meta_key>
			<wp:meta_value><![CDATA[0]]></wp:meta_value>
		</wp:postmeta>
		<wp:postmeta>
			<wp:meta_key>st_first_name</wp:meta_key>
			<wp:meta_value><![CDATA[Tran]]></wp:meta_value>
		</wp:postmeta>
		<wp:postmeta>
			<wp:meta_key>st_last_name</wp:meta_key>
			<wp:meta_value><![CDATA[Kien]]></wp:meta_value>
		</wp:postmeta>
		<wp:postmeta>
			<wp:meta_key>st_email</wp:meta_key>
			<wp:meta_value><![CDATA[test@gmail.com]]></wp:meta_value>
		</wp:postmeta>
		<wp:postmeta>
			<wp:meta_key>st_phone</wp:meta_key>
			<wp:meta_value><![CDATA[+22 12345678]]></wp:meta_value>
		</wp:postmeta>
		<wp:postmeta>
			<wp:meta_key>st_address</wp:meta_key>
			<wp:meta_value><![CDATA[Address line 1]]></wp:meta_value>
		</wp:postmeta>
		<wp:postmeta>
			<wp:meta_key>st_address2</wp:meta_key>
			<wp:meta_value><![CDATA[Addres line 2]]></wp:meta_value>
		</wp:postmeta>
		<wp:postmeta>
			<wp:meta_key>st_city</wp:meta_key>
			<wp:meta_value><![CDATA[ha noi]]></wp:meta_value>
		</wp:postmeta>
		<wp:postmeta>
			<wp:meta_key>st_province</wp:meta_key>
			<wp:meta_value><![CDATA[Cầu giấy]]></wp:meta_value>
		</wp:postmeta>
		<wp:postmeta>
			<wp:meta_key>st_zip_code</wp:meta_key>
			<wp:meta_value><![CDATA[10111]]></wp:meta_value>
		</wp:postmeta>
		<wp:postmeta>
			<wp:meta_key>st_country</wp:meta_key>
			<wp:meta_value><![CDATA[Viet nam]]></wp:meta_value>
		</wp:postmeta>
		<wp:postmeta>
			<wp:meta_key>st_note</wp:meta_key>
			<wp:meta_value><![CDATA[]]></wp:meta_value>
		</wp:postmeta>
		<wp:postmeta>
			<wp:meta_key>st_tax</wp:meta_key>
			<wp:meta_value><![CDATA[10]]></wp:meta_value>
		</wp:postmeta>
		<wp:postmeta>
			<wp:meta_key>st_currency</wp:meta_key>
			<wp:meta_value><![CDATA[$]]></wp:meta_value>
		</wp:postmeta>
		<wp:postmeta>
			<wp:meta_key>coupon_code</wp:meta_key>
			<wp:meta_value><![CDATA[]]></wp:meta_value>
		</wp:postmeta>
		<wp:postmeta>
			<wp:meta_key>coupon_amount</wp:meta_key>
			<wp:meta_value><![CDATA[0]]></wp:meta_value>
		</wp:postmeta>
		<wp:postmeta>
			<wp:meta_key>status</wp:meta_key>
			<wp:meta_value><![CDATA[pending]]></wp:meta_value>
		</wp:postmeta>
		<wp:postmeta>
			<wp:meta_key>st_cart_info</wp:meta_key>
			<wp:meta_value><![CDATA[a:1:{i:1616;a:3:{s:6:"number";s:1:"1";s:5:"price";i:586;s:4:"data";a:2:{s:8:"check_in";s:10:"2015-02-04";s:9:"check_out";s:10:"2015-02-19";}}}]]></wp:meta_value>
		</wp:postmeta>
		<wp:postmeta>
			<wp:meta_key>total_price</wp:meta_key>
			<wp:meta_value><![CDATA[644.6]]></wp:meta_value>
		</wp:postmeta>
		<wp:postmeta>
			<wp:meta_key>item_price</wp:meta_key>
			<wp:meta_value><![CDATA[586]]></wp:meta_value>
		</wp:postmeta>
		<wp:postmeta>
			<wp:meta_key>item_id</wp:meta_key>
			<wp:meta_value><![CDATA[1616]]></wp:meta_value>
		</wp:postmeta>
		<wp:postmeta>
			<wp:meta_key>item_number</wp:meta_key>
			<wp:meta_value><![CDATA[1]]></wp:meta_value>
		</wp:postmeta>
		<wp:postmeta>
			<wp:meta_key>item_post_type</wp:meta_key>
			<wp:meta_value><![CDATA[st_tours]]></wp:meta_value>
		</wp:postmeta>
		<wp:postmeta>
			<wp:meta_key>check_in</wp:meta_key>
			<wp:meta_value><![CDATA[2015-02-04 00:00:00]]></wp:meta_value>
		</wp:postmeta>
		<wp:postmeta>
			<wp:meta_key>check_out</wp:meta_key>
			<wp:meta_value><![CDATA[2015-02-19 00:00:00]]></wp:meta_value>
		</wp:postmeta>
		<wp:postmeta>
			<wp:meta_key>id_user</wp:meta_key>
			<wp:meta_value><![CDATA[1]]></wp:meta_value>
		</wp:postmeta>
		<wp:postmeta>
			<wp:meta_key>payment_method</wp:meta_key>
			<wp:meta_value><![CDATA[st_submit_form]]></wp:meta_value>
		</wp:postmeta>
	</item>
</channel>
</rss>
