<?xml version="1.0" encoding="UTF-8" ?>
<!-- This is a WordPress eXtended RSS file generated by WordPress as an export of your site. -->
<!-- It contains information about your site's posts, pages, comments, categories, and other content. -->
<!-- You may use this file to transfer that content from one site to another. -->
<!-- This file is not intended to serve as a complete backup of your site. -->

<!-- To import this information into a WordPress site follow these steps: -->
<!-- 1. Log in to that site as an administrator. -->
<!-- 2. Go to Tools: Import in the WordPress admin panel. -->
<!-- 3. Install the "WordPress" importer from the list. -->
<!-- 4. Activate & Run Importer. -->
<!-- 5. Upload this file using the form provided on that page. -->
<!-- 6. You will first be asked to map the authors in this export file to users -->
<!--    on the site. For each author, you may choose to map to an -->
<!--    existing user on the site or to create a new user. -->
<!-- 7. WordPress will then import each of the posts, pages, comments, categories, etc. -->
<!--    contained in this file into your site. -->

<!-- generator="WordPress/4.1.1" created="2015-03-06 09:43" -->
<rss version="2.0"
	xmlns:excerpt="http://wordpress.org/export/1.2/excerpt/"
	xmlns:content="http://purl.org/rss/1.0/modules/content/"
	xmlns:wfw="http://wellformedweb.org/CommentAPI/"
	xmlns:dc="http://purl.org/dc/elements/1.1/"
	xmlns:wp="http://wordpress.org/export/1.2/"
>

<channel>
	<title>The Traveler</title>
	<link>http://shinetheme.com/demosd/traveler_demo</link>
	<description>Just another WordPress site</description>
	<pubDate>Fri, 06 Mar 2015 09:43:56 +0000</pubDate>
	<language>en-US</language>
	<wp:wxr_version>1.2</wp:wxr_version>
	<wp:base_site_url>http://shinetheme.com/demosd/traveler_demo</wp:base_site_url>
	<wp:base_blog_url>http://shinetheme.com/demosd/traveler_demo</wp:base_blog_url>

	<wp:author><wp:author_id>1</wp:author_id><wp:author_login>admin</wp:author_login><wp:author_email>doquangquan1993@gmail.com</wp:author_email><wp:author_display_name><![CDATA[admin]]></wp:author_display_name><wp:author_first_name><![CDATA[]]></wp:author_first_name><wp:author_last_name><![CDATA[]]></wp:author_last_name></wp:author>


	<generator>http://wordpress.org/?v=4.1.1</generator>

	<item>
		<title>20 Days from Paris to Venice</title>
		<link>http://shinetheme.com/demosd/traveler_demo/?st_tours=ligula-ultricies</link>
		<pubDate>Mon, 29 Dec 2014 01:45:00 +0000</pubDate>
		<dc:creator><![CDATA[admin]]></dc:creator>
		<guid isPermaLink="false">http://shinetheme.com/demosd/traveler_demo/?post_type=st_tours&#038;p=911</guid>
		<description></description>
		<content:encoded><![CDATA[]]></content:encoded>
		<excerpt:encoded><![CDATA[Varius massa maecenas et id dictumst mattis" Donec fringilla ac parturient posuere id phasellus erat elementum nullam lacus cursus rhoncus parturient vitae praesent quisque nascetur molestie quis]]></excerpt:encoded>
		<wp:post_id>1028</wp:post_id>
		<wp:post_date>2014-12-29 01:45:00</wp:post_date>
		<wp:post_date_gmt>2014-12-29 01:45:00</wp:post_date_gmt>
		<wp:comment_status>open</wp:comment_status>
		<wp:ping_status>open</wp:ping_status>
		<wp:post_name>ligula-ultricies</wp:post_name>
		<wp:status>publish</wp:status>
		<wp:post_parent>0</wp:post_parent>
		<wp:menu_order>0</wp:menu_order>
		<wp:post_type>st_tours</wp:post_type>
		<wp:post_password></wp:post_password>
		<wp:is_sticky>0</wp:is_sticky>
		<category domain="st_tour_type" nicename="city-trips"><![CDATA[City trips]]></category>
		<category domain="st_tour_type" nicename="ecotourism"><![CDATA[Ecotourism]]></category>
		<category domain="st_tour_type" nicename="escorted-tour"><![CDATA[Escorted Tour]]></category>
		<category domain="st_tour_type" nicename="group-tour"><![CDATA[Group Tour]]></category>
		<category domain="st_tour_type" nicename="ligula"><![CDATA[Ligula]]></category>
		<wp:postmeta>
			<wp:meta_key>rate_review</wp:meta_key>
			<wp:meta_value><![CDATA[0]]></wp:meta_value>
		</wp:postmeta>
		<wp:postmeta>
			<wp:meta_key>sale_price</wp:meta_key>
			<wp:meta_value><![CDATA[]]></wp:meta_value>
		</wp:postmeta>
		<wp:postmeta>
			<wp:meta_key>rate_review</wp:meta_key>
			<wp:meta_value><![CDATA[]]></wp:meta_value>
		</wp:postmeta>
		<wp:postmeta>
			<wp:meta_key>rate_review</wp:meta_key>
			<wp:meta_value><![CDATA[]]></wp:meta_value>
		</wp:postmeta>
		<wp:postmeta>
			<wp:meta_key>_thumbnail_id</wp:meta_key>
			<wp:meta_value><![CDATA[1595]]></wp:meta_value>
		</wp:postmeta>
		<wp:postmeta>
			<wp:meta_key>is_featured</wp:meta_key>
			<wp:meta_value><![CDATA[off]]></wp:meta_value>
		</wp:postmeta>
		<wp:postmeta>
			<wp:meta_key>gallery_tyle</wp:meta_key>
			<wp:meta_value><![CDATA[grid]]></wp:meta_value>
		</wp:postmeta>
		<wp:postmeta>
			<wp:meta_key>id_location</wp:meta_key>
			<wp:meta_value><![CDATA[287]]></wp:meta_value>
		</wp:postmeta>
		<wp:postmeta>
			<wp:meta_key>gallery</wp:meta_key>
			<wp:meta_value><![CDATA[1549,1550,1546,1406,1404,196,11,1405,1548,1601,1602,1595,1594,465,301,300]]></wp:meta_value>
		</wp:postmeta>
		<wp:postmeta>
			<wp:meta_key>contact_email</wp:meta_key>
			<wp:meta_value><![CDATA[abc@domain.com]]></wp:meta_value>
		</wp:postmeta>
		<wp:postmeta>
			<wp:meta_key>description</wp:meta_key>
			<wp:meta_value><![CDATA[All brand icons are trademarks of their respective owners.
The use of these trademarks does not indicate endorsement of the trademark holder by Font Awesome, nor vice versa.

]]></wp:meta_value>
		</wp:postmeta>
		<wp:postmeta>
			<wp:meta_key>post_views_count</wp:meta_key>
			<wp:meta_value><![CDATA[]]></wp:meta_value>
		</wp:postmeta>
		<wp:postmeta>
			<wp:meta_key>tour_min_price</wp:meta_key>
			<wp:meta_value><![CDATA[500]]></wp:meta_value>
		</wp:postmeta>
		<wp:postmeta>
			<wp:meta_key>min_price</wp:meta_key>
			<wp:meta_value><![CDATA[]]></wp:meta_value>
		</wp:postmeta>
		<wp:postmeta>
			<wp:meta_key>map_zoom</wp:meta_key>
			<wp:meta_value><![CDATA[13]]></wp:meta_value>
		</wp:postmeta>
		<wp:postmeta>
			<wp:meta_key>video</wp:meta_key>
			<wp:meta_value><![CDATA[https://www.youtube.com/watch?v=AmZ0WrEaf34]]></wp:meta_value>
		</wp:postmeta>
		<wp:postmeta>
			<wp:meta_key>gallery_style</wp:meta_key>
			<wp:meta_value><![CDATA[grid]]></wp:meta_value>
		</wp:postmeta>
		<wp:postmeta>
			<wp:meta_key>price</wp:meta_key>
			<wp:meta_value><![CDATA[799]]></wp:meta_value>
		</wp:postmeta>
		<wp:postmeta>
			<wp:meta_key>max_people</wp:meta_key>
			<wp:meta_value><![CDATA[200]]></wp:meta_value>
		</wp:postmeta>
		<wp:postmeta>
			<wp:meta_key>duration_day</wp:meta_key>
			<wp:meta_value><![CDATA[20]]></wp:meta_value>
		</wp:postmeta>
		<wp:postmeta>
			<wp:meta_key>address</wp:meta_key>
			<wp:meta_value><![CDATA[Champs-Elysées,  Paris France]]></wp:meta_value>
		</wp:postmeta>
		<wp:postmeta>
			<wp:meta_key>map_lat</wp:meta_key>
			<wp:meta_value><![CDATA[48.871903]]></wp:meta_value>
		</wp:postmeta>
		<wp:postmeta>
			<wp:meta_key>map_lng</wp:meta_key>
			<wp:meta_value><![CDATA[2.303156]]></wp:meta_value>
		</wp:postmeta>
		<wp:postmeta>
			<wp:meta_key>tours_program</wp:meta_key>
			<wp:meta_value><![CDATA[]]></wp:meta_value>
		</wp:postmeta>
		<wp:postmeta>
			<wp:meta_key>is_sale_schedule</wp:meta_key>
			<wp:meta_value><![CDATA[off]]></wp:meta_value>
		</wp:postmeta>
		<wp:postmeta>
			<wp:meta_key>sale_price</wp:meta_key>
			<wp:meta_value><![CDATA[799]]></wp:meta_value>
		</wp:postmeta>
		<wp:comment>
			<wp:comment_id>101</wp:comment_id>
			<wp:comment_author><![CDATA[admin]]></wp:comment_author>
			<wp:comment_author_email>test@gmail.com</wp:comment_author_email>
			<wp:comment_author_url></wp:comment_author_url>
			<wp:comment_author_IP>14.162.137.210</wp:comment_author_IP>
			<wp:comment_date>2015-01-12 06:49:50</wp:comment_date>
			<wp:comment_date_gmt>2015-01-12 06:49:50</wp:comment_date_gmt>
			<wp:comment_content><![CDATA[Varius massa maecenas et id dictumst mattis" Donec fringilla ac parturient posuere id phasellus erat elementum nullam lacus cursus rhoncus parturient vitae praesent quisque nascetur molestie quis Varius massa maecenas et id dictumst mattis" Donec fringilla ac parturient posuere id phasellus erat elementum nullam lacus cursus rhoncus parturient vitae praesent quisque nascetur molestie quis]]></wp:comment_content>
			<wp:comment_approved>1</wp:comment_approved>
			<wp:comment_type>st_reviews</wp:comment_type>
			<wp:comment_parent>0</wp:comment_parent>
			<wp:comment_user_id>0</wp:comment_user_id>
		</wp:comment>
	</item>
	<item>
		<title>3 Days in the Heart of Paris</title>
		<link>http://shinetheme.com/demosd/traveler_demo/?st_tours=perma</link>
		<pubDate>Mon, 29 Dec 2014 03:12:11 +0000</pubDate>
		<dc:creator><![CDATA[admin]]></dc:creator>
		<guid isPermaLink="false">http://shinetheme.com/demosd/traveler_demo/?post_type=st_tours&#038;p=914</guid>
		<description></description>
		<content:encoded><![CDATA[]]></content:encoded>
		<excerpt:encoded><![CDATA[Varius massa maecenas et id dictumst mattis. Donec fringilla ac parturient posuere id phasellus erat elementum nullam lacus cursus rhoncus parturient vitae praesent quisque nascetur molestie quis]]></excerpt:encoded>
		<wp:post_id>1029</wp:post_id>
		<wp:post_date>2014-12-29 03:12:11</wp:post_date>
		<wp:post_date_gmt>2014-12-29 03:12:11</wp:post_date_gmt>
		<wp:comment_status>open</wp:comment_status>
		<wp:ping_status>open</wp:ping_status>
		<wp:post_name>perma</wp:post_name>
		<wp:status>publish</wp:status>
		<wp:post_parent>0</wp:post_parent>
		<wp:menu_order>0</wp:menu_order>
		<wp:post_type>st_tours</wp:post_type>
		<wp:post_password></wp:post_password>
		<wp:is_sticky>0</wp:is_sticky>
		<category domain="st_tour_type" nicename="city-trips"><![CDATA[City trips]]></category>
		<category domain="st_tour_type" nicename="escorted-tour"><![CDATA[Escorted Tour]]></category>
		<category domain="st_tour_type" nicename="group-tour"><![CDATA[Group Tour]]></category>
		<category domain="st_tour_type" nicename="hosted-tours"><![CDATA[Hosted tours]]></category>
		<category domain="st_tour_type" nicename="ligula"><![CDATA[Ligula]]></category>
		<wp:postmeta>
			<wp:meta_key>rate_review</wp:meta_key>
			<wp:meta_value><![CDATA[0]]></wp:meta_value>
		</wp:postmeta>
		<wp:postmeta>
			<wp:meta_key>sale_price</wp:meta_key>
			<wp:meta_value><![CDATA[]]></wp:meta_value>
		</wp:postmeta>
		<wp:postmeta>
			<wp:meta_key>rate_review</wp:meta_key>
			<wp:meta_value><![CDATA[]]></wp:meta_value>
		</wp:postmeta>
		<wp:postmeta>
			<wp:meta_key>rate_review</wp:meta_key>
			<wp:meta_value><![CDATA[]]></wp:meta_value>
		</wp:postmeta>
		<wp:postmeta>
			<wp:meta_key>rate_review</wp:meta_key>
			<wp:meta_value><![CDATA[]]></wp:meta_value>
		</wp:postmeta>
		<wp:postmeta>
			<wp:meta_key>_thumbnail_id</wp:meta_key>
			<wp:meta_value><![CDATA[1406]]></wp:meta_value>
		</wp:postmeta>
		<wp:postmeta>
			<wp:meta_key>is_featured</wp:meta_key>
			<wp:meta_value><![CDATA[off]]></wp:meta_value>
		</wp:postmeta>
		<wp:postmeta>
			<wp:meta_key>gallery_tyle</wp:meta_key>
			<wp:meta_value><![CDATA[grid]]></wp:meta_value>
		</wp:postmeta>
		<wp:postmeta>
			<wp:meta_key>id_location</wp:meta_key>
			<wp:meta_value><![CDATA[283]]></wp:meta_value>
		</wp:postmeta>
		<wp:postmeta>
			<wp:meta_key>gallery</wp:meta_key>
			<wp:meta_value><![CDATA[1602,1605,1601,1595,1594,1550,1549,1546,1406,1404,946,578]]></wp:meta_value>
		</wp:postmeta>
		<wp:postmeta>
			<wp:meta_key>contact_email</wp:meta_key>
			<wp:meta_value><![CDATA[abc@domain.com]]></wp:meta_value>
		</wp:postmeta>
		<wp:postmeta>
			<wp:meta_key>description</wp:meta_key>
			<wp:meta_value><![CDATA[All brand icons are trademarks of their respective owners.
The use of these trademarks does not indicate endorsement of the trademark holder by Font Awesome, nor vice versa.

]]></wp:meta_value>
		</wp:postmeta>
		<wp:postmeta>
			<wp:meta_key>_dp_original</wp:meta_key>
			<wp:meta_value><![CDATA[911]]></wp:meta_value>
		</wp:postmeta>
		<wp:postmeta>
			<wp:meta_key>map_zoom</wp:meta_key>
			<wp:meta_value><![CDATA[13]]></wp:meta_value>
		</wp:postmeta>
		<wp:postmeta>
			<wp:meta_key>gallery_style</wp:meta_key>
			<wp:meta_value><![CDATA[grid]]></wp:meta_value>
		</wp:postmeta>
		<wp:postmeta>
			<wp:meta_key>map_lat</wp:meta_key>
			<wp:meta_value><![CDATA[48.871903]]></wp:meta_value>
		</wp:postmeta>
		<wp:postmeta>
			<wp:meta_key>map_lng</wp:meta_key>
			<wp:meta_value><![CDATA[2.303156]]></wp:meta_value>
		</wp:postmeta>
		<wp:postmeta>
			<wp:meta_key>video</wp:meta_key>
			<wp:meta_value><![CDATA[https://www.youtube.com/watch?v=dSnCo7XVWO8]]></wp:meta_value>
		</wp:postmeta>
		<wp:postmeta>
			<wp:meta_key>min_price</wp:meta_key>
			<wp:meta_value><![CDATA[]]></wp:meta_value>
		</wp:postmeta>
		<wp:postmeta>
			<wp:meta_key>post_views_count</wp:meta_key>
			<wp:meta_value><![CDATA[]]></wp:meta_value>
		</wp:postmeta>
		<wp:postmeta>
			<wp:meta_key>price</wp:meta_key>
			<wp:meta_value><![CDATA[560]]></wp:meta_value>
		</wp:postmeta>
		<wp:postmeta>
			<wp:meta_key>max_people</wp:meta_key>
			<wp:meta_value><![CDATA[4]]></wp:meta_value>
		</wp:postmeta>
		<wp:postmeta>
			<wp:meta_key>duration_day</wp:meta_key>
			<wp:meta_value><![CDATA[3]]></wp:meta_value>
		</wp:postmeta>
		<wp:postmeta>
			<wp:meta_key>address</wp:meta_key>
			<wp:meta_value><![CDATA[Champs-Elysées, Paris France]]></wp:meta_value>
		</wp:postmeta>
		<wp:postmeta>
			<wp:meta_key>tours_program</wp:meta_key>
			<wp:meta_value><![CDATA[a:5:{i:0;a:2:{s:5:"title";s:15:"Transportation ";s:4:"desc";s:45:"Air, sea, road, rail etc to/from destination ";}i:1;a:2:{s:5:"title";s:13:"accommodation";s:4:"desc";s:31:"Hotels, guest houses, cottages.";}i:2;a:2:{s:5:"title";s:6:"Meals ";s:4:"desc";s:36:"Breakfast, half board and full board";}i:3;a:2:{s:5:"title";s:23:"Supplementary services ";s:4:"desc";s:42:"events, city sight seeing, theme evenings.";}i:4;a:2:{s:5:"title";s:9:"Insurance";s:4:"desc";s:28:"and other ancillary service.";}}]]></wp:meta_value>
		</wp:postmeta>
		<wp:postmeta>
			<wp:meta_key>st_custom_layout</wp:meta_key>
			<wp:meta_value><![CDATA[1114]]></wp:meta_value>
		</wp:postmeta>
		<wp:postmeta>
			<wp:meta_key>is_sale_schedule</wp:meta_key>
			<wp:meta_value><![CDATA[off]]></wp:meta_value>
		</wp:postmeta>
		<wp:postmeta>
			<wp:meta_key>sale_price</wp:meta_key>
			<wp:meta_value><![CDATA[560]]></wp:meta_value>
		</wp:postmeta>
		<wp:comment>
			<wp:comment_id>102</wp:comment_id>
			<wp:comment_author><![CDATA[admin]]></wp:comment_author>
			<wp:comment_author_email>test@gmail.com</wp:comment_author_email>
			<wp:comment_author_url></wp:comment_author_url>
			<wp:comment_author_IP>14.162.137.210</wp:comment_author_IP>
			<wp:comment_date>2015-01-12 07:14:44</wp:comment_date>
			<wp:comment_date_gmt>2015-01-12 07:14:44</wp:comment_date_gmt>
			<wp:comment_content><![CDATA[Donec fringilla ac parturient posuere id phasellus erat elementum nullam lacus cursus rhoncus parturient vitae praesent quisque nascetur molestie quis Varius massa maecenas et id dictumst mattis" Donec fringilla ac parturient posuere id phasellus erat elementum nullam lacus cursus rhoncus parturient vitae praesent quisque nascetur molestie quis quis Varius massa maecenas et id dictumst mattis"]]></wp:comment_content>
			<wp:comment_approved>1</wp:comment_approved>
			<wp:comment_type>st_reviews</wp:comment_type>
			<wp:comment_parent>0</wp:comment_parent>
			<wp:comment_user_id>0</wp:comment_user_id>
		</wp:comment>
	</item>
	<item>
		<title>Giverny and Versailles Small Group Day Trip</title>
		<link>http://shinetheme.com/demosd/traveler_demo/?st_tours=tour-ultricies</link>
		<pubDate>Mon, 29 Dec 2014 03:12:18 +0000</pubDate>
		<dc:creator><![CDATA[admin]]></dc:creator>
		<guid isPermaLink="false">http://shinetheme.com/demosd/traveler_demo/?post_type=st_tours&#038;p=915</guid>
		<description></description>
		<content:encoded><![CDATA[]]></content:encoded>
		<excerpt:encoded><![CDATA[Varius massa maecenas et id dictumst mattis" Donec fringilla ac parturient posuere id phasellus erat elementum nullam lacus cursus rhoncus parturient vitae praesent quisque nascetur molestie quis quis Varius massa maecenas et id dictumst mattis" Donec fringilla ac parturient posuere id phasellus erat elementum nullam lacus cursus rhoncus parturient vitae praesent quisque nascetur molestie quis]]></excerpt:encoded>
		<wp:post_id>1030</wp:post_id>
		<wp:post_date>2014-12-29 03:12:18</wp:post_date>
		<wp:post_date_gmt>2014-12-29 03:12:18</wp:post_date_gmt>
		<wp:comment_status>open</wp:comment_status>
		<wp:ping_status>open</wp:ping_status>
		<wp:post_name>tour-ultricies</wp:post_name>
		<wp:status>publish</wp:status>
		<wp:post_parent>0</wp:post_parent>
		<wp:menu_order>0</wp:menu_order>
		<wp:post_type>st_tours</wp:post_type>
		<wp:post_password></wp:post_password>
		<wp:is_sticky>0</wp:is_sticky>
		<category domain="st_tour_type" nicename="city-trips"><![CDATA[City trips]]></category>
		<category domain="st_tour_type" nicename="escorted-tour"><![CDATA[Escorted Tour]]></category>
		<category domain="st_tour_type" nicename="group-tour"><![CDATA[Group Tour]]></category>
		<category domain="st_tour_type" nicename="hosted-tours"><![CDATA[Hosted tours]]></category>
		<category domain="st_tour_type" nicename="ligula"><![CDATA[Ligula]]></category>
		<wp:postmeta>
			<wp:meta_key>rate_review</wp:meta_key>
			<wp:meta_value><![CDATA[0]]></wp:meta_value>
		</wp:postmeta>
		<wp:postmeta>
			<wp:meta_key>sale_price</wp:meta_key>
			<wp:meta_value><![CDATA[]]></wp:meta_value>
		</wp:postmeta>
		<wp:postmeta>
			<wp:meta_key>rate_review</wp:meta_key>
			<wp:meta_value><![CDATA[]]></wp:meta_value>
		</wp:postmeta>
		<wp:postmeta>
			<wp:meta_key>rate_review</wp:meta_key>
			<wp:meta_value><![CDATA[]]></wp:meta_value>
		</wp:postmeta>
		<wp:postmeta>
			<wp:meta_key>rate_review</wp:meta_key>
			<wp:meta_value><![CDATA[]]></wp:meta_value>
		</wp:postmeta>
		<wp:postmeta>
			<wp:meta_key>_thumbnail_id</wp:meta_key>
			<wp:meta_value><![CDATA[1549]]></wp:meta_value>
		</wp:postmeta>
		<wp:postmeta>
			<wp:meta_key>is_featured</wp:meta_key>
			<wp:meta_value><![CDATA[off]]></wp:meta_value>
		</wp:postmeta>
		<wp:postmeta>
			<wp:meta_key>gallery_tyle</wp:meta_key>
			<wp:meta_value><![CDATA[grid]]></wp:meta_value>
		</wp:postmeta>
		<wp:postmeta>
			<wp:meta_key>id_location</wp:meta_key>
			<wp:meta_value><![CDATA[287]]></wp:meta_value>
		</wp:postmeta>
		<wp:postmeta>
			<wp:meta_key>gallery</wp:meta_key>
			<wp:meta_value><![CDATA[1549,1550,1548,1547,1546,1545,1406,1405,1404,578,616,465,385,358,1601,1602]]></wp:meta_value>
		</wp:postmeta>
		<wp:postmeta>
			<wp:meta_key>contact_email</wp:meta_key>
			<wp:meta_value><![CDATA[abc@domain.com]]></wp:meta_value>
		</wp:postmeta>
		<wp:postmeta>
			<wp:meta_key>description</wp:meta_key>
			<wp:meta_value><![CDATA[All brand icons are trademarks of their respective owners.
The use of these trademarks does not indicate endorsement of the trademark holder by Font Awesome, nor vice versa.

]]></wp:meta_value>
		</wp:postmeta>
		<wp:postmeta>
			<wp:meta_key>_dp_original</wp:meta_key>
			<wp:meta_value><![CDATA[911]]></wp:meta_value>
		</wp:postmeta>
		<wp:postmeta>
			<wp:meta_key>map_zoom</wp:meta_key>
			<wp:meta_value><![CDATA[13]]></wp:meta_value>
		</wp:postmeta>
		<wp:postmeta>
			<wp:meta_key>gallery_style</wp:meta_key>
			<wp:meta_value><![CDATA[grid]]></wp:meta_value>
		</wp:postmeta>
		<wp:postmeta>
			<wp:meta_key>map_lat</wp:meta_key>
			<wp:meta_value><![CDATA[48.871903]]></wp:meta_value>
		</wp:postmeta>
		<wp:postmeta>
			<wp:meta_key>map_lng</wp:meta_key>
			<wp:meta_value><![CDATA[2.303156]]></wp:meta_value>
		</wp:postmeta>
		<wp:postmeta>
			<wp:meta_key>video</wp:meta_key>
			<wp:meta_value><![CDATA[https://www.youtube.com/watch?v=AmZ0WrEaf34]]></wp:meta_value>
		</wp:postmeta>
		<wp:postmeta>
			<wp:meta_key>post_views_count</wp:meta_key>
			<wp:meta_value><![CDATA[]]></wp:meta_value>
		</wp:postmeta>
		<wp:postmeta>
			<wp:meta_key>min_price</wp:meta_key>
			<wp:meta_value><![CDATA[]]></wp:meta_value>
		</wp:postmeta>
		<wp:postmeta>
			<wp:meta_key>price</wp:meta_key>
			<wp:meta_value><![CDATA[750]]></wp:meta_value>
		</wp:postmeta>
		<wp:postmeta>
			<wp:meta_key>max_people</wp:meta_key>
			<wp:meta_value><![CDATA[6]]></wp:meta_value>
		</wp:postmeta>
		<wp:postmeta>
			<wp:meta_key>duration_day</wp:meta_key>
			<wp:meta_value><![CDATA[4]]></wp:meta_value>
		</wp:postmeta>
		<wp:postmeta>
			<wp:meta_key>address</wp:meta_key>
			<wp:meta_value><![CDATA[Champs-Elysées Paris France]]></wp:meta_value>
		</wp:postmeta>
		<wp:postmeta>
			<wp:meta_key>discount</wp:meta_key>
			<wp:meta_value><![CDATA[10]]></wp:meta_value>
		</wp:postmeta>
		<wp:postmeta>
			<wp:meta_key>price_sale</wp:meta_key>
			<wp:meta_value><![CDATA[675]]></wp:meta_value>
		</wp:postmeta>
		<wp:postmeta>
			<wp:meta_key>tours_program</wp:meta_key>
			<wp:meta_value><![CDATA[]]></wp:meta_value>
		</wp:postmeta>
		<wp:postmeta>
			<wp:meta_key>st_custom_layout</wp:meta_key>
			<wp:meta_value><![CDATA[1118]]></wp:meta_value>
		</wp:postmeta>
		<wp:postmeta>
			<wp:meta_key>is_sale_schedule</wp:meta_key>
			<wp:meta_value><![CDATA[off]]></wp:meta_value>
		</wp:postmeta>
		<wp:postmeta>
			<wp:meta_key>sale_price</wp:meta_key>
			<wp:meta_value><![CDATA[675]]></wp:meta_value>
		</wp:postmeta>
		<wp:comment>
			<wp:comment_id>103</wp:comment_id>
			<wp:comment_author><![CDATA[admin]]></wp:comment_author>
			<wp:comment_author_email>test@gmail.com</wp:comment_author_email>
			<wp:comment_author_url></wp:comment_author_url>
			<wp:comment_author_IP>14.162.137.210</wp:comment_author_IP>
			<wp:comment_date>2015-01-12 07:16:51</wp:comment_date>
			<wp:comment_date_gmt>2015-01-12 07:16:51</wp:comment_date_gmt>
			<wp:comment_content><![CDATA["Etiam ultrices sollicitudin at metus porttitor"

Rhoncus luctus imperdiet montes eu elit donec ullamcorper magnis nibh sociis sagittis vulputate eget nisl nullam tempor imperdiet hendrerit inceptos primis ridiculus litora Nec parturient non proin conubia eleifend nostra mi mauris nec accumsan placerat pretium est mattis mus dolor inceptos gravida vivamus ut nascetur dui facilisi id tellus habitasse habitasse mauris tortor lorem magnis scelerisque pulvinar sapien nascetur dui vulputate

Aliquam tristique dui quis ipsum hac risus nulla parturient etiam hendrerit pharetra venenatis magnis velit mauris auctor hac accumsan elementum dis potenti massa laoreet ante tristique tristique dolor suscipit ridiculus dapibus convallis fringilla pellentesque rutrum felis porta ipsum porttitor habitant penatibus

Iaculis integer feugiat litora imperdiet suscipit sociosqu sed scelerisque metus viverra ullamcorper libero himenaeos habitasse malesuada placerat tempor amet sapien habitasse ac orci malesuada sagittis eget enim sollicitudin sociosqu massa libero mus sodales felis habitasse sociosqu pellentesque nullam mollis ipsum nostra tristique condimentum massa nascetur consectetur ornare sit sollicitudin primis]]></wp:comment_content>
			<wp:comment_approved>1</wp:comment_approved>
			<wp:comment_type>st_reviews</wp:comment_type>
			<wp:comment_parent>0</wp:comment_parent>
			<wp:comment_user_id>0</wp:comment_user_id>
		</wp:comment>
	</item>
	<item>
		<title>Trip of a Lifetime - Mysteries of Peru</title>
		<link>http://shinetheme.com/demosd/traveler_demo/?st_tours=ligula</link>
		<pubDate>Mon, 29 Dec 2014 03:12:24 +0000</pubDate>
		<dc:creator><![CDATA[admin]]></dc:creator>
		<guid isPermaLink="false">http://shinetheme.com/demosd/traveler_demo/?post_type=st_tours&#038;p=916</guid>
		<description></description>
		<content:encoded><![CDATA[]]></content:encoded>
		<excerpt:encoded><![CDATA[Arius massa maecenas et id dictumst mattis. Donec fringilla ac parturient posuere id phasellus erat elementum nullam lacus cursus rhoncus parturient vitae praesent quisque nascetur molestie quis]]></excerpt:encoded>
		<wp:post_id>1031</wp:post_id>
		<wp:post_date>2014-12-29 03:12:24</wp:post_date>
		<wp:post_date_gmt>2014-12-29 03:12:24</wp:post_date_gmt>
		<wp:comment_status>open</wp:comment_status>
		<wp:ping_status>open</wp:ping_status>
		<wp:post_name>ligula</wp:post_name>
		<wp:status>publish</wp:status>
		<wp:post_parent>0</wp:post_parent>
		<wp:menu_order>0</wp:menu_order>
		<wp:post_type>st_tours</wp:post_type>
		<wp:post_password></wp:post_password>
		<wp:is_sticky>0</wp:is_sticky>
		<category domain="st_tour_type" nicename="ecotourism"><![CDATA[Ecotourism]]></category>
		<category domain="st_tour_type" nicename="group-tour"><![CDATA[Group Tour]]></category>
		<category domain="st_tour_type" nicename="hosted-tours"><![CDATA[Hosted tours]]></category>
		<category domain="st_tour_type" nicename="ligula"><![CDATA[Ligula]]></category>
		<wp:postmeta>
			<wp:meta_key>rate_review</wp:meta_key>
			<wp:meta_value><![CDATA[0]]></wp:meta_value>
		</wp:postmeta>
		<wp:postmeta>
			<wp:meta_key>sale_price</wp:meta_key>
			<wp:meta_value><![CDATA[]]></wp:meta_value>
		</wp:postmeta>
		<wp:postmeta>
			<wp:meta_key>rate_review</wp:meta_key>
			<wp:meta_value><![CDATA[0]]></wp:meta_value>
		</wp:postmeta>
		<wp:postmeta>
			<wp:meta_key>rate_review</wp:meta_key>
			<wp:meta_value><![CDATA[0]]></wp:meta_value>
		</wp:postmeta>
		<wp:postmeta>
			<wp:meta_key>rate_review</wp:meta_key>
			<wp:meta_value><![CDATA[0]]></wp:meta_value>
		</wp:postmeta>
		<wp:postmeta>
			<wp:meta_key>_thumbnail_id</wp:meta_key>
			<wp:meta_value><![CDATA[300]]></wp:meta_value>
		</wp:postmeta>
		<wp:postmeta>
			<wp:meta_key>is_featured</wp:meta_key>
			<wp:meta_value><![CDATA[off]]></wp:meta_value>
		</wp:postmeta>
		<wp:postmeta>
			<wp:meta_key>gallery_tyle</wp:meta_key>
			<wp:meta_value><![CDATA[grid]]></wp:meta_value>
		</wp:postmeta>
		<wp:postmeta>
			<wp:meta_key>id_location</wp:meta_key>
			<wp:meta_value><![CDATA[277]]></wp:meta_value>
		</wp:postmeta>
		<wp:postmeta>
			<wp:meta_key>gallery</wp:meta_key>
			<wp:meta_value><![CDATA[300,304,1548,1601,1595,1602,1547,1550,1549,1546,1545,1406,385,208,465,463]]></wp:meta_value>
		</wp:postmeta>
		<wp:postmeta>
			<wp:meta_key>contact_email</wp:meta_key>
			<wp:meta_value><![CDATA[abc@domain.com]]></wp:meta_value>
		</wp:postmeta>
		<wp:postmeta>
			<wp:meta_key>description</wp:meta_key>
			<wp:meta_value><![CDATA[All brand icons are trademarks of their respective owners.
The use of these trademarks does not indicate endorsement of the trademark holder by Font Awesome, nor vice versa.

]]></wp:meta_value>
		</wp:postmeta>
		<wp:postmeta>
			<wp:meta_key>_dp_original</wp:meta_key>
			<wp:meta_value><![CDATA[911]]></wp:meta_value>
		</wp:postmeta>
		<wp:postmeta>
			<wp:meta_key>post_views_count</wp:meta_key>
			<wp:meta_value><![CDATA[]]></wp:meta_value>
		</wp:postmeta>
		<wp:postmeta>
			<wp:meta_key>map_lat</wp:meta_key>
			<wp:meta_value><![CDATA[48.871903]]></wp:meta_value>
		</wp:postmeta>
		<wp:postmeta>
			<wp:meta_key>map_lng</wp:meta_key>
			<wp:meta_value><![CDATA[2.303156]]></wp:meta_value>
		</wp:postmeta>
		<wp:postmeta>
			<wp:meta_key>map_zoom</wp:meta_key>
			<wp:meta_value><![CDATA[13]]></wp:meta_value>
		</wp:postmeta>
		<wp:postmeta>
			<wp:meta_key>gallery_style</wp:meta_key>
			<wp:meta_value><![CDATA[grid]]></wp:meta_value>
		</wp:postmeta>
		<wp:postmeta>
			<wp:meta_key>min_price</wp:meta_key>
			<wp:meta_value><![CDATA[]]></wp:meta_value>
		</wp:postmeta>
		<wp:postmeta>
			<wp:meta_key>st_custom_layout</wp:meta_key>
			<wp:meta_value><![CDATA[1118]]></wp:meta_value>
		</wp:postmeta>
		<wp:postmeta>
			<wp:meta_key>price</wp:meta_key>
			<wp:meta_value><![CDATA[559]]></wp:meta_value>
		</wp:postmeta>
		<wp:postmeta>
			<wp:meta_key>max_people</wp:meta_key>
			<wp:meta_value><![CDATA[4]]></wp:meta_value>
		</wp:postmeta>
		<wp:postmeta>
			<wp:meta_key>duration_day</wp:meta_key>
			<wp:meta_value><![CDATA[5]]></wp:meta_value>
		</wp:postmeta>
		<wp:postmeta>
			<wp:meta_key>address</wp:meta_key>
			<wp:meta_value><![CDATA[Place Vendôme Paris]]></wp:meta_value>
		</wp:postmeta>
		<wp:postmeta>
			<wp:meta_key>tours_program</wp:meta_key>
			<wp:meta_value><![CDATA[a:4:{i:0;a:2:{s:5:"title";s:5:"Day 1";s:4:"desc";s:253:"Aenean eu leo quam pellentesque ornare. Sem lacinia quam venenatis vestibulum. Donec ullamcorper nulla non metus auctor fringilla. Integer posuere erat a ante venenatis dapibus posuere velit aliquet. Nullam quis risus eget urna mollis ornare vel eu leo.";}i:1;a:2:{s:5:"title";s:5:"Day 2";s:4:"desc";s:253:"Aenean eu leo quam pellentesque ornare. Sem lacinia quam venenatis vestibulum. Donec ullamcorper nulla non metus auctor fringilla. Integer posuere erat a ante venenatis dapibus posuere velit aliquet. Nullam quis risus eget urna mollis ornare vel eu leo.";}i:2;a:2:{s:5:"title";s:5:"Day 3";s:4:"desc";s:253:"Aenean eu leo quam pellentesque ornare. Sem lacinia quam venenatis vestibulum. Donec ullamcorper nulla non metus auctor fringilla. Integer posuere erat a ante venenatis dapibus posuere velit aliquet. Nullam quis risus eget urna mollis ornare vel eu leo.";}i:3;a:2:{s:5:"title";s:5:"Day 4";s:4:"desc";s:253:"Aenean eu leo quam pellentesque ornare. Sem lacinia quam venenatis vestibulum. Donec ullamcorper nulla non metus auctor fringilla. Integer posuere erat a ante venenatis dapibus posuere velit aliquet. Nullam quis risus eget urna mollis ornare vel eu leo.";}}]]></wp:meta_value>
		</wp:postmeta>
		<wp:postmeta>
			<wp:meta_key>video</wp:meta_key>
			<wp:meta_value><![CDATA[https://www.youtube.com/watch?v=lf4ZoAJsgnk]]></wp:meta_value>
		</wp:postmeta>
		<wp:postmeta>
			<wp:meta_key>_alp_processed</wp:meta_key>
			<wp:meta_value><![CDATA[1423025057]]></wp:meta_value>
		</wp:postmeta>
		<wp:postmeta>
			<wp:meta_key>check_in</wp:meta_key>
			<wp:meta_value><![CDATA[2015-02-04]]></wp:meta_value>
		</wp:postmeta>
		<wp:postmeta>
			<wp:meta_key>check_out</wp:meta_key>
			<wp:meta_value><![CDATA[2015-02-05]]></wp:meta_value>
		</wp:postmeta>
		<wp:postmeta>
			<wp:meta_key>is_sale_schedule</wp:meta_key>
			<wp:meta_value><![CDATA[on]]></wp:meta_value>
		</wp:postmeta>
		<wp:postmeta>
			<wp:meta_key>discount</wp:meta_key>
			<wp:meta_value><![CDATA[10]]></wp:meta_value>
		</wp:postmeta>
		<wp:postmeta>
			<wp:meta_key>price_sale</wp:meta_key>
			<wp:meta_value><![CDATA[503.1]]></wp:meta_value>
		</wp:postmeta>
		<wp:postmeta>
			<wp:meta_key>sale_price_from</wp:meta_key>
			<wp:meta_value><![CDATA[2015-02-20]]></wp:meta_value>
		</wp:postmeta>
		<wp:postmeta>
			<wp:meta_key>sale_price_to</wp:meta_key>
			<wp:meta_value><![CDATA[2015-02-21]]></wp:meta_value>
		</wp:postmeta>
		<wp:postmeta>
			<wp:meta_key>sale_price</wp:meta_key>
			<wp:meta_value><![CDATA[503.1]]></wp:meta_value>
		</wp:postmeta>
		<wp:comment>
			<wp:comment_id>104</wp:comment_id>
			<wp:comment_author><![CDATA[admin]]></wp:comment_author>
			<wp:comment_author_email>test@gmail.com</wp:comment_author_email>
			<wp:comment_author_url></wp:comment_author_url>
			<wp:comment_author_IP>14.162.137.210</wp:comment_author_IP>
			<wp:comment_date>2015-01-12 07:36:47</wp:comment_date>
			<wp:comment_date_gmt>2015-01-12 07:36:47</wp:comment_date_gmt>
			<wp:comment_content><![CDATA["Etiam ultrices sollicitudin at metus porttitor"

Rhoncus luctus imperdiet montes eu elit donec ullamcorper magnis nibh sociis sagittis vulputate eget nisl nullam tempor imperdiet hendrerit inceptos primis ridiculus litora Nec parturient non proin conubia eleifend nostra mi mauris nec accumsan placerat pretium est mattis mus dolor inceptos gravida vivamus ut nascetur dui facilisi id tellus habitasse habitasse mauris tortor lorem magnis scelerisque pulvinar sapien nascetur dui vulputate

Aliquam tristique dui quis ipsum hac risus nulla parturient etiam hendrerit pharetra venenatis magnis velit mauris auctor hac accumsan elementum dis potenti massa laoreet ante tristique tristique dolor suscipit ridiculus dapibus convallis fringilla pellentesque rutrum felis porta ipsum porttitor habitant penatibus

Iaculis integer feugiat litora imperdiet suscipit sociosqu sed scelerisque metus viverra ullamcorper libero himenaeos habitasse malesuada placerat tempor amet sapien habitasse ac orci malesuada sagittis eget enim sollicitudin sociosqu massa libero mus sodales felis habitasse sociosqu pellentesque nullam mollis ipsum nostra tristique condimentum massa nascetur consectetur ornare sit sollicitudin primis]]></wp:comment_content>
			<wp:comment_approved>1</wp:comment_approved>
			<wp:comment_type>st_reviews</wp:comment_type>
			<wp:comment_parent>0</wp:comment_parent>
			<wp:comment_user_id>0</wp:comment_user_id>
		</wp:comment>
	</item>
	<item>
		<title>Mont Saint Michel Day Trip</title>
		<link>http://shinetheme.com/demosd/traveler_demo/?st_tours=ligula-ultricies-permalink</link>
		<pubDate>Mon, 29 Dec 2014 03:12:35 +0000</pubDate>
		<dc:creator><![CDATA[admin]]></dc:creator>
		<guid isPermaLink="false">http://shinetheme.com/demosd/traveler_demo/?post_type=st_tours&#038;p=917</guid>
		<description></description>
		<content:encoded><![CDATA[]]></content:encoded>
		<excerpt:encoded><![CDATA[Excerpts are optional hand-crafted summaries of your content that can be used in your theme Varius massa maecenas et id dictumst mattis" Donec fringilla ac parturient posuere id phasellus erat elementum nullam lacus cursus rhoncus parturient vitae praesent quisque nascetur molestie quis]]></excerpt:encoded>
		<wp:post_id>1032</wp:post_id>
		<wp:post_date>2014-12-29 03:12:35</wp:post_date>
		<wp:post_date_gmt>2014-12-29 03:12:35</wp:post_date_gmt>
		<wp:comment_status>open</wp:comment_status>
		<wp:ping_status>open</wp:ping_status>
		<wp:post_name>ligula-ultricies-permalink</wp:post_name>
		<wp:status>publish</wp:status>
		<wp:post_parent>0</wp:post_parent>
		<wp:menu_order>0</wp:menu_order>
		<wp:post_type>st_tours</wp:post_type>
		<wp:post_password></wp:post_password>
		<wp:is_sticky>0</wp:is_sticky>
		<category domain="st_tour_type" nicename="ligula"><![CDATA[Ligula]]></category>
		<wp:postmeta>
			<wp:meta_key>rate_review</wp:meta_key>
			<wp:meta_value><![CDATA[0]]></wp:meta_value>
		</wp:postmeta>
		<wp:postmeta>
			<wp:meta_key>sale_price</wp:meta_key>
			<wp:meta_value><![CDATA[]]></wp:meta_value>
		</wp:postmeta>
		<wp:postmeta>
			<wp:meta_key>rate_review</wp:meta_key>
			<wp:meta_value><![CDATA[]]></wp:meta_value>
		</wp:postmeta>
		<wp:postmeta>
			<wp:meta_key>rate_review</wp:meta_key>
			<wp:meta_value><![CDATA[]]></wp:meta_value>
		</wp:postmeta>
		<wp:postmeta>
			<wp:meta_key>rate_review</wp:meta_key>
			<wp:meta_value><![CDATA[]]></wp:meta_value>
		</wp:postmeta>
		<wp:postmeta>
			<wp:meta_key>_thumbnail_id</wp:meta_key>
			<wp:meta_value><![CDATA[1548]]></wp:meta_value>
		</wp:postmeta>
		<wp:postmeta>
			<wp:meta_key>is_featured</wp:meta_key>
			<wp:meta_value><![CDATA[off]]></wp:meta_value>
		</wp:postmeta>
		<wp:postmeta>
			<wp:meta_key>gallery_tyle</wp:meta_key>
			<wp:meta_value><![CDATA[grid]]></wp:meta_value>
		</wp:postmeta>
		<wp:postmeta>
			<wp:meta_key>id_location</wp:meta_key>
			<wp:meta_value><![CDATA[287]]></wp:meta_value>
		</wp:postmeta>
		<wp:postmeta>
			<wp:meta_key>gallery</wp:meta_key>
			<wp:meta_value><![CDATA[1548,300,1595,1594,1550,1405,1404,1406,578,465,196,13]]></wp:meta_value>
		</wp:postmeta>
		<wp:postmeta>
			<wp:meta_key>contact_email</wp:meta_key>
			<wp:meta_value><![CDATA[abc@domain.com]]></wp:meta_value>
		</wp:postmeta>
		<wp:postmeta>
			<wp:meta_key>description</wp:meta_key>
			<wp:meta_value><![CDATA[All brand icons are trademarks of their respective owners.
The use of these trademarks does not indicate endorsement of the trademark holder by Font Awesome, nor vice versa.

]]></wp:meta_value>
		</wp:postmeta>
		<wp:postmeta>
			<wp:meta_key>_dp_original</wp:meta_key>
			<wp:meta_value><![CDATA[911]]></wp:meta_value>
		</wp:postmeta>
		<wp:postmeta>
			<wp:meta_key>st_custom_layout</wp:meta_key>
			<wp:meta_value><![CDATA[1114]]></wp:meta_value>
		</wp:postmeta>
		<wp:postmeta>
			<wp:meta_key>min_price</wp:meta_key>
			<wp:meta_value><![CDATA[]]></wp:meta_value>
		</wp:postmeta>
		<wp:postmeta>
			<wp:meta_key>total_sale_number</wp:meta_key>
			<wp:meta_value><![CDATA[]]></wp:meta_value>
		</wp:postmeta>
		<wp:postmeta>
			<wp:meta_key>tour_min_price</wp:meta_key>
			<wp:meta_value><![CDATA[5000]]></wp:meta_value>
		</wp:postmeta>
		<wp:postmeta>
			<wp:meta_key>post_views_count</wp:meta_key>
			<wp:meta_value><![CDATA[]]></wp:meta_value>
		</wp:postmeta>
		<wp:postmeta>
			<wp:meta_key>gallery_style</wp:meta_key>
			<wp:meta_value><![CDATA[grid]]></wp:meta_value>
		</wp:postmeta>
		<wp:postmeta>
			<wp:meta_key>map_lat</wp:meta_key>
			<wp:meta_value><![CDATA[48.871903]]></wp:meta_value>
		</wp:postmeta>
		<wp:postmeta>
			<wp:meta_key>map_lng</wp:meta_key>
			<wp:meta_value><![CDATA[2.337859]]></wp:meta_value>
		</wp:postmeta>
		<wp:postmeta>
			<wp:meta_key>map_zoom</wp:meta_key>
			<wp:meta_value><![CDATA[13]]></wp:meta_value>
		</wp:postmeta>
		<wp:postmeta>
			<wp:meta_key>video</wp:meta_key>
			<wp:meta_value><![CDATA[https://www.youtube.com/watch?v=dSnCo7XVWO8]]></wp:meta_value>
		</wp:postmeta>
		<wp:postmeta>
			<wp:meta_key>price</wp:meta_key>
			<wp:meta_value><![CDATA[680]]></wp:meta_value>
		</wp:postmeta>
		<wp:postmeta>
			<wp:meta_key>max_people</wp:meta_key>
			<wp:meta_value><![CDATA[610]]></wp:meta_value>
		</wp:postmeta>
		<wp:postmeta>
			<wp:meta_key>duration_day</wp:meta_key>
			<wp:meta_value><![CDATA[3]]></wp:meta_value>
		</wp:postmeta>
		<wp:postmeta>
			<wp:meta_key>address</wp:meta_key>
			<wp:meta_value><![CDATA[Champs-Elysées, Paris France]]></wp:meta_value>
		</wp:postmeta>
		<wp:postmeta>
			<wp:meta_key>discount</wp:meta_key>
			<wp:meta_value><![CDATA[10]]></wp:meta_value>
		</wp:postmeta>
		<wp:postmeta>
			<wp:meta_key>tours_program</wp:meta_key>
			<wp:meta_value><![CDATA[]]></wp:meta_value>
		</wp:postmeta>
		<wp:postmeta>
			<wp:meta_key>price_sale</wp:meta_key>
			<wp:meta_value><![CDATA[612]]></wp:meta_value>
		</wp:postmeta>
		<wp:postmeta>
			<wp:meta_key>is_sale_schedule</wp:meta_key>
			<wp:meta_value><![CDATA[off]]></wp:meta_value>
		</wp:postmeta>
		<wp:postmeta>
			<wp:meta_key>sale_price</wp:meta_key>
			<wp:meta_value><![CDATA[612]]></wp:meta_value>
		</wp:postmeta>
		<wp:comment>
			<wp:comment_id>105</wp:comment_id>
			<wp:comment_author><![CDATA[Đỗ Quang Quân]]></wp:comment_author>
			<wp:comment_author_email>doquangquan1993@gmail.com</wp:comment_author_email>
			<wp:comment_author_url></wp:comment_author_url>
			<wp:comment_author_IP>127.0.0.1</wp:comment_author_IP>
			<wp:comment_date>2014-12-29 09:44:13</wp:comment_date>
			<wp:comment_date_gmt>2014-12-29 09:44:13</wp:comment_date_gmt>
			<wp:comment_content><![CDATA["Etiam ultrices sollicitudin at metus porttitor"

Rhoncus luctus imperdiet montes eu elit donec ullamcorper magnis nibh sociis sagittis vulputate eget nisl nullam tempor imperdiet hendrerit inceptos primis ridiculus litora Nec parturient non proin conubia eleifend nostra mi mauris nec accumsan placerat pretium est mattis mus dolor inceptos gravida vivamus ut nascetur dui facilisi id tellus habitasse habitasse mauris tortor lorem magnis scelerisque pulvinar sapien nascetur dui vulputate

Aliquam tristique dui quis ipsum hac risus nulla parturient etiam hendrerit pharetra venenatis magnis velit mauris auctor hac accumsan elementum dis potenti massa laoreet ante tristique tristique dolor suscipit ridiculus dapibus convallis fringilla pellentesque rutrum felis porta ipsum porttitor habitant penatibus

Iaculis integer feugiat litora imperdiet suscipit sociosqu sed scelerisque metus viverra ullamcorper libero himenaeos habitasse malesuada placerat tempor amet sapien habitasse ac orci malesuada sagittis eget enim sollicitudin sociosqu massa libero mus sodales felis habitasse sociosqu pellentesque nullam mollis ipsum nostra tristique condimentum massa nascetur consectetur ornare sit sollicitudin primis]]></wp:comment_content>
			<wp:comment_approved>1</wp:comment_approved>
			<wp:comment_type></wp:comment_type>
			<wp:comment_parent>0</wp:comment_parent>
			<wp:comment_user_id>0</wp:comment_user_id>
			<wp:commentmeta>
				<wp:meta_key>comment_title</wp:meta_key>
				<wp:meta_value><![CDATA[xx]]></wp:meta_value>
			</wp:commentmeta>
			<wp:commentmeta>
				<wp:meta_key>comment_rate</wp:meta_key>
				<wp:meta_value><![CDATA[5]]></wp:meta_value>
			</wp:commentmeta>
			<wp:commentmeta>
				<wp:meta_key>_user_IP</wp:meta_key>
				<wp:meta_value><![CDATA[a:1:{s:16:"ip-14.162.131.81";s:13:"14.162.131.81";}]]></wp:meta_value>
			</wp:commentmeta>
			<wp:commentmeta>
				<wp:meta_key>_comment_like_count</wp:meta_key>
				<wp:meta_value><![CDATA[2]]></wp:meta_value>
			</wp:commentmeta>
			<wp:commentmeta>
				<wp:meta_key>_user_liked</wp:meta_key>
				<wp:meta_value><![CDATA[a:1:{s:6:"user-1";i:1;}]]></wp:meta_value>
			</wp:commentmeta>
		</wp:comment>
		<wp:comment>
			<wp:comment_id>106</wp:comment_id>
			<wp:comment_author><![CDATA[admin]]></wp:comment_author>
			<wp:comment_author_email>test@gmail.com</wp:comment_author_email>
			<wp:comment_author_url></wp:comment_author_url>
			<wp:comment_author_IP>14.162.137.210</wp:comment_author_IP>
			<wp:comment_date>2015-01-12 07:19:39</wp:comment_date>
			<wp:comment_date_gmt>2015-01-12 07:19:39</wp:comment_date_gmt>
			<wp:comment_content><![CDATA[Excerpts are optional hand-crafted summaries of your content that can be used in your theme Varius massa maecenas et id dictumst mattis" Donec fringilla ac parturient posuere id phasellus erat elementum nullam lacus cursus rhoncus parturient vitae praesent quisque nascetur molestie quis]]></wp:comment_content>
			<wp:comment_approved>1</wp:comment_approved>
			<wp:comment_type>st_reviews</wp:comment_type>
			<wp:comment_parent>0</wp:comment_parent>
			<wp:comment_user_id>0</wp:comment_user_id>
		</wp:comment>
	</item>
	<item>
		<title>Family Europe: London to Florence in 10 Days</title>
		<link>http://shinetheme.com/demosd/traveler_demo/?st_tours=family-europe-london-to-florence-in-10-days</link>
		<pubDate>Mon, 12 Jan 2015 08:21:16 +0000</pubDate>
		<dc:creator><![CDATA[admin]]></dc:creator>
		<guid isPermaLink="false">http://traveler.shinethemedev.com/wordpress/?post_type=st_tours&#038;p=1610</guid>
		<description></description>
		<content:encoded><![CDATA[]]></content:encoded>
		<excerpt:encoded><![CDATA[Varius massa maecenas et id dictumst mattis. Donec fringilla ac parturient posuere id phasellus erat elementum nullam lacus cursus rhoncus parturient vitae praesent quisque nascetur molestie quis]]></excerpt:encoded>
		<wp:post_id>1610</wp:post_id>
		<wp:post_date>2015-01-12 08:21:16</wp:post_date>
		<wp:post_date_gmt>2015-01-12 08:21:16</wp:post_date_gmt>
		<wp:comment_status>open</wp:comment_status>
		<wp:ping_status>open</wp:ping_status>
		<wp:post_name>family-europe-london-to-florence-in-10-days</wp:post_name>
		<wp:status>publish</wp:status>
		<wp:post_parent>0</wp:post_parent>
		<wp:menu_order>0</wp:menu_order>
		<wp:post_type>st_tours</wp:post_type>
		<wp:post_password></wp:post_password>
		<wp:is_sticky>0</wp:is_sticky>
		<category domain="st_tour_type" nicename="city-trips"><![CDATA[City trips]]></category>
		<category domain="st_tour_type" nicename="ecotourism"><![CDATA[Ecotourism]]></category>
		<category domain="st_tour_type" nicename="escorted-tour"><![CDATA[Escorted Tour]]></category>
		<category domain="st_tour_type" nicename="group-tour"><![CDATA[Group Tour]]></category>
		<category domain="st_tour_type" nicename="ligula"><![CDATA[Ligula]]></category>
		<wp:postmeta>
			<wp:meta_key>rate_review</wp:meta_key>
			<wp:meta_value><![CDATA[0]]></wp:meta_value>
		</wp:postmeta>
		<wp:postmeta>
			<wp:meta_key>sale_price</wp:meta_key>
			<wp:meta_value><![CDATA[]]></wp:meta_value>
		</wp:postmeta>
		<wp:postmeta>
			<wp:meta_key>rate_review</wp:meta_key>
			<wp:meta_value><![CDATA[]]></wp:meta_value>
		</wp:postmeta>
		<wp:postmeta>
			<wp:meta_key>rate_review</wp:meta_key>
			<wp:meta_value><![CDATA[]]></wp:meta_value>
		</wp:postmeta>
		<wp:postmeta>
			<wp:meta_key>rate_review</wp:meta_key>
			<wp:meta_value><![CDATA[]]></wp:meta_value>
		</wp:postmeta>
		<wp:postmeta>
			<wp:meta_key>_thumbnail_id</wp:meta_key>
			<wp:meta_value><![CDATA[1594]]></wp:meta_value>
		</wp:postmeta>
		<wp:postmeta>
			<wp:meta_key>is_featured</wp:meta_key>
			<wp:meta_value><![CDATA[off]]></wp:meta_value>
		</wp:postmeta>
		<wp:postmeta>
			<wp:meta_key>gallery_tyle</wp:meta_key>
			<wp:meta_value><![CDATA[grid]]></wp:meta_value>
		</wp:postmeta>
		<wp:postmeta>
			<wp:meta_key>id_location</wp:meta_key>
			<wp:meta_value><![CDATA[287]]></wp:meta_value>
		</wp:postmeta>
		<wp:postmeta>
			<wp:meta_key>gallery</wp:meta_key>
			<wp:meta_value><![CDATA[1602,1601,1595,1594,1549,11,1546,301,1406,1404,465,196,300,1550,1405,1548]]></wp:meta_value>
		</wp:postmeta>
		<wp:postmeta>
			<wp:meta_key>contact_email</wp:meta_key>
			<wp:meta_value><![CDATA[abc@domain.com]]></wp:meta_value>
		</wp:postmeta>
		<wp:postmeta>
			<wp:meta_key>description</wp:meta_key>
			<wp:meta_value><![CDATA[All brand icons are trademarks of their respective owners.
The use of these trademarks does not indicate endorsement of the trademark holder by Font Awesome, nor vice versa.

]]></wp:meta_value>
		</wp:postmeta>
		<wp:postmeta>
			<wp:meta_key>post_views_count</wp:meta_key>
			<wp:meta_value><![CDATA[]]></wp:meta_value>
		</wp:postmeta>
		<wp:postmeta>
			<wp:meta_key>tour_min_price</wp:meta_key>
			<wp:meta_value><![CDATA[500]]></wp:meta_value>
		</wp:postmeta>
		<wp:postmeta>
			<wp:meta_key>min_price</wp:meta_key>
			<wp:meta_value><![CDATA[]]></wp:meta_value>
		</wp:postmeta>
		<wp:postmeta>
			<wp:meta_key>map_zoom</wp:meta_key>
			<wp:meta_value><![CDATA[13]]></wp:meta_value>
		</wp:postmeta>
		<wp:postmeta>
			<wp:meta_key>video</wp:meta_key>
			<wp:meta_value><![CDATA[https://www.youtube.com/watch?v=AmZ0WrEaf34]]></wp:meta_value>
		</wp:postmeta>
		<wp:postmeta>
			<wp:meta_key>gallery_style</wp:meta_key>
			<wp:meta_value><![CDATA[grid]]></wp:meta_value>
		</wp:postmeta>
		<wp:postmeta>
			<wp:meta_key>price</wp:meta_key>
			<wp:meta_value><![CDATA[1,126]]></wp:meta_value>
		</wp:postmeta>
		<wp:postmeta>
			<wp:meta_key>max_people</wp:meta_key>
			<wp:meta_value><![CDATA[10]]></wp:meta_value>
		</wp:postmeta>
		<wp:postmeta>
			<wp:meta_key>duration_day</wp:meta_key>
			<wp:meta_value><![CDATA[10]]></wp:meta_value>
		</wp:postmeta>
		<wp:postmeta>
			<wp:meta_key>address</wp:meta_key>
			<wp:meta_value><![CDATA[Champs-Elysées, Paris France]]></wp:meta_value>
		</wp:postmeta>
		<wp:postmeta>
			<wp:meta_key>map_lat</wp:meta_key>
			<wp:meta_value><![CDATA[48.871903]]></wp:meta_value>
		</wp:postmeta>
		<wp:postmeta>
			<wp:meta_key>map_lng</wp:meta_key>
			<wp:meta_value><![CDATA[2.303156]]></wp:meta_value>
		</wp:postmeta>
		<wp:postmeta>
			<wp:meta_key>tours_program</wp:meta_key>
			<wp:meta_value><![CDATA[]]></wp:meta_value>
		</wp:postmeta>
		<wp:postmeta>
			<wp:meta_key>_dp_original</wp:meta_key>
			<wp:meta_value><![CDATA[1028]]></wp:meta_value>
		</wp:postmeta>
		<wp:postmeta>
			<wp:meta_key>st_custom_layout</wp:meta_key>
			<wp:meta_value><![CDATA[1118]]></wp:meta_value>
		</wp:postmeta>
		<wp:postmeta>
			<wp:meta_key>is_sale_schedule</wp:meta_key>
			<wp:meta_value><![CDATA[off]]></wp:meta_value>
		</wp:postmeta>
		<wp:postmeta>
			<wp:meta_key>sale_price</wp:meta_key>
			<wp:meta_value><![CDATA[1,126]]></wp:meta_value>
		</wp:postmeta>
		<wp:comment>
			<wp:comment_id>107</wp:comment_id>
			<wp:comment_author><![CDATA[admin]]></wp:comment_author>
			<wp:comment_author_email>test@gmail.com</wp:comment_author_email>
			<wp:comment_author_url></wp:comment_author_url>
			<wp:comment_author_IP>14.162.137.210</wp:comment_author_IP>
			<wp:comment_date>2015-01-12 08:32:26</wp:comment_date>
			<wp:comment_date_gmt>2015-01-12 08:32:26</wp:comment_date_gmt>
			<wp:comment_content><![CDATA["Litora sollicitudin eu aliquam ac nam venenatis"

Lorem sollicitudin etiam lacus posuere fusce ligula risus vel felis augue nisl urna convallis nisi volutpat taciti nulla volutpat montes litora cras primis habitasse vel mattis ridiculus accumsan ante commodo nisi nostra vitae pulvinar diam quis lectus risus vestibulum Metus per aptent varius mauris imperdiet ullamcorper natoque sociis scelerisque dolor sit aptent odio eros diam euismod congue ut nec consequat varius natoque mattis orci habitant accumsan vehicula libero ante nibh habitant orci eros cursus placerat sem potenti auctor lacinia amet non curae mollis varius phasellus rhoncus magna nibh cras pulvinar erat nisi porttitor

Justo facilisis amet nibh parturient nibh mi molestie rutrum nisl cras primis parturient facilisis luctus ullamcorper non cum odio facilisis magna consequat dolor nisi orci placerat etiam amet

Ullamcorper sem libero gravida orci venenatis senectus praesent per consectetur vitae torquent habitant proin accumsan augue mauris sagittis mauris volutpat mauris quam nisi suspendisse dis neque sociosqu inceptos tortor quis fusce senectus litora elementum phasellus suspendisse elementum malesuada vestibulum praesent at mauris scelerisque conubia euismod purus erat facilisi quam curae ut varius scelerisque egestas ut facilisi]]></wp:comment_content>
			<wp:comment_approved>1</wp:comment_approved>
			<wp:comment_type>st_reviews</wp:comment_type>
			<wp:comment_parent>0</wp:comment_parent>
			<wp:comment_user_id>0</wp:comment_user_id>
		</wp:comment>
	</item>
	<item>
		<title>3-Day Loire Mer Extraordinaire</title>
		<link>http://shinetheme.com/demosd/traveler_demo/?st_tours=3-day-loire-mer-extraordinaire</link>
		<pubDate>Mon, 12 Jan 2015 08:31:10 +0000</pubDate>
		<dc:creator><![CDATA[admin]]></dc:creator>
		<guid isPermaLink="false">http://traveler.shinethemedev.com/wordpress/?post_type=st_tours&#038;p=1611</guid>
		<description></description>
		<content:encoded><![CDATA[]]></content:encoded>
		<excerpt:encoded><![CDATA[Varius massa maecenas et id dictumst mattis" Donec fringilla ac parturient posuere id phasellus erat elementum nullam lacus cursus rhoncus parturient vitae praesent quisque nascetur molestie quis quis Varius massa maecenas et id dictumst mattis" Donec fringilla ac parturient posuere id phasellus erat elementum nullam lacus cursus rhoncus parturient vitae praesent quisque nascetur molestie quis]]></excerpt:encoded>
		<wp:post_id>1611</wp:post_id>
		<wp:post_date>2015-01-12 08:31:10</wp:post_date>
		<wp:post_date_gmt>2015-01-12 08:31:10</wp:post_date_gmt>
		<wp:comment_status>open</wp:comment_status>
		<wp:ping_status>open</wp:ping_status>
		<wp:post_name>3-day-loire-mer-extraordinaire</wp:post_name>
		<wp:status>publish</wp:status>
		<wp:post_parent>0</wp:post_parent>
		<wp:menu_order>0</wp:menu_order>
		<wp:post_type>st_tours</wp:post_type>
		<wp:post_password></wp:post_password>
		<wp:is_sticky>0</wp:is_sticky>
		<category domain="st_tour_type" nicename="city-trips"><![CDATA[City trips]]></category>
		<category domain="st_tour_type" nicename="escorted-tour"><![CDATA[Escorted Tour]]></category>
		<category domain="st_tour_type" nicename="group-tour"><![CDATA[Group Tour]]></category>
		<category domain="st_tour_type" nicename="hosted-tours"><![CDATA[Hosted tours]]></category>
		<category domain="st_tour_type" nicename="ligula"><![CDATA[Ligula]]></category>
		<wp:postmeta>
			<wp:meta_key>rate_review</wp:meta_key>
			<wp:meta_value><![CDATA[0]]></wp:meta_value>
		</wp:postmeta>
		<wp:postmeta>
			<wp:meta_key>sale_price</wp:meta_key>
			<wp:meta_value><![CDATA[]]></wp:meta_value>
		</wp:postmeta>
		<wp:postmeta>
			<wp:meta_key>rate_review</wp:meta_key>
			<wp:meta_value><![CDATA[]]></wp:meta_value>
		</wp:postmeta>
		<wp:postmeta>
			<wp:meta_key>rate_review</wp:meta_key>
			<wp:meta_value><![CDATA[]]></wp:meta_value>
		</wp:postmeta>
		<wp:postmeta>
			<wp:meta_key>rate_review</wp:meta_key>
			<wp:meta_value><![CDATA[]]></wp:meta_value>
		</wp:postmeta>
		<wp:postmeta>
			<wp:meta_key>rate_review</wp:meta_key>
			<wp:meta_value><![CDATA[]]></wp:meta_value>
		</wp:postmeta>
		<wp:postmeta>
			<wp:meta_key>_thumbnail_id</wp:meta_key>
			<wp:meta_value><![CDATA[1595]]></wp:meta_value>
		</wp:postmeta>
		<wp:postmeta>
			<wp:meta_key>is_featured</wp:meta_key>
			<wp:meta_value><![CDATA[off]]></wp:meta_value>
		</wp:postmeta>
		<wp:postmeta>
			<wp:meta_key>gallery_tyle</wp:meta_key>
			<wp:meta_value><![CDATA[grid]]></wp:meta_value>
		</wp:postmeta>
		<wp:postmeta>
			<wp:meta_key>id_location</wp:meta_key>
			<wp:meta_value><![CDATA[287]]></wp:meta_value>
		</wp:postmeta>
		<wp:postmeta>
			<wp:meta_key>gallery</wp:meta_key>
			<wp:meta_value><![CDATA[578,1546,1549,1550,465,1548,1547,1545,1406,1405,1404,358,616,1602,385,1601]]></wp:meta_value>
		</wp:postmeta>
		<wp:postmeta>
			<wp:meta_key>contact_email</wp:meta_key>
			<wp:meta_value><![CDATA[abc@domain.com]]></wp:meta_value>
		</wp:postmeta>
		<wp:postmeta>
			<wp:meta_key>description</wp:meta_key>
			<wp:meta_value><![CDATA[All brand icons are trademarks of their respective owners.
The use of these trademarks does not indicate endorsement of the trademark holder by Font Awesome, nor vice versa.

]]></wp:meta_value>
		</wp:postmeta>
		<wp:postmeta>
			<wp:meta_key>map_zoom</wp:meta_key>
			<wp:meta_value><![CDATA[13]]></wp:meta_value>
		</wp:postmeta>
		<wp:postmeta>
			<wp:meta_key>gallery_style</wp:meta_key>
			<wp:meta_value><![CDATA[grid]]></wp:meta_value>
		</wp:postmeta>
		<wp:postmeta>
			<wp:meta_key>map_lat</wp:meta_key>
			<wp:meta_value><![CDATA[48.871903]]></wp:meta_value>
		</wp:postmeta>
		<wp:postmeta>
			<wp:meta_key>map_lng</wp:meta_key>
			<wp:meta_value><![CDATA[2.303156]]></wp:meta_value>
		</wp:postmeta>
		<wp:postmeta>
			<wp:meta_key>video</wp:meta_key>
			<wp:meta_value><![CDATA[https://www.youtube.com/watch?v=AmZ0WrEaf34]]></wp:meta_value>
		</wp:postmeta>
		<wp:postmeta>
			<wp:meta_key>post_views_count</wp:meta_key>
			<wp:meta_value><![CDATA[]]></wp:meta_value>
		</wp:postmeta>
		<wp:postmeta>
			<wp:meta_key>min_price</wp:meta_key>
			<wp:meta_value><![CDATA[]]></wp:meta_value>
		</wp:postmeta>
		<wp:postmeta>
			<wp:meta_key>price</wp:meta_key>
			<wp:meta_value><![CDATA[580]]></wp:meta_value>
		</wp:postmeta>
		<wp:postmeta>
			<wp:meta_key>max_people</wp:meta_key>
			<wp:meta_value><![CDATA[6]]></wp:meta_value>
		</wp:postmeta>
		<wp:postmeta>
			<wp:meta_key>duration_day</wp:meta_key>
			<wp:meta_value><![CDATA[3]]></wp:meta_value>
		</wp:postmeta>
		<wp:postmeta>
			<wp:meta_key>address</wp:meta_key>
			<wp:meta_value><![CDATA[Champs-Elysées, 8ème 5 rue de Berri 75008 Paris France]]></wp:meta_value>
		</wp:postmeta>
		<wp:postmeta>
			<wp:meta_key>discount</wp:meta_key>
			<wp:meta_value><![CDATA[10]]></wp:meta_value>
		</wp:postmeta>
		<wp:postmeta>
			<wp:meta_key>price_sale</wp:meta_key>
			<wp:meta_value><![CDATA[522]]></wp:meta_value>
		</wp:postmeta>
		<wp:postmeta>
			<wp:meta_key>tours_program</wp:meta_key>
			<wp:meta_value><![CDATA[]]></wp:meta_value>
		</wp:postmeta>
		<wp:postmeta>
			<wp:meta_key>_dp_original</wp:meta_key>
			<wp:meta_value><![CDATA[1030]]></wp:meta_value>
		</wp:postmeta>
		<wp:postmeta>
			<wp:meta_key>st_custom_layout</wp:meta_key>
			<wp:meta_value><![CDATA[4542]]></wp:meta_value>
		</wp:postmeta>
		<wp:postmeta>
			<wp:meta_key>is_sale_schedule</wp:meta_key>
			<wp:meta_value><![CDATA[off]]></wp:meta_value>
		</wp:postmeta>
		<wp:postmeta>
			<wp:meta_key>_alp_processed</wp:meta_key>
			<wp:meta_value><![CDATA[1423032309]]></wp:meta_value>
		</wp:postmeta>
		<wp:postmeta>
			<wp:meta_key>sale_price</wp:meta_key>
			<wp:meta_value><![CDATA[522]]></wp:meta_value>
		</wp:postmeta>
		<wp:comment>
			<wp:comment_id>108</wp:comment_id>
			<wp:comment_author><![CDATA[admin]]></wp:comment_author>
			<wp:comment_author_email>test@gmail.com</wp:comment_author_email>
			<wp:comment_author_url></wp:comment_author_url>
			<wp:comment_author_IP>14.162.137.210</wp:comment_author_IP>
			<wp:comment_date>2015-01-12 08:32:48</wp:comment_date>
			<wp:comment_date_gmt>2015-01-12 08:32:48</wp:comment_date_gmt>
			<wp:comment_content><![CDATA["Mus mauris vel tristique"

Nascetur mollis aptent mollis ullamcorper vestibulum eget nulla laoreet rhoncus arcu tempus luctus interdum parturient metus torquent taciti nibh etiam ac nibh vivamus hac Phasellus nec inceptos luctus elit et vehicula tellus mus parturient egestas elementum vehicula dignissim felis sem est suscipit senectus facilisis suspendisse condimentum sociosqu urna nascetur ullamcorper vehicula justo primis quis enim vivamus dis nisi gravida fusce

Faucibus tristique felis potenti ultrices ornare rhoncus semper hac facilisi rutrum tellus lorem sem velit nisi non pharetra in dui nostra sodales pharetra lacus sit sapien tristique luctus class magnis per auctor quis interdum arcu lacus parturient mattis phasellus est cubilia est

Nulla sed aptent ornare lobortis rhoncus pulvinar consectetur feugiat hendrerit aliquet ornare rutrum fermentum facilisis posuere urna suscipit hac est hendrerit phasellus natoque sapien dictumst adipiscing rhoncus erat vitae nibh facilisis consequat sociis nulla accumsan hac habitasse sem elementum laoreet nunc inceptos sociosqu]]></wp:comment_content>
			<wp:comment_approved>1</wp:comment_approved>
			<wp:comment_type>st_reviews</wp:comment_type>
			<wp:comment_parent>0</wp:comment_parent>
			<wp:comment_user_id>0</wp:comment_user_id>
		</wp:comment>
	</item>
	<item>
		<title>River Cruise Tour on the Seine</title>
		<link>http://shinetheme.com/demosd/traveler_demo/?st_tours=river-cruise-tour-on-the-seine</link>
		<pubDate>Mon, 12 Jan 2015 08:29:48 +0000</pubDate>
		<dc:creator><![CDATA[admin]]></dc:creator>
		<guid isPermaLink="false">http://traveler.shinethemedev.com/wordpress/?post_type=st_tours&#038;p=1612</guid>
		<description></description>
		<content:encoded><![CDATA[]]></content:encoded>
		<excerpt:encoded><![CDATA[Varius massa maecenas et id dictumst mattis. Donec fringilla ac parturient posuere id phasellus erat elementum nullam lacus cursus rhoncus parturient vitae praesent quisque nascetur molestie quis]]></excerpt:encoded>
		<wp:post_id>1612</wp:post_id>
		<wp:post_date>2015-01-12 08:29:48</wp:post_date>
		<wp:post_date_gmt>2015-01-12 08:29:48</wp:post_date_gmt>
		<wp:comment_status>open</wp:comment_status>
		<wp:ping_status>open</wp:ping_status>
		<wp:post_name>river-cruise-tour-on-the-seine</wp:post_name>
		<wp:status>publish</wp:status>
		<wp:post_parent>0</wp:post_parent>
		<wp:menu_order>0</wp:menu_order>
		<wp:post_type>st_tours</wp:post_type>
		<wp:post_password></wp:post_password>
		<wp:is_sticky>0</wp:is_sticky>
		<category domain="st_tour_type" nicename="city-trips"><![CDATA[City trips]]></category>
		<category domain="st_tour_type" nicename="escorted-tour"><![CDATA[Escorted Tour]]></category>
		<category domain="st_tour_type" nicename="group-tour"><![CDATA[Group Tour]]></category>
		<category domain="st_tour_type" nicename="hosted-tours"><![CDATA[Hosted tours]]></category>
		<category domain="st_tour_type" nicename="ligula"><![CDATA[Ligula]]></category>
		<wp:postmeta>
			<wp:meta_key>rate_review</wp:meta_key>
			<wp:meta_value><![CDATA[0]]></wp:meta_value>
		</wp:postmeta>
		<wp:postmeta>
			<wp:meta_key>sale_price</wp:meta_key>
			<wp:meta_value><![CDATA[]]></wp:meta_value>
		</wp:postmeta>
		<wp:postmeta>
			<wp:meta_key>rate_review</wp:meta_key>
			<wp:meta_value><![CDATA[]]></wp:meta_value>
		</wp:postmeta>
		<wp:postmeta>
			<wp:meta_key>rate_review</wp:meta_key>
			<wp:meta_value><![CDATA[]]></wp:meta_value>
		</wp:postmeta>
		<wp:postmeta>
			<wp:meta_key>rate_review</wp:meta_key>
			<wp:meta_value><![CDATA[]]></wp:meta_value>
		</wp:postmeta>
		<wp:postmeta>
			<wp:meta_key>rate_review</wp:meta_key>
			<wp:meta_value><![CDATA[]]></wp:meta_value>
		</wp:postmeta>
		<wp:postmeta>
			<wp:meta_key>_thumbnail_id</wp:meta_key>
			<wp:meta_value><![CDATA[1601]]></wp:meta_value>
		</wp:postmeta>
		<wp:postmeta>
			<wp:meta_key>is_featured</wp:meta_key>
			<wp:meta_value><![CDATA[off]]></wp:meta_value>
		</wp:postmeta>
		<wp:postmeta>
			<wp:meta_key>gallery_tyle</wp:meta_key>
			<wp:meta_value><![CDATA[grid]]></wp:meta_value>
		</wp:postmeta>
		<wp:postmeta>
			<wp:meta_key>id_location</wp:meta_key>
			<wp:meta_value><![CDATA[287]]></wp:meta_value>
		</wp:postmeta>
		<wp:postmeta>
			<wp:meta_key>gallery</wp:meta_key>
			<wp:meta_value><![CDATA[1595,1601,1594,1602,1605,1550,1549,1546,1406,1404,946,578]]></wp:meta_value>
		</wp:postmeta>
		<wp:postmeta>
			<wp:meta_key>contact_email</wp:meta_key>
			<wp:meta_value><![CDATA[abc@domain.com]]></wp:meta_value>
		</wp:postmeta>
		<wp:postmeta>
			<wp:meta_key>description</wp:meta_key>
			<wp:meta_value><![CDATA[All brand icons are trademarks of their respective owners.
The use of these trademarks does not indicate endorsement of the trademark holder by Font Awesome, nor vice versa.

]]></wp:meta_value>
		</wp:postmeta>
		<wp:postmeta>
			<wp:meta_key>map_zoom</wp:meta_key>
			<wp:meta_value><![CDATA[13]]></wp:meta_value>
		</wp:postmeta>
		<wp:postmeta>
			<wp:meta_key>gallery_style</wp:meta_key>
			<wp:meta_value><![CDATA[grid]]></wp:meta_value>
		</wp:postmeta>
		<wp:postmeta>
			<wp:meta_key>map_lat</wp:meta_key>
			<wp:meta_value><![CDATA[48.871903]]></wp:meta_value>
		</wp:postmeta>
		<wp:postmeta>
			<wp:meta_key>map_lng</wp:meta_key>
			<wp:meta_value><![CDATA[2.303156]]></wp:meta_value>
		</wp:postmeta>
		<wp:postmeta>
			<wp:meta_key>video</wp:meta_key>
			<wp:meta_value><![CDATA[https://www.youtube.com/watch?v=dSnCo7XVWO8]]></wp:meta_value>
		</wp:postmeta>
		<wp:postmeta>
			<wp:meta_key>min_price</wp:meta_key>
			<wp:meta_value><![CDATA[]]></wp:meta_value>
		</wp:postmeta>
		<wp:postmeta>
			<wp:meta_key>post_views_count</wp:meta_key>
			<wp:meta_value><![CDATA[]]></wp:meta_value>
		</wp:postmeta>
		<wp:postmeta>
			<wp:meta_key>price</wp:meta_key>
			<wp:meta_value><![CDATA[470]]></wp:meta_value>
		</wp:postmeta>
		<wp:postmeta>
			<wp:meta_key>max_people</wp:meta_key>
			<wp:meta_value><![CDATA[4]]></wp:meta_value>
		</wp:postmeta>
		<wp:postmeta>
			<wp:meta_key>duration_day</wp:meta_key>
			<wp:meta_value><![CDATA[3]]></wp:meta_value>
		</wp:postmeta>
		<wp:postmeta>
			<wp:meta_key>address</wp:meta_key>
			<wp:meta_value><![CDATA[Champs-Elysée, Paris France]]></wp:meta_value>
		</wp:postmeta>
		<wp:postmeta>
			<wp:meta_key>tours_program</wp:meta_key>
			<wp:meta_value><![CDATA[a:5:{i:0;a:2:{s:5:"title";s:15:"Transportation ";s:4:"desc";s:45:"Air, sea, road, rail etc to/from destination ";}i:1;a:2:{s:5:"title";s:13:"Accommodation";s:4:"desc";s:31:"Hotels, guest houses, cottages.";}i:2;a:2:{s:5:"title";s:6:"Meals ";s:4:"desc";s:36:"Breakfast, half board and full board";}i:3;a:2:{s:5:"title";s:23:"Supplementary services ";s:4:"desc";s:42:"events, city sight seeing, theme evenings.";}i:4;a:2:{s:5:"title";s:9:"Insurance";s:4:"desc";s:28:"and other ancillary service.";}}]]></wp:meta_value>
		</wp:postmeta>
		<wp:postmeta>
			<wp:meta_key>_dp_original</wp:meta_key>
			<wp:meta_value><![CDATA[1029]]></wp:meta_value>
		</wp:postmeta>
		<wp:postmeta>
			<wp:meta_key>st_custom_layout</wp:meta_key>
			<wp:meta_value><![CDATA[1118]]></wp:meta_value>
		</wp:postmeta>
		<wp:postmeta>
			<wp:meta_key>is_sale_schedule</wp:meta_key>
			<wp:meta_value><![CDATA[off]]></wp:meta_value>
		</wp:postmeta>
		<wp:postmeta>
			<wp:meta_key>sale_price</wp:meta_key>
			<wp:meta_value><![CDATA[470]]></wp:meta_value>
		</wp:postmeta>
		<wp:comment>
			<wp:comment_id>109</wp:comment_id>
			<wp:comment_author><![CDATA[admin]]></wp:comment_author>
			<wp:comment_author_email>test@gmail.com</wp:comment_author_email>
			<wp:comment_author_url></wp:comment_author_url>
			<wp:comment_author_IP>14.162.137.210</wp:comment_author_IP>
			<wp:comment_date>2015-01-12 08:33:07</wp:comment_date>
			<wp:comment_date_gmt>2015-01-12 08:33:07</wp:comment_date_gmt>
			<wp:comment_content><![CDATA["Litora sollicitudin eu aliquam ac nam venenatis"

Lorem sollicitudin etiam lacus posuere fusce ligula risus vel felis augue nisl urna convallis nisi volutpat taciti nulla volutpat montes litora cras primis habitasse vel mattis ridiculus accumsan ante commodo nisi nostra vitae pulvinar diam quis lectus risus vestibulum Metus per aptent varius mauris imperdiet ullamcorper natoque sociis scelerisque dolor sit aptent odio eros diam euismod congue ut nec consequat varius natoque mattis orci habitant accumsan vehicula libero ante nibh habitant orci eros cursus placerat sem potenti auctor lacinia amet non curae mollis varius phasellus rhoncus magna nibh cras pulvinar erat nisi porttitor

Justo facilisis amet nibh parturient nibh mi molestie rutrum nisl cras primis parturient facilisis luctus ullamcorper non cum odio facilisis magna consequat dolor nisi orci placerat etiam amet

Ullamcorper sem libero gravida orci venenatis senectus praesent per consectetur vitae torquent habitant proin accumsan augue mauris sagittis mauris volutpat mauris quam nisi suspendisse dis neque sociosqu inceptos tortor quis fusce senectus litora elementum phasellus suspendisse elementum malesuada vestibulum praesent at mauris scelerisque conubia euismod purus erat facilisi quam curae ut varius scelerisque egestas ut facilisi]]></wp:comment_content>
			<wp:comment_approved>1</wp:comment_approved>
			<wp:comment_type>st_reviews</wp:comment_type>
			<wp:comment_parent>0</wp:comment_parent>
			<wp:comment_user_id>0</wp:comment_user_id>
		</wp:comment>
		<wp:comment>
			<wp:comment_id>110</wp:comment_id>
			<wp:comment_author><![CDATA[admin]]></wp:comment_author>
			<wp:comment_author_email>test@gmail.com</wp:comment_author_email>
			<wp:comment_author_url></wp:comment_author_url>
			<wp:comment_author_IP>14.162.137.210</wp:comment_author_IP>
			<wp:comment_date>2015-01-12 08:33:26</wp:comment_date>
			<wp:comment_date_gmt>2015-01-12 08:33:26</wp:comment_date_gmt>
			<wp:comment_content><![CDATA["Feugiat eros blandit cum magnis fringilla condimentum"

Ac ullamcorper lectus cursus quisque ante phasellus magna erat tellus orci sapien sociis sodales lacinia fames gravida varius nostra proin consequat nunc felis facilisis accumsan tempus consectetur pretium hendrerit curae congue eget adipiscing laoreet tincidunt Metus feugiat dictum morbi sociis consectetur hac placerat tempor purus leo imperdiet taciti ante integer enim mi iaculis porttitor iaculis bibendum nascetur faucibus gravida elementum venenatis porta eros egestas ipsum sociis potenti quis est dignissim sapien

Ante habitasse primis commodo sit aenean ultrices pretium fames convallis proin eros dolor a ornare sed proin magna nostra vel nunc ut congue rutrum commodo dictumst congue turpis taciti neque auctor ipsum cubilia vestibulum vestibulum torquent parturient placerat et lectus nostra neque

Vehicula ornare purus ac litora nostra est sagittis sapien urna tortor eu inceptos placerat sollicitudin feugiat erat maecenas sollicitudin et sit interdum congue vel bibendum arcu habitasse pretium magnis mi scelerisque ipsum aliquam interdum dapibus id curae sapien pharetra]]></wp:comment_content>
			<wp:comment_approved>1</wp:comment_approved>
			<wp:comment_type>st_reviews</wp:comment_type>
			<wp:comment_parent>0</wp:comment_parent>
			<wp:comment_user_id>0</wp:comment_user_id>
		</wp:comment>
	</item>
	<item>
		<title>10 Days of Vacation in Florence Resorts</title>
		<link>http://shinetheme.com/demosd/traveler_demo/?st_tours=10-days-of-vacation-in-florence-resorts</link>
		<pubDate>Mon, 12 Jan 2015 08:59:24 +0000</pubDate>
		<dc:creator><![CDATA[admin]]></dc:creator>
		<guid isPermaLink="false">http://traveler.shinethemedev.com/wordpress/?post_type=st_tours&#038;p=1616</guid>
		<description></description>
		<content:encoded><![CDATA[Varius massa maecenas et id dictumst mattis. Donec fringilla ac parturient posuere id phasellus erat elementum nullam lacus cursus rhoncus parturient vitae praesent quisque nascetur molestie quis Varius massa maecenas et id dictumst mattis. Donec fringilla ac parturient posuere id phasellus erat elementum nullam lacus cursus rhoncus parturient vitae praesent quisque nascetur molestie quis]]></content:encoded>
		<excerpt:encoded><![CDATA[Varius massa maecenas et id dictumst mattis. Donec fringilla ac parturient posuere id phasellus erat elementum nullam lacus cursus rhoncus parturient vitae praesent quisque nascetur molestie quis]]></excerpt:encoded>
		<wp:post_id>1616</wp:post_id>
		<wp:post_date>2015-01-12 08:59:24</wp:post_date>
		<wp:post_date_gmt>2015-01-12 08:59:24</wp:post_date_gmt>
		<wp:comment_status>open</wp:comment_status>
		<wp:ping_status>open</wp:ping_status>
		<wp:post_name>10-days-of-vacation-in-florence-resorts</wp:post_name>
		<wp:status>publish</wp:status>
		<wp:post_parent>0</wp:post_parent>
		<wp:menu_order>0</wp:menu_order>
		<wp:post_type>st_tours</wp:post_type>
		<wp:post_password></wp:post_password>
		<wp:is_sticky>0</wp:is_sticky>
		<category domain="st_tour_type" nicename="city-trips"><![CDATA[City trips]]></category>
		<category domain="st_tour_type" nicename="ecotourism"><![CDATA[Ecotourism]]></category>
		<category domain="st_tour_type" nicename="escorted-tour"><![CDATA[Escorted Tour]]></category>
		<category domain="st_tour_type" nicename="group-tour"><![CDATA[Group Tour]]></category>
		<category domain="st_tour_type" nicename="ligula"><![CDATA[Ligula]]></category>
		<wp:postmeta>
			<wp:meta_key>rate_review</wp:meta_key>
			<wp:meta_value><![CDATA[0]]></wp:meta_value>
		</wp:postmeta>
		<wp:postmeta>
			<wp:meta_key>sale_price</wp:meta_key>
			<wp:meta_value><![CDATA[]]></wp:meta_value>
		</wp:postmeta>
		<wp:postmeta>
			<wp:meta_key>rate_review</wp:meta_key>
			<wp:meta_value><![CDATA[]]></wp:meta_value>
		</wp:postmeta>
		<wp:postmeta>
			<wp:meta_key>rate_review</wp:meta_key>
			<wp:meta_value><![CDATA[]]></wp:meta_value>
		</wp:postmeta>
		<wp:postmeta>
			<wp:meta_key>rate_review</wp:meta_key>
			<wp:meta_value><![CDATA[]]></wp:meta_value>
		</wp:postmeta>
		<wp:postmeta>
			<wp:meta_key>rate_review</wp:meta_key>
			<wp:meta_value><![CDATA[]]></wp:meta_value>
		</wp:postmeta>
		<wp:postmeta>
			<wp:meta_key>_thumbnail_id</wp:meta_key>
			<wp:meta_value><![CDATA[196]]></wp:meta_value>
		</wp:postmeta>
		<wp:postmeta>
			<wp:meta_key>is_featured</wp:meta_key>
			<wp:meta_value><![CDATA[off]]></wp:meta_value>
		</wp:postmeta>
		<wp:postmeta>
			<wp:meta_key>gallery_tyle</wp:meta_key>
			<wp:meta_value><![CDATA[grid]]></wp:meta_value>
		</wp:postmeta>
		<wp:postmeta>
			<wp:meta_key>id_location</wp:meta_key>
			<wp:meta_value><![CDATA[287]]></wp:meta_value>
		</wp:postmeta>
		<wp:postmeta>
			<wp:meta_key>gallery</wp:meta_key>
			<wp:meta_value><![CDATA[1546,1404,196,11,1602,1405,1601,1595,301,465,300,1550,1548,410,306,211]]></wp:meta_value>
		</wp:postmeta>
		<wp:postmeta>
			<wp:meta_key>contact_email</wp:meta_key>
			<wp:meta_value><![CDATA[abc@domain.com]]></wp:meta_value>
		</wp:postmeta>
		<wp:postmeta>
			<wp:meta_key>description</wp:meta_key>
			<wp:meta_value><![CDATA[All brand icons are trademarks of their respective owners.
The use of these trademarks does not indicate endorsement of the trademark holder by Font Awesome, nor vice versa.

]]></wp:meta_value>
		</wp:postmeta>
		<wp:postmeta>
			<wp:meta_key>post_views_count</wp:meta_key>
			<wp:meta_value><![CDATA[]]></wp:meta_value>
		</wp:postmeta>
		<wp:postmeta>
			<wp:meta_key>tour_min_price</wp:meta_key>
			<wp:meta_value><![CDATA[500]]></wp:meta_value>
		</wp:postmeta>
		<wp:postmeta>
			<wp:meta_key>min_price</wp:meta_key>
			<wp:meta_value><![CDATA[]]></wp:meta_value>
		</wp:postmeta>
		<wp:postmeta>
			<wp:meta_key>map_zoom</wp:meta_key>
			<wp:meta_value><![CDATA[13]]></wp:meta_value>
		</wp:postmeta>
		<wp:postmeta>
			<wp:meta_key>video</wp:meta_key>
			<wp:meta_value><![CDATA[https://www.youtube.com/watch?v=AmZ0WrEaf34]]></wp:meta_value>
		</wp:postmeta>
		<wp:postmeta>
			<wp:meta_key>gallery_style</wp:meta_key>
			<wp:meta_value><![CDATA[grid]]></wp:meta_value>
		</wp:postmeta>
		<wp:postmeta>
			<wp:meta_key>price</wp:meta_key>
			<wp:meta_value><![CDATA[586]]></wp:meta_value>
		</wp:postmeta>
		<wp:postmeta>
			<wp:meta_key>max_people</wp:meta_key>
			<wp:meta_value><![CDATA[2]]></wp:meta_value>
		</wp:postmeta>
		<wp:postmeta>
			<wp:meta_key>duration_day</wp:meta_key>
			<wp:meta_value><![CDATA[10]]></wp:meta_value>
		</wp:postmeta>
		<wp:postmeta>
			<wp:meta_key>address</wp:meta_key>
			<wp:meta_value><![CDATA[Champs-Elysées, Paris France]]></wp:meta_value>
		</wp:postmeta>
		<wp:postmeta>
			<wp:meta_key>map_lat</wp:meta_key>
			<wp:meta_value><![CDATA[48.871903]]></wp:meta_value>
		</wp:postmeta>
		<wp:postmeta>
			<wp:meta_key>map_lng</wp:meta_key>
			<wp:meta_value><![CDATA[2.303156]]></wp:meta_value>
		</wp:postmeta>
		<wp:postmeta>
			<wp:meta_key>tours_program</wp:meta_key>
			<wp:meta_value><![CDATA[]]></wp:meta_value>
		</wp:postmeta>
		<wp:postmeta>
			<wp:meta_key>st_custom_layout</wp:meta_key>
			<wp:meta_value><![CDATA[1118]]></wp:meta_value>
		</wp:postmeta>
		<wp:postmeta>
			<wp:meta_key>_dp_original</wp:meta_key>
			<wp:meta_value><![CDATA[1610]]></wp:meta_value>
		</wp:postmeta>
		<wp:postmeta>
			<wp:meta_key>_alp_processed</wp:meta_key>
			<wp:meta_value><![CDATA[1423026217]]></wp:meta_value>
		</wp:postmeta>
		<wp:postmeta>
			<wp:meta_key>is_sale_schedule</wp:meta_key>
			<wp:meta_value><![CDATA[off]]></wp:meta_value>
		</wp:postmeta>
		<wp:postmeta>
			<wp:meta_key>check_in</wp:meta_key>
			<wp:meta_value><![CDATA[2015-02-04]]></wp:meta_value>
		</wp:postmeta>
		<wp:postmeta>
			<wp:meta_key>check_out</wp:meta_key>
			<wp:meta_value><![CDATA[2015-02-19]]></wp:meta_value>
		</wp:postmeta>
		<wp:postmeta>
			<wp:meta_key>sale_price</wp:meta_key>
			<wp:meta_value><![CDATA[586]]></wp:meta_value>
		</wp:postmeta>
		<wp:comment>
			<wp:comment_id>48</wp:comment_id>
			<wp:comment_author><![CDATA[admin]]></wp:comment_author>
			<wp:comment_author_email>test@gmail.com</wp:comment_author_email>
			<wp:comment_author_url></wp:comment_author_url>
			<wp:comment_author_IP>14.162.137.210</wp:comment_author_IP>
			<wp:comment_date>2015-01-12 08:59:33</wp:comment_date>
			<wp:comment_date_gmt>2015-01-12 08:59:33</wp:comment_date_gmt>
			<wp:comment_content><![CDATA["Mus mauris vel tristique"

Nascetur mollis aptent mollis ullamcorper vestibulum eget nulla laoreet rhoncus arcu tempus luctus interdum parturient metus torquent taciti nibh etiam ac nibh vivamus hac Phasellus nec inceptos luctus elit et vehicula tellus mus parturient egestas elementum vehicula dignissim felis sem est suscipit senectus facilisis suspendisse condimentum sociosqu urna nascetur ullamcorper vehicula justo primis quis enim vivamus dis nisi gravida fusce

Faucibus tristique felis potenti ultrices ornare rhoncus semper hac facilisi rutrum tellus lorem sem velit nisi non pharetra in dui nostra sodales pharetra lacus sit sapien tristique luctus class magnis per auctor quis interdum arcu lacus parturient mattis phasellus est cubilia est

Nulla sed aptent ornare lobortis rhoncus pulvinar consectetur feugiat hendrerit aliquet ornare rutrum fermentum facilisis posuere urna suscipit hac est hendrerit phasellus natoque sapien dictumst adipiscing rhoncus erat vitae nibh facilisis consequat sociis nulla accumsan hac habitasse sem elementum laoreet nunc inceptos sociosqu]]></wp:comment_content>
			<wp:comment_approved>1</wp:comment_approved>
			<wp:comment_type>st_reviews</wp:comment_type>
			<wp:comment_parent>0</wp:comment_parent>
			<wp:comment_user_id>0</wp:comment_user_id>
		</wp:comment>
	</item>
</channel>
</rss>
